KCET_Score,PUC_Physics,PUC_Chemistry,PUC_Mathematics,Rank
102,86,49,95,21284
102,58,37,56,10769
87,64,72,36,15311
20,67,92,56,180608
58,76,94,49,115725
174,96,85,89,343
63,37,85,41,137313
131,94,48,43,33897
52,36,94,78,67159
174,69,70,84,4943
131,36,40,88,23417
3,88,97,52,87065
13,82,49,96,105591
81,87,58,60,31243
123,75,63,49,12568
87,35,42,97,15258
80,42,69,69,179312
122,39,75,62,32662
71,46,68,67,139135
150,96,71,78,9154
34,99,81,37,148806
141,61,43,49,32361
41,85,97,86,160687
131,57,49,77,43827
12,66,93,62,93585
169,79,96,91,3693
27,62,78,64,68047
91,96,35,61,16776
115,37,61,43,13748
50,78,58,93,143557
159,86,96,92,2291
38,36,37,90,143264
112,36,36,88,10854
128,53,36,87,48559
159,89,90,51,9958
37,58,45,50,143384
123,93,37,54,12811
163,53,53,54,3911
51,67,74,73,150689
103,35,45,91,49384
177,57,65,76,1262
143,94,36,35,48191
139,71,66,43,17400
98,53,82,37,14499
151,88,67,58,2648
163,72,59,52,5973
81,100,88,69,38643
160,67,48,55,5911
147,42,41,51,14735
32,82,93,56,187965
157,72,85,88,6895
26,61,55,64,147888
27,98,95,82,95714
3,69,98,83,155983
16,78,64,80,86212
5,71,58,80,376308
94,94,97,66,16102
160,52,59,88,1569
66,80,58,66,54014
85,57,100,61,20729
129,51,67,43,22533
175,73,76,60,6986
49,59,58,47,160627
172,54,99,42,7655
143,48,49,100,6919
85,85,59,92,32677
57,92,83,86,14777
69,49,88,94,37236
7,87,94,39,137235
5,81,89,74,123523
143,47,64,53,31136
119,97,53,92,35945
116,96,57,43,44699
128,92,35,68,17805
117,82,35,50,23500
68,56,60,50,119042
85,91,63,81,23296
93,96,50,82,39222
99,67,57,44,24069
68,68,86,44,73289
146,92,35,38,3839
79,36,66,58,61938
123,67,67,95,45506
170,46,99,67,4913
42,78,63,47,88494
45,36,69,42,138668
153,68,41,92,8668
113,63,70,55,33548
163,44,58,98,3786
176,70,58,57,8357
36,46,89,47,162856
98,64,51,96,10728
85,47,93,53,23923
139,95,53,43,3502
27,86,50,46,192202
52,57,50,91,51062
108,87,76,92,21174
141,39,69,52,47614
75,43,92,51,51542
173,47,74,76,7938
121,100,39,63,36962
135,99,51,79,4141
158,53,95,88,5186
89,53,73,79,14748
125,92,54,95,4072
130,96,97,59,1823
160,72,40,92,4627
172,66,79,95,5910
148,70,53,54,7190
48,48,49,65,160133
117,37,50,91,17114
11,50,58,62,319156
7,70,42,92,305787
177,62,75,98,7042
144,67,63,47,2581
34,40,81,59,179473
9,90,64,39,201015
32,99,52,83,178778
84,60,97,93,16938
176,67,35,55,9175
54,40,39,37,100612
22,87,71,51,171288
109,35,85,79,27100
3,96,99,66,142193
91,73,60,68,38538
49,46,99,88,123963
132,91,51,81,2252
84,48,100,85,25781
37,84,64,85,125745
51,72,64,85,93088
132,63,38,44,29856
73,51,68,40,64388
125,77,57,89,25183
94,50,42,38,175827
24,61,66,84,78732
121,85,53,55,31508
91,76,95,56,23716
69,35,39,46,199849
45,68,83,79,73624
25,81,90,97,168831
60,60,70,35,177600
98,86,81,90,18717
27,36,60,48,346106
55,41,37,57,134717
106,52,72,49,18152
118,62,73,91,39926
85,78,59,51,13596
24,44,52,68,212910
7,74,76,75,98447
58,67,87,56,166421
69,38,96,96,20589
94,58,89,43,23046
130,65,74,70,19111
5,100,38,40,331189
112,85,96,91,5289
78,42,60,85,32700
43,39,60,53,177534
0,48,98,72,201828
125,45,37,67,10009
4,57,44,78,239809
12,74,36,99,182414
100,51,43,49,24231
37,69,83,96,62219
177,43,68,69,3560
39,98,56,94,187023
92,45,48,94,33325
34,71,39,60,175501
131,76,52,74,19510
103,48,66,85,17804
165,57,97,49,3712
144,100,87,85,2970
133,41,85,76,6567
14,63,67,61,298723
156,72,91,61,1950
32,100,44,39,96197
37,47,65,81,121907
108,86,90,49,45996
135,39,63,81,28755
75,79,36,61,197550
114,70,70,60,44884
147,45,72,40,22999
22,81,80,46,123319
110,94,77,39,48727
126,65,43,85,49964
39,75,45,57,84560
45,55,70,88,167718
56,35,97,88,169719
142,55,81,87,9393
179,91,60,75,8970
62,59,72,36,58070
161,51,77,93,5971
178,88,58,59,2990
179,67,83,63,5757
153,62,83,83,5243
117,97,95,83,5422
0,47,85,90,389138
61,66,64,63,140397
143,74,53,52,1768
77,81,100,72,35522
62,38,35,42,179948
54,37,66,44,181026
109,68,89,66,29846
92,42,99,91,20998
66,93,88,85,34160
91,42,68,69,44911
87,66,80,50,31389
54,82,41,41,66032
150,53,53,70,2308
81,36,35,81,73236
147,45,36,46,24596
36,72,43,87,188155
98,58,64,93,34557
127,48,43,74,46801
24,56,38,60,326678
36,52,76,75,81653
33,51,71,59,171829
121,61,91,65,27029
167,46,87,44,3969
121,80,98,36,45835
53,99,85,87,21555
114,60,63,55,34063
163,93,73,88,5150
110,58,56,90,31792
35,54,96,60,182596
72,74,51,35,84008
60,77,76,59,63350
34,37,78,85,70581
97,46,53,78,14090
48,95,51,91,144006
46,46,96,42,193326
148,59,46,49,35064
108,60,81,66,47641
15,51,57,60,256276
85,41,48,41,192194
175,93,73,52,2466
102,51,48,65,45435
44,37,71,77,184055
107,73,49,38,25317
152,47,67,50,9684
169,100,89,76,1545
157,47,47,52,4810
122,73,80,63,39629
61,91,50,90,133691
120,44,64,59,34574
102,39,99,83,12050
172,48,64,52,5388
152,82,99,87,9173
72,49,83,46,93001
36,95,77,73,174343
62,80,45,96,84636
152,86,38,93,8827
92,97,88,91,27320
2,40,39,39,273781
46,83,43,54,199369
60,69,84,96,34578
159,47,48,45,2640
66,63,43,59,138801
75,76,43,74,92520
4,45,93,72,352826
132,82,52,71,4020
27,74,79,96,52396
114,92,90,74,40561
39,67,40,53,69623
91,93,93,82,28088
12,79,87,76,136206
154,72,94,41,1556
57,65,57,76,155865
159,87,64,73,4998
81,36,46,73,125713
12,80,61,51,363038
97,94,98,69,11007
69,64,97,62,43339
78,71,56,54,133807
67,98,51,46,173797
144,44,99,56,5569
119,84,48,98,34860
163,86,41,63,8813
110,66,85,92,40678
25,80,63,38,195360
98,47,73,49,45612
156,66,36,81,4155
21,61,90,55,98901
146,91,37,35,1933
14,68,95,69,76431
24,58,46,52,369230
26,94,80,51,189783
78,61,80,84,40707
130,98,78,87,6655
59,37,54,80,50526
152,51,43,72,8099
62,36,45,98,135708
71,55,52,98,133309
94,72,66,45,31804
32,75,42,45,119298
87,75,51,80,48559
79,88,54,67,18905
167,66,36,67,2949
160,60,56,100,8014
89,80,49,78,16090
60,40,43,40,167832
102,66,75,42,46679
177,96,96,41,1458
83,38,40,92,131941
153,37,75,94,5109
11,46,47,59,279148
121,53,89,79,28311
118,87,89,66,34363
81,52,56,71,12920
58,37,62,69,66309
96,41,83,65,10956
23,54,71,38,225963
125,54,94,58,25282
95,70,100,68,21171
5,73,76,92,92229
124,46,37,52,29342
98,60,42,76,10525
77,36,71,72,175932
40,96,94,48,85046
83,36,51,62,117649
162,39,99,74,5555
163,79,57,81,7430
138,44,48,44,21083
93,35,39,54,129530
0,91,98,62,85946
164,81,71,83,4568
119,78,90,62,27774
133,95,54,36,10968
36,54,60,63,182130
58,67,85,46,169273
19,87,77,84,111212
38,90,77,84,59110
171,72,57,79,2969
123,42,35,42,33196
95,39,81,68,48006
170,64,51,60,4719
46,80,67,35,129134
141,87,82,96,4291
62,67,75,82,168516
76,65,38,53,86321
81,47,57,35,182439
53,49,99,49,190180
146,94,67,83,9927
34,78,45,100,127576
2,60,82,100,81348
153,59,46,39,5399
36,78,49,77,128714
170,55,57,81,6243
142,59,70,85,1140
18,68,86,61,194539
34,42,50,70,158177
1,83,38,41,314014
107,73,47,65,13654
55,76,95,76,169735
35,41,88,35,121031
172,81,47,56,8285
20,43,60,43,281929
121,76,58,83,45993
90,71,84,58,46451
59,73,52,53,131571
68,81,83,67,27014
148,56,82,71,1987
159,45,44,91,8421
152,36,98,69,5358
84,52,76,73,42496
23,94,80,53,88467
101,76,66,73,49532
35,70,37,42,104624
122,75,47,83,13713
4,78,61,66,345556
7,84,78,92,124069
69,36,78,36,175541
34,64,42,56,145673
35,65,81,89,50207
105,96,64,89,13083
144,50,46,42,49891
2,50,64,57,302747
114,39,99,64,42916
83,56,66,67,21023
37,48,70,57,174481
104,36,99,86,28073
54,40,69,56,115450
142,94,46,83,9785
172,69,64,64,8629
133,41,86,48,18264
142,55,69,100,8002
129,69,54,44,15656
24,88,67,70,55901
64,88,86,37,73429
24,47,42,55,217347
24,79,94,46,57967
127,47,65,54,45262
133,66,77,36,47947
150,65,39,68,7488
129,45,84,65,40158
82,43,55,62,78141
114,41,50,38,44406
39,51,86,86,148723
123,72,84,97,8870
61,41,61,48,81174
85,39,89,36,113037
148,55,44,92,7007
166,39,99,47,7356
180,79,66,70,9656
138,97,55,86,6887
116,60,68,86,47487
81,86,63,72,40911
16,43,75,35,395713
59,82,63,44,140353
57,94,55,62,177734
33,42,93,83,57099
86,79,66,78,32614
100,42,77,35,17788
178,58,58,51,2668
147,55,92,65,1365
138,86,49,41,38138
4,39,42,98,378313
37,42,59,100,147661
67,75,96,44,84964
163,46,36,47,7303
94,50,66,66,39921
10,44,49,51,389351
145,89,59,93,5941
123,56,64,78,37935
178,80,55,66,6341
118,73,46,81,44964
140,55,42,80,33911
134,57,56,56,33387
28,47,36,63,319246
179,61,84,57,5183
43,56,77,71,117260
96,90,37,97,28037
18,57,63,64,336998
107,59,42,92,46495
71,35,39,37,88787
103,98,44,55,46735
45,61,100,75,117695
12,43,70,92,191877
11,48,68,87,289464
19,50,90,92,150483
110,38,54,44,11013
153,71,88,55,6891
56,79,54,51,77766
70,38,48,37,197159
79,92,89,38,46727
23,68,64,53,159458
48,97,56,58,92092
75,64,92,65,20258
175,79,89,89,580
145,97,81,91,2019
117,79,67,51,44051
147,81,49,81,3125
123,43,50,95,18329
49,37,85,53,133369
34,80,60,98,72436
48,55,98,39,158899
69,38,73,69,144848
23,91,75,88,67069
59,94,91,65,11619
151,70,64,58,5713
157,41,69,89,4291
13,44,50,88,340905
69,78,79,90,40314
83,91,55,84,46768
6,49,66,54,265428
169,60,48,91,5260
57,55,37,71,147239
48,53,46,95,140536
160,84,67,58,1572
97,62,92,77,31008
97,99,39,36,24357
111,91,100,50,40575
178,73,74,72,5666
137,98,97,83,6055
31,41,55,54,113870
67,49,48,61,77624
167,92,62,60,5976
65,59,37,78,73648
41,40,73,86,138664
122,84,77,53,16852
50,45,46,42,172775
40,70,89,43,87991
41,94,46,36,87711
130,37,61,74,16629
160,35,42,66,1687
106,38,53,66,25149
118,50,35,97,41852
118,55,64,47,11283
155,93,61,59,7274
96,59,54,68,34217
125,39,95,43,19587
177,40,94,78,8544
138,100,81,37,1587
29,55,62,96,145648
162,86,68,75,7450
174,92,91,57,7416
68,45,49,69,179295
161,100,74,62,2958
147,35,97,38,1441
152,81,72,49,8358
20,91,87,80,189251
141,51,73,43,39516
114,40,57,93,27761
119,80,72,48,12659
71,96,69,53,48429
77,59,74,48,84518
149,82,85,37,6394
27,79,97,53,102142
141,72,87,95,3723
167,64,43,98,7816
119,86,48,87,21240
77,75,42,36,131768
124,75,89,50,45292
61,82,64,46,116314
63,84,55,82,108643
100,78,67,95,40600
67,69,99,42,82174
167,88,80,81,1526
104,53,60,86,33132
149,55,85,72,4740
178,38,89,62,1771
149,79,100,68,3394
104,35,72,40,12261
152,51,95,46,9921
26,42,99,91,92604
98,74,48,69,27839
83,90,83,47,31180
48,80,96,42,146038
84,83,98,96,41337
106,88,43,71,14912
40,51,55,85,164598
40,73,47,98,131554
138,80,79,35,9210
75,95,46,95,13311
160,79,42,59,9365
86,64,81,83,32190
83,52,100,67,34995
81,53,62,74,23395
112,49,75,73,15889
28,100,85,44,124637
50,73,62,37,110058
116,36,72,37,16031
93,74,36,75,38669
11,69,99,89,117534
100,96,83,59,17446
151,72,62,55,2130
145,70,79,87,4259
107,66,62,78,49758
40,97,57,82,125769
56,67,58,73,151665
155,71,41,71,5928
46,54,53,63,167961
145,69,77,45,2829
63,42,68,82,141575
64,65,38,84,188141
119,93,79,38,17597
106,98,85,84,28693
58,49,64,76,183241
124,71,76,69,37734
133,52,63,93,6619
144,56,71,83,2932
161,87,85,37,2439
108,85,80,55,18491
138,35,97,58,7626
140,45,85,51,4170
81,58,53,71,28951
27,39,51,70,142021
146,98,45,88,2708
46,46,55,45,76086
4,90,54,75,266093
11,51,53,60,330351
107,86,89,67,23527
150,49,61,98,3808
178,87,85,81,850
3,41,69,82,325438
72,79,53,97,31826
68,47,81,95,36910
113,56,77,88,29337
41,98,55,100,193016
151,69,90,64,5152
46,69,53,42,134761
112,64,41,99,13363
24,71,35,49,320356
140,42,39,94,17295
126,35,70,69,20433
103,57,43,68,18605
101,37,48,94,20207
33,79,95,50,130807
144,68,50,94,7465
12,90,65,68,118487
119,89,61,87,38454
64,51,64,87,172258
52,53,91,59,66566
22,66,96,44,139571
53,86,54,66,193217
13,84,62,87,64743
78,56,64,97,28691
58,42,46,65,193309
33,83,91,60,100961
95,72,84,42,32440
133,78,98,63,9859
138,99,53,43,6793
171,49,85,47,3224
111,90,85,71,42441
156,67,94,89,7318
22,55,47,67,298826
16,81,59,55,66211
139,71,76,51,2124
47,62,75,81,117055
145,47,47,65,25233
15,43,72,88,177927
99,79,68,43,28135
7,41,70,52,354626
27,78,55,62,97591
53,88,99,55,76672
117,88,44,87,12100
73,80,47,71,68199
1,48,44,69,224472
130,51,46,88,34087
28,77,59,94,65193
64,62,50,81,126240
103,92,61,87,15818
174,68,71,40,5063
152,67,89,92,3566
56,46,50,77,102870
110,85,66,42,37606
44,93,38,63,156984
156,62,78,38,6223
136,39,90,84,7683
21,51,93,91,163688
137,79,45,87,7599
103,62,99,83,42430
51,88,94,91,28990
158,80,60,39,8763
51,88,67,84,97118
60,55,80,40,94605
85,96,80,47,11757
2,40,42,78,331564
107,67,84,45,23979
69,75,50,82,123402
89,96,45,52,49954
54,60,40,38,75372
58,51,77,100,100081
7,47,42,99,387818
38,93,78,43,134388
73,70,62,76,29710
170,76,100,89,6722
21,61,47,79,193369
8,88,61,68,178498
128,66,54,69,13696
102,51,52,79,14956
180,99,35,92,9345
108,54,44,93,19256
104,39,99,51,44540
168,45,90,85,1660
98,60,53,94,24534
46,60,74,39,111844
131,57,49,42,49464
111,53,80,62,38152
67,49,71,35,141502
23,61,74,97,65523
23,58,38,68,322808
176,87,57,87,8997
168,91,94,88,6445
100,91,44,74,32918
102,72,95,37,48578
85,81,72,70,29624
140,92,84,64,3749
100,59,61,85,26589
125,81,73,50,37127
21,88,55,50,160138
30,76,66,93,128077
8,45,44,51,278958
152,55,99,97,3610
35,100,49,73,141118
150,73,91,68,1680
72,47,40,86,182610
80,97,83,81,36732
64,49,66,52,91328
82,77,69,92,36400
13,68,95,38,288791
58,63,40,83,153591
82,99,61,40,43767
12,98,96,53,85531
79,77,54,78,37798
1,56,91,41,327426
113,50,85,46,29581
52,39,61,46,116960
133,39,91,62,16989
68,93,67,96,26402
122,100,81,73,9643
32,47,88,41,131486
13,53,88,54,289116
23,97,91,42,154092
16,100,40,92,145556
155,96,75,75,4802
176,37,44,69,9399
1,58,72,56,290265
170,89,73,63,2518
19,75,88,54,111842
83,100,64,87,29233
149,40,61,44,22360
95,82,93,93,28689
156,99,60,44,5757
178,82,55,56,9801
157,59,62,99,5396
67,41,83,43,115618
128,44,70,80,22905
159,66,40,82,6285
144,61,88,84,4490
84,59,62,49,39315
92,61,60,53,39943
91,51,77,75,20409
177,74,73,57,2134
179,81,97,77,901
39,95,84,96,136346
15,82,44,72,186355
62,80,37,99,51014
119,42,85,40,34170
88,73,94,62,29296
36,43,90,93,151121
57,94,74,70,180299
106,71,52,97,20751
138,92,91,38,9326
60,88,35,89,85842
165,35,72,63,1644
91,55,81,69,22356
128,46,94,61,36935
22,59,55,95,176270
121,86,59,89,12591
54,39,70,83,131257
57,73,95,43,67413
108,69,73,56,45240
117,39,76,64,16968
126,63,71,47,33199
45,57,79,51,159814
103,100,40,52,23917
149,67,64,66,8081
121,44,70,68,36829
166,81,53,49,4453
155,58,43,81,4360
18,74,81,99,186690
140,35,68,82,1238
47,83,98,95,87158
127,60,51,47,25810
6,92,83,87,50192
61,51,77,59,173130
130,63,66,60,40075
143,59,88,62,3679
55,99,75,85,16773
156,53,100,75,5994
138,87,80,64,3104
145,85,82,100,4719
21,40,91,70,168094
115,91,83,79,46945
65,79,54,98,43402
66,37,88,98,24394
61,38,94,64,118842
129,96,83,43,1670
123,95,82,59,6255
57,79,96,73,61577
98,98,78,63,45386
70,43,40,63,158944
143,37,55,98,9995
61,76,76,95,49178
53,50,42,93,88712
39,93,36,44,160986
79,36,84,46,99522
89,57,52,96,41455
112,96,72,72,22226
60,35,79,62,115133
12,61,41,56,328585
180,38,57,67,9960
164,97,56,55,9799
162,39,94,80,1689
175,40,90,93,9092
103,52,36,42,12378
124,72,82,61,37923
139,77,95,65,7623
60,69,49,50,113344
34,93,55,88,129818
157,82,69,72,1919
113,83,66,89,40926
98,37,44,59,42835
60,63,53,77,83340
170,59,54,82,3258
86,58,45,89,13262
58,39,85,55,80257
131,76,72,59,35613
31,45,95,52,69610
54,88,55,78,86182
168,93,88,56,7982
3,99,49,56,341013
174,80,48,84,5529
111,67,93,77,31259
39,54,72,37,184327
89,47,100,71,35520
65,70,88,60,158106
107,74,77,56,24995
7,63,74,64,298000
127,89,50,80,23117
6,79,93,90,109546
180,69,85,71,2257
118,91,42,54,24715
52,46,83,51,85903
41,63,53,45,133014
107,92,68,54,14145
101,44,66,86,29539
130,71,74,74,5331
55,57,45,98,75479
92,90,94,44,46902
27,83,70,47,66351
35,60,38,98,62453
126,56,36,65,33926
10,80,96,98,95541
9,74,58,78,285103
59,96,51,99,29702
56,89,87,90,37413
140,82,52,74,9080
142,49,97,73,8692
80,66,43,74,41379
81,97,78,72,27618
70,82,52,50,94739
88,96,47,40,47842
76,94,48,88,32523
38,59,66,93,53262
165,87,62,37,7901
149,72,96,91,5482
75,83,93,65,22100
51,75,65,56,171219
12,79,76,83,91235
80,88,70,35,43678
16,58,92,57,127485
71,42,93,93,34486
155,95,50,36,1721
144,64,47,47,39866
93,55,89,74,16771
142,86,87,86,8069
160,91,86,43,2717
110,35,78,43,46639
14,46,91,42,388487
154,96,46,99,4303
41,96,45,77,163502
16,66,74,57,63233
101,71,98,88,48599
176,45,83,55,8282
62,62,51,40,192482
27,100,72,71,172226
67,83,77,70,39964
51,92,66,94,75954
103,90,62,35,11961
47,74,97,38,70389
154,43,50,90,8755
30,48,59,68,55698
151,60,54,98,9002
151,39,92,61,1270
162,87,78,60,7305
94,84,46,38,30566
175,89,35,100,5765
130,55,83,96,3044
115,72,49,86,35901
24,55,39,81,183059
90,52,55,57,20377
88,86,95,98,44820
121,87,89,71,5538
101,93,36,99,24011
50,64,45,73,60956
122,97,98,95,8036
121,92,90,68,7686
51,35,89,56,136567
100,35,99,97,16837
169,55,56,72,3028
7,96,81,51,109993
140,51,72,79,3821
162,48,95,49,4580
26,47,65,69,190347
5,92,83,57,122920
161,60,81,39,1985
19,40,93,98,138209
131,51,48,47,24719
43,49,53,97,74042
162,69,53,54,2635
162,66,82,78,2895
151,95,51,84,6184
98,66,70,47,19343
141,71,74,93,5827
143,96,38,79,3284
30,37,42,58,376298
158,79,100,42,7726
107,91,64,52,41601
116,73,94,77,29094
93,40,90,38,13164
150,40,66,52,2447
121,40,97,45,14906
144,38,97,75,1725
34,56,99,56,195263
10,37,43,94,333195
86,48,52,57,128537
82,81,81,64,45739
111,59,92,75,43816
77,82,44,45,100772
148,79,41,98,3941
63,36,76,88,110410
74,50,52,93,51881
143,40,91,81,9430
47,76,94,38,186949
129,93,61,61,5686
71,41,97,80,31054
123,46,47,77,10016
62,70,42,70,144837
92,81,64,57,32927
13,86,71,63,119518
174,80,86,53,5713
20,98,71,61,180035
28,54,59,97,53969
149,50,52,88,4939
29,79,53,68,114140
170,96,56,86,1931
72,53,72,91,27695
131,84,39,54,33165
74,71,56,92,40497
76,76,43,41,185747
146,65,69,91,6308
158,87,66,100,5282
115,44,36,100,45131
16,50,50,80,345830
158,35,45,38,34881
139,99,81,87,7761
129,58,38,53,49321
39,84,77,46,183609
26,88,100,83,195281
59,88,64,72,152171
24,44,94,76,170544
76,76,81,71,27653
21,91,61,75,144543
161,66,100,46,6543
72,44,82,54,168843
65,99,85,70,23210
129,65,91,100,8452
14,46,62,58,293076
137,52,48,68,15247
57,56,70,79,129267
21,95,90,67,77564
163,54,52,72,9386
150,50,93,55,6874
139,50,48,95,4629
31,49,78,51,56638
43,39,61,77,181936
30,51,88,96,119590
31,74,47,69,98924
69,59,56,100,24252
68,35,78,73,185150
53,63,88,50,155058
19,80,99,92,139524
110,35,100,63,17493
7,63,85,67,247234
162,54,73,38,1242
18,79,77,47,198955
51,87,77,76,67241
114,60,57,77,43691
136,54,90,73,7578
11,89,45,60,246121
154,45,72,77,4346
133,80,76,99,2466
51,81,41,45,138422
60,59,46,60,51893
109,46,77,85,44420
164,80,87,47,9792
124,88,91,38,19290
48,41,45,88,155686
172,57,62,91,5633
152,88,63,70,3381
34,64,51,64,85315
92,79,85,81,25540
63,72,98,41,147557
80,75,44,91,10390
124,84,86,67,3560
180,94,68,38,1643
170,38,35,84,5386
7,58,70,84,208947
122,77,61,66,10507
156,50,81,93,5516
16,73,82,80,78633
175,73,38,64,8837
21,100,46,70,145761
89,87,35,92,20073
86,40,78,58,34594
100,52,64,76,12080
11,61,73,43,348725
148,63,67,96,9462
1,86,78,88,140385
2,41,77,72,303844
160,93,45,56,2473
171,40,76,59,7646
84,89,50,48,15798
155,85,83,43,5524
149,66,76,87,9671
73,73,49,63,101322
110,37,44,63,25310
34,40,46,72,147628
146,42,42,81,7019
178,79,42,50,6452
8,94,49,75,94439
112,78,35,44,19706
109,90,84,46,42088
153,75,70,57,6649
140,77,62,52,2342
91,85,90,61,30590
136,80,60,42,24287
23,82,79,47,90644
24,54,100,79,119806
62,89,53,69,190262
52,60,48,79,59943
50,77,57,90,155973
18,89,94,93,184034
27,86,83,71,195817
98,74,72,88,24997
15,62,69,94,58876
45,89,60,59,168248
64,40,57,98,182447
157,52,55,91,6014
90,79,78,81,39351
178,76,41,84,3387
90,40,43,91,12580
89,74,79,83,24678
147,51,62,75,2985
24,92,75,40,155468
37,40,79,48,52881
167,37,58,53,7079
115,69,96,35,32499
152,79,83,50,1220
146,57,59,50,8349
72,35,76,53,87344
161,89,52,68,9536
124,79,40,55,15753
69,82,73,65,11001
9,64,52,94,292759
124,49,38,97,11191
8,43,60,38,227856
15,49,86,39,266323
78,52,36,47,155219
169,95,42,97,8533
8,45,76,47,389603
119,47,46,71,39769
72,86,36,90,27174
102,74,98,57,10178
88,65,84,54,12795
129,59,47,92,39265
74,98,93,94,10893
110,96,50,49,11515
34,89,48,83,55586
101,41,64,83,42728
143,85,76,51,3220
6,61,44,68,272227
152,40,58,52,7358
133,63,59,89,8037
27,37,72,95,187293
178,82,55,88,2894
58,85,54,93,145558
136,35,63,97,2335
34,37,41,61,100906
171,75,76,67,9881
62,71,93,82,27796
47,37,81,96,58802
115,48,97,95,39086
94,51,58,57,48737
49,61,49,84,171635
7,37,96,81,286988
104,95,66,47,46942
77,65,98,59,31029
13,42,88,36,344740
88,90,95,56,24626
15,84,77,51,112287
129,38,73,40,20832
68,54,98,50,97922
104,71,76,91,34426
99,98,56,68,19637
109,52,99,35,10215
131,38,61,77,44335
160,62,89,94,3365
33,90,47,90,194401
112,77,73,95,33185
150,88,64,92,4779
66,52,41,74,163221
67,83,86,63,45289
77,43,81,76,42439
178,54,61,72,1240
112,58,81,97,46536
59,96,64,56,128282
125,63,75,76,29041
30,64,52,51,169181
109,90,56,90,44678
146,91,78,69,2916
128,86,71,99,1178
128,55,87,50,18683
122,95,88,74,7681
79,99,98,77,42016
120,93,57,41,14011
180,68,80,50,9518
95,53,36,44,74700
80,46,56,66,93880
83,35,88,92,40930
145,40,79,57,7678
153,41,78,61,7937
96,70,89,98,48106
68,95,36,89,24201
96,72,63,60,45228
33,75,75,57,126290
57,66,65,77,76502
104,35,95,48,27587
5,44,64,55,386493
96,97,76,85,24271
55,75,66,49,193933
154,62,98,93,5593
129,70,47,49,30056
21,97,59,82,136442
116,72,75,79,26727
167,51,91,36,6471
120,96,43,51,33345
111,74,92,55,22982
156,58,51,52,1495
100,79,51,48,42924
131,54,81,43,21468
78,61,49,53,102057
179,60,60,60,8853
91,83,87,37,21049
18,51,67,83,107986
106,83,89,60,29810
51,41,80,80,83980
53,96,35,83,65896
9,50,92,63,335654
91,40,50,54,129183
70,77,60,67,103785
120,79,97,86,1067
153,36,48,64,6680
139,78,67,47,4661
125,60,55,62,42559
167,100,57,82,6499
129,54,93,80,5994
11,74,100,50,159906
161,78,40,98,1277
17,46,86,85,156471
70,82,53,40,150435
154,87,82,41,9634
68,45,49,98,193737
68,57,87,71,165720
14,37,51,60,329863
148,45,72,69,5726
13,48,44,46,200363
118,68,75,44,11936
144,96,35,46,5611
169,47,38,53,1641
11,40,42,85,326218
126,46,36,42,26121
138,87,44,42,33331
105,48,88,55,28667
49,73,54,41,63440
153,72,72,95,3603
73,96,40,51,58433
37,58,85,44,163783
148,91,73,67,9119
56,82,76,61,172989
179,76,66,60,9216
74,57,91,86,39148
30,98,67,36,128353
174,67,69,85,8164
145,64,78,87,9534
179,83,45,100,4257
163,67,81,47,6720
67,76,53,53,157798
53,99,46,58,83313
52,42,52,91,146367
4,60,64,88,225938
28,37,92,36,165819
155,36,41,60,4159
15,57,74,94,93790
140,39,86,75,6812
109,84,49,41,47927
155,66,49,99,7154
107,60,95,71,32356
167,57,50,95,9446
67,65,87,59,156379
89,43,46,88,29187
27,90,92,76,149508
32,90,85,77,154824
142,72,49,39,18412
82,88,85,44,15515
3,52,70,59,219403
97,70,43,95,47521
170,69,97,38,8422
172,84,62,76,4407
75,35,73,51,134335
90,69,80,76,15565
37,57,56,38,162698
67,36,83,65,159934
167,82,85,77,5022
176,91,49,61,8619
157,70,83,89,6588
55,78,65,92,53317
180,57,62,50,1164
148,51,71,53,9605
44,52,96,70,83635
51,53,78,41,143944
171,68,100,89,4039
41,75,44,44,116917
127,85,55,42,27264
77,64,83,43,11168
68,92,91,96,45294
51,95,74,72,172026
62,53,84,67,87879
96,96,77,83,46643
121,44,40,91,23382
20,90,54,88,91115
4,55,52,81,279557
56,53,99,37,141288
126,89,86,78,5052
111,100,53,41,37765
41,76,93,54,61182
1,97,96,53,76128
68,73,73,70,193788
131,59,64,63,46877
68,52,76,91,27106
11,51,64,57,352192
78,66,43,49,170507
162,61,54,99,3772
176,35,44,81,7522
58,96,52,80,115439
26,52,73,83,79777
171,88,68,70,2425
37,93,43,85,85362
81,39,48,64,86307
152,62,100,56,5911
147,72,89,35,6816
94,46,39,84,37433
101,46,52,100,32990
107,51,96,75,16130
118,68,79,92,46018
125,68,78,49,27485
69,84,66,37,139941
73,85,82,51,19484
119,100,38,44,16743
16,86,40,43,396314
20,58,38,58,266490
2,74,82,88,130674
55,74,80,47,113749
16,70,36,86,241025
51,77,56,89,173714
139,73,47,75,9684
11,47,91,74,184479
127,79,69,37,35092
10,90,44,68,277511
30,100,75,97,93539
177,59,46,73,6676
138,57,72,36,46863
83,71,83,86,48176
21,39,52,72,209589
116,71,98,44,40286
169,82,78,50,1821
101,69,62,36,36973
140,75,93,87,3790
44,54,58,95,146090
93,92,61,60,20367
6,76,81,87,155185
52,49,60,82,115886
146,43,98,88,5732
178,73,38,37,7207
28,45,92,61,109412
38,80,100,70,54042
110,99,97,69,45712
24,77,97,85,193233
125,98,43,36,11211
158,44,70,83,4566
69,83,37,39,121356
89,60,39,49,59472
143,71,37,86,5958
12,89,55,100,93162
165,92,96,80,6336
138,42,98,55,9391
114,97,98,54,12311
57,80,65,43,98733
153,44,63,70,8532
117,71,57,75,13815
92,62,82,72,22446
13,63,85,83,139051
71,39,76,41,157561
163,61,92,80,3881
24,61,35,76,132867
152,88,40,92,1564
65,92,36,56,149108
147,58,99,99,7906
128,37,80,89,19546
44,60,99,58,109902
34,58,62,50,146498
143,49,45,99,9014
114,77,47,44,27482
102,75,84,93,38930
6,83,60,67,287908
175,36,66,38,9867
31,62,35,94,88967
34,64,88,70,84808
79,92,99,85,30183
106,87,70,70,20931
180,84,75,52,3113
20,78,81,73,71301
89,51,94,65,47960
48,36,82,48,71602
102,92,85,36,27138
40,50,38,46,170198
13,46,39,66,268681
170,79,43,83,5067
99,52,43,96,41416
28,59,49,40,319415
169,63,38,91,5016
171,48,37,96,9511
101,79,92,54,33097
111,91,86,71,47383
43,39,65,79,190319
32,64,63,37,136489
29,43,60,36,393026
173,59,85,47,6419
162,89,43,36,2468
40,78,98,65,131899
46,36,92,78,50767
55,77,68,64,126870
117,89,47,37,12073
56,58,87,77,122377
48,76,100,45,109238
97,52,86,80,12013
113,64,42,91,45694
72,54,59,53,187934
127,61,74,60,32554
82,84,76,63,22454
168,67,50,57,4935
11,39,83,60,359876
21,47,62,67,369578
22,52,64,60,69360
153,82,99,72,2392
133,80,84,72,1105
145,61,75,51,2782
156,92,56,40,2561
166,46,48,56,6682
150,82,84,47,7376
137,89,43,86,8064
12,85,92,68,199634
119,93,82,98,3544
146,39,45,35,25450
91,97,63,46,21560
129,71,79,82,4170
149,45,92,80,1028
162,49,94,76,3024
42,83,98,66,125839
1,58,100,72,396126
114,60,63,59,25663
64,87,52,43,159349
86,55,99,55,47146
105,78,62,79,11040
126,74,37,100,28733
157,43,45,100,4998
160,73,80,71,7363
30,45,36,61,268322
1,55,92,39,235507
172,54,95,72,1659
24,36,66,60,200453
168,35,85,39,1012
146,46,82,59,5920
114,69,39,56,14792
174,88,37,87,2438
68,67,84,50,115867
108,73,80,81,46011
136,84,94,49,9995
62,75,58,83,129622
3,94,89,50,190287
28,57,48,83,98928
152,55,51,57,3233
141,54,64,53,17860
102,90,57,96,17910
17,67,66,95,129888
18,68,59,45,397466
143,95,41,50,8906
15,74,46,69,359472
20,84,77,51,131029
26,54,59,100,149976
91,87,95,72,22546
102,89,35,79,36849
174,60,48,88,4782
45,65,93,63,92719
16,48,70,92,194407
108,97,59,93,41007
115,52,71,60,32754
63,54,88,64,167595
98,97,45,65,19190
99,53,46,49,39086
170,71,63,60,4435
129,49,38,84,42826
89,62,100,42,19628
138,52,89,84,4981
117,43,45,97,37499
66,87,73,90,10294
24,55,44,77,108382
47,55,94,84,67558
140,38,43,69,22388
148,92,52,77,8262
5,46,46,100,331841
142,57,63,41,28653
155,48,78,64,6072
159,40,61,58,2313
167,81,58,99,3321
43,91,62,57,158500
161,45,69,76,4867
122,58,42,87,17642
99,39,83,64,41047
102,97,81,60,39409
6,74,73,96,96950
52,38,59,41,161259
66,54,45,41,52413
33,53,92,43,178303
114,75,82,79,43560
115,59,53,73,25898
103,97,53,62,42980
122,67,44,64,15141
2,82,36,88,334917
106,74,36,36,26608
100,94,40,53,29935
154,35,67,74,2823
16,42,91,76,74161
136,69,87,88,2777
24,96,89,80,91111
45,56,45,82,169815
38,69,83,80,102021
164,74,68,51,4232
174,86,43,67,8280
148,92,44,40,5210
120,47,99,54,23112
45,42,44,45,85851
137,59,83,83,2469
117,70,73,87,36841
55,35,90,38,157293
11,69,86,65,161695
134,56,90,92,6212
102,46,41,89,47094
105,96,89,70,18536
151,78,51,36,7284
158,62,94,61,2678
32,54,76,46,195764
22,48,59,65,267300
121,88,39,47,43435
42,81,72,96,141244
166,71,42,86,3650
32,76,61,42,121017
124,98,54,50,48032
18,42,72,72,215540
92,65,78,94,29787
144,73,76,82,5491
95,52,40,77,30595
162,88,96,50,4928
95,65,44,90,19716
91,54,39,57,13385
45,56,98,42,118371
178,73,71,84,9353
74,67,65,88,44731
33,96,57,80,138887
134,95,37,72,8379
161,78,64,51,5607
145,79,93,96,3362
176,97,66,44,9458
101,96,81,68,47415
18,87,98,81,119893
15,52,86,82,191707
137,89,35,83,1292
115,58,89,59,40598
126,58,45,46,47310
140,57,73,46,15409
74,65,96,47,32401
102,49,91,68,20086
74,63,100,50,33332
80,55,78,53,15062
101,42,100,75,29965
60,60,63,100,150025
69,91,71,95,49709
152,99,40,52,1091
138,99,99,86,3513
30,51,89,70,57065
52,51,59,36,186694
85,39,38,70,141141
148,60,89,73,7611
160,48,90,55,2069
143,50,63,42,41106
18,100,56,80,187328
90,47,67,39,39401
76,61,58,97,36205
47,97,46,62,66043
170,51,74,83,4412
56,98,91,77,12934
22,61,92,71,156629
64,40,84,56,71352
87,59,85,82,23026
105,99,94,80,16691
165,45,46,76,4057
38,45,70,86,92782
32,47,52,75,185481
151,65,89,44,7843
129,49,37,77,21586
55,97,49,44,161672
49,49,52,36,188905
70,72,76,39,196826
64,68,35,36,74124
148,46,56,54,21345
128,64,58,48,29747
23,94,89,58,160284
151,88,60,100,1421
64,85,69,77,44332
164,92,88,73,2308
170,37,44,93,7121
141,81,76,66,2439
25,35,90,36,280720
157,86,43,56,1109
48,35,87,74,66940
136,56,52,77,29622
133,82,41,50,31376
114,71,71,98,39401
61,95,67,100,42275
81,58,38,71,150300
145,100,82,67,2490
27,69,44,99,65401
84,43,94,49,15956
104,56,98,75,37862
70,90,57,59,94648
133,68,97,43,3107
124,83,85,94,5677
36,65,75,96,199667
163,42,60,70,8727
84,62,96,85,47289
100,63,44,73,28385
0,73,55,99,226382
131,94,95,54,7523
109,82,67,95,38341
83,99,35,39,43307
22,51,47,48,236490
27,76,95,98,89710
80,44,42,55,144924
58,84,64,51,144154
19,82,36,71,164560
131,88,59,37,40984
33,77,56,36,141679
105,50,35,82,46145
140,49,87,78,4401
45,53,72,45,187844
42,54,54,55,131720
177,60,64,65,7902
67,95,95,51,28706
178,97,64,59,2098
127,60,90,56,22818
158,60,76,75,9163
22,81,47,100,59921
143,62,69,75,3846
84,66,88,93,14392
111,100,88,74,45995
164,99,89,38,5477
137,81,48,72,5491
44,51,69,100,98380
168,63,52,54,2293
161,83,88,65,4175
169,92,64,59,9444
18,42,37,51,271309
8,96,55,71,63450
19,69,87,81,143293
179,42,38,61,3731
167,81,78,82,9627
83,45,38,82,124495
153,73,92,53,8024
76,92,62,100,46617
125,92,48,49,45167
32,51,58,64,191964
46,50,100,77,172611
2,46,50,93,316912
62,96,83,85,11312
29,93,49,57,158237
93,79,96,49,14083
45,98,80,90,198395
74,63,96,86,22213
87,91,100,56,17187
32,59,80,91,165844
54,95,42,50,179269
175,95,49,99,3709
130,88,48,70,16722
9,83,99,91,71274
112,39,91,49,11506
110,64,54,71,14136
166,60,36,57,3810
143,43,47,62,21162
50,98,86,72,168371
145,97,85,43,1652
167,89,77,78,2645
160,58,70,44,2379
147,46,96,52,3653
62,59,46,55,186984
10,98,84,96,131406
88,83,48,35,38952
71,39,53,57,169304
117,84,50,67,11409
13,35,92,50,360974
89,81,78,48,44012
151,89,49,68,2306
73,57,48,97,10372
105,99,97,98,2695
115,47,100,53,18855
87,45,93,49,45771
72,86,62,99,23662
171,44,97,81,5838
69,87,78,88,31534
134,92,44,44,13567
38,62,64,71,97734
66,77,86,90,16475
67,43,57,97,80615
178,92,67,50,9469
56,96,64,57,105381
56,43,65,43,57436
130,69,55,98,1179
33,69,49,40,115888
31,86,62,98,179614
77,53,49,40,62755
97,72,60,85,15192
122,87,90,93,6829
77,92,47,77,35675
50,53,55,58,110653
119,63,51,78,48460
122,59,36,83,39381
25,61,52,88,137228
102,37,75,71,34846
7,72,90,81,130857
102,44,83,75,14893
4,65,86,57,330156
39,40,72,75,146099
26,91,51,81,181832
78,47,45,58,96300
72,38,80,52,191519
160,44,93,65,3107
130,89,48,92,6006
1,58,98,58,316378
164,73,97,60,2088
119,38,63,35,25082
49,45,93,96,61600
163,90,55,47,8432
138,35,90,65,8002
113,81,92,70,45103
63,76,82,64,70372
59,47,35,99,50037
24,60,93,67,179380
126,75,64,91,8600
47,83,81,90,121947
68,40,99,59,115792
159,37,83,53,3460
177,36,90,51,5515
60,51,83,94,184035
177,37,77,91,1976
177,71,80,76,5512
79,45,54,58,181708
117,99,51,95,26142
93,85,61,95,39369
30,46,80,65,195439
159,87,95,80,8939
51,65,70,88,117381
118,51,64,56,44346
111,61,71,80,22931
79,60,53,79,45477
118,92,97,62,3496
171,77,71,100,9080
167,72,95,43,7604
143,36,77,76,8372
56,64,47,53,152406
136,88,95,36,8345
30,67,45,67,181837
127,41,65,82,19341
46,87,53,40,59834
48,84,46,57,179789
58,70,37,92,185383
56,51,73,89,132476
0,55,55,86,242321
170,86,78,66,1777
63,62,87,85,19475
78,51,81,90,27430
17,35,69,98,165188
58,35,37,71,187682
28,67,95,38,146496
13,67,56,82,54482
84,57,55,77,22500
25,75,72,45,64318
59,99,95,53,30141
176,56,91,48,5239
96,46,89,85,21109
166,67,67,63,7468
158,65,80,86,9663
73,75,37,93,14001
176,62,47,95,9123
70,58,97,95,16806
29,94,52,90,89220
6,86,38,68,284932
160,72,60,35,3819
38,88,67,67,138263
19,50,55,79,67790
86,96,65,76,47696
72,37,43,85,75103
77,37,58,47,116433
111,55,53,81,26799
84,73,76,43,49384
1,53,54,51,302488
93,37,85,60,14535
7,71,61,79,253251
85,71,67,65,19784
165,94,53,90,1544
9,98,98,96,150931
91,77,93,86,26480
18,55,56,43,320840
26,51,78,79,173911
145,67,35,40,18118
4,93,52,83,215185
64,88,95,42,50386
24,89,74,84,171716
94,67,52,91,39455
79,72,75,41,22109
180,97,66,72,8829
143,86,63,50,1656
63,47,90,39,89080
2,67,84,90,70968
177,63,73,79,2040
55,80,48,57,147885
150,61,88,44,3520
76,50,75,89,25588
60,83,86,36,108847
119,84,77,42,11728
11,38,75,41,219159
68,64,40,53,173145
143,71,66,81,5717
170,70,60,44,9606
96,63,39,35,15607
130,69,49,64,43126
81,77,94,74,19628
73,53,37,70,136158
168,70,67,39,3532
77,48,81,88,47763
94,43,87,94,30269
53,71,57,61,79765
108,95,85,84,23435
18,35,74,66,237909
111,100,74,72,12768
178,94,42,43,6977
129,93,53,62,11095
13,58,78,90,95278
119,85,66,84,28344
24,95,100,76,128784
163,43,70,72,2340
173,95,52,49,8855
12,77,94,91,75104
177,66,56,89,9494
86,96,88,63,39717
64,63,82,39,88562
100,80,69,79,47001
65,59,78,94,19255
6,80,57,80,303509
140,55,35,53,35019
32,38,37,86,156565
56,50,58,75,85561
76,81,65,64,18209
43,61,60,94,177192
55,65,93,36,179958
106,97,52,51,14833
166,88,69,45,5412
43,59,82,66,108481
131,72,97,81,7884
85,96,98,51,28125
104,96,69,47,14023
110,85,88,50,43158
44,70,75,76,142038
14,94,74,71,83001
111,89,90,78,41416
133,66,52,41,24961
7,98,41,75,367207
2,51,100,86,179941
3,40,72,60,269002
16,65,69,50,209422
106,52,96,61,39430
162,79,69,62,4430
124,43,49,55,46659
162,85,89,78,1242
92,59,81,90,45877
138,49,35,41,31040
95,63,60,79,43002
92,46,66,54,42848
35,35,61,74,94512
141,40,67,89,1444
23,57,44,88,110520
168,83,51,90,7828
157,78,89,53,2793
163,53,41,60,8630
110,72,37,100,14190
91,77,96,58,19638
67,78,39,89,153069
28,60,60,71,151490
180,64,37,77,8942
124,83,75,88,5292
90,61,42,66,38991
137,47,97,69,7204
7,63,75,64,338709
148,45,36,84,9104
130,85,59,64,40346
16,60,57,90,86787
47,54,36,65,161233
77,38,47,69,186427
127,100,40,65,21284
22,37,66,54,393481
28,86,80,68,189324
124,45,97,55,10493
130,44,61,46,39958
144,99,98,60,2806
32,96,81,69,129303
75,59,91,66,20046
11,97,35,85,88725
135,39,73,57,46163
179,38,81,55,4044
104,100,93,41,48960
15,51,68,67,291713
124,97,75,92,4937
123,44,49,76,27500
16,94,43,70,136984
35,82,85,56,144415
115,40,60,37,11843
73,94,97,99,35395
75,48,62,44,120649
65,84,48,50,189728
109,56,53,100,47030
72,53,50,88,89023
17,57,45,73,345512
67,59,97,64,37258
120,95,85,43,32731
1,39,96,86,213311
85,39,93,43,22380
149,61,44,95,3354
9,40,96,39,255486
122,90,93,97,7065
131,82,66,85,5677
170,50,93,87,2249
94,75,81,88,41414
94,53,96,93,49744
67,62,52,60,60599
146,89,91,40,2031
50,59,81,89,137122
92,44,90,46,38064
119,51,95,44,48203
69,51,84,71,100385
117,63,66,45,31381
122,69,67,52,27572
12,98,35,97,51894
9,41,90,71,242235
11,51,82,60,307631
121,46,55,76,23628
57,88,68,41,177522
14,99,59,93,88138
78,40,86,55,161174
120,66,87,93,8236
131,52,90,58,35921
140,96,88,49,6828
130,71,71,37,35378
179,62,52,70,7048
153,82,74,51,2151
116,90,65,93,14747
175,65,97,73,3507
147,82,88,63,1713
92,82,90,51,12696
96,68,79,43,46486
143,53,40,45,30092
60,76,47,46,121934
84,54,84,70,46955
87,71,46,74,18065
177,75,79,43,7333
127,81,39,35,27045
37,53,65,76,143562
81,60,47,92,44937
86,37,89,92,44283
62,86,58,43,78013
164,87,58,55,1039
102,96,48,76,47564
3,51,91,82,396523
172,67,65,81,4717
107,68,87,48,42015
170,46,53,75,9372
156,93,98,58,6592
143,86,40,71,3260
131,72,75,48,16869
178,99,86,64,796
98,64,76,45,21159
166,52,79,46,5829
158,56,78,98,2387
178,41,40,58,2618
114,43,70,74,41738
151,82,97,87,6289
118,79,48,63,33092
17,72,93,35,137235
43,81,69,94,174926
7,75,37,48,314427
95,60,92,74,28298
4,66,35,88,275783
152,74,66,62,6837
130,96,61,79,4688
91,59,95,78,39677
173,48,42,82,9640
79,41,83,89,44248
55,49,91,92,144626
87,50,42,79,45367
13,93,87,61,174078
79,40,89,78,11041
15,46,54,79,371711
92,56,81,63,42844
8,58,49,70,223052
90,78,70,95,46263
125,61,35,68,16487
20,67,41,99,66360
2,85,88,93,116320
116,94,56,58,13196
80,85,84,45,12999
70,76,73,82,16200
20,54,49,85,99725
118,71,40,60,19705
7,38,55,65,316884
24,49,69,83,58484
41,81,95,48,60315
96,58,54,64,25447
6,70,72,86,106974
173,57,46,78,4823
142,83,55,49,8147
14,97,61,87,115587
62,87,91,86,33402
42,41,76,38,80916
132,75,38,36,48893
148,77,43,62,8496
99,83,51,97,15430
150,68,49,81,5354
155,37,38,65,4116
44,71,99,43,104645
64,37,60,87,55913
22,64,44,98,140005
142,90,54,81,7742
52,87,35,36,105609
146,96,46,60,7170
28,49,80,35,79802
2,52,86,94,282015
88,94,60,53,18437
110,56,67,72,48015
34,44,49,45,249262
89,58,38,47,150808
97,71,82,35,37195
139,55,45,78,44674
107,78,68,59,36483
118,50,44,100,43826
133,53,93,87,9179
7,44,72,63,272790
22,80,62,60,82009
174,38,89,100,6698
134,89,65,53,6604
86,54,47,77,15002
175,49,51,88,6425
27,38,56,73,89713
96,78,76,74,43120
139,36,62,44,25957
101,91,71,98,16229
106,74,94,82,18308
105,53,67,78,43276
164,70,55,36,1798
107,64,78,46,43586
120,83,58,58,13065
138,47,98,54,8963
129,77,42,47,16766
34,57,80,49,65932
114,98,86,70,24274
68,81,36,78,95028
77,62,88,70,35207
152,82,73,81,5317
20,64,65,60,187877
148,35,71,80,3952
144,81,93,88,5799
5,87,50,39,215021
13,78,97,86,60355
25,87,63,53,67198
135,57,69,87,4810
95,92,39,50,23584
159,86,54,100,8635
110,35,92,78,30229
107,84,54,48,44948
168,74,68,79,4270
79,61,78,67,30243
110,70,41,66,30719
166,58,88,72,3377
79,66,79,95,32725
52,85,90,61,159733
61,52,98,64,99396
48,75,47,68,94387
124,59,100,52,19732
18,76,52,66,136676
9,71,83,47,221686
144,43,78,80,2142
164,53,97,80,5840
93,60,80,80,40666
13,97,37,62,340668
156,52,69,81,2137
132,93,93,81,3654
140,67,96,50,2977
119,40,49,38,47687
63,68,90,66,179544
104,67,55,89,18120
129,47,38,84,40255
122,64,63,42,18744
25,84,36,89,178359
13,40,95,46,242923
88,93,71,59,15624
165,77,48,40,8128
22,94,46,47,70323
102,40,97,72,49807
49,86,74,42,58711
103,68,94,91,35058
173,56,74,79,7227
61,58,41,72,183412
67,76,39,98,65025
86,49,87,59,12160
136,72,56,83,9771
14,99,88,64,127088
99,41,42,62,20412
106,45,65,46,29323
77,85,78,84,19488
162,35,63,85,6695
131,62,50,97,7764
16,74,47,86,145711
164,95,68,51,7639
19,93,67,51,143778
128,47,61,93,14960
93,57,44,85,27883
86,76,91,72,18303
177,86,60,60,1757
18,43,95,54,57273
49,56,47,46,158352
157,42,55,56,1171
8,88,60,60,253281
7,44,82,89,293034
53,74,49,52,149173
150,96,80,73,2934
52,98,97,50,149468
107,81,43,97,45105
156,71,77,98,3711
33,82,46,57,96798
96,47,79,99,43593
132,39,94,55,31119
123,52,55,88,13465
151,94,91,57,5215
69,62,73,76,109030
69,36,58,51,102800
69,94,84,46,33142
174,99,61,82,3903
61,78,53,93,137687
54,81,36,73,168943
165,45,44,93,1759
54,54,51,39,190987
150,80,86,44,3459
96,77,60,89,48191
28,61,52,94,85577
105,55,58,37,11469
104,36,100,76,40955
161,76,54,79,8849
46,39,83,71,98581
145,53,74,51,6819
98,76,99,87,30102
132,58,62,96,3538
16,54,37,71,381134
50,82,42,47,193279
2,99,65,60,233719
33,43,96,47,60060
0,81,38,97,289779
9,62,40,61,261687
139,96,86,82,2858
173,49,70,48,4695
130,53,88,44,33016
160,47,85,66,2482
111,58,69,74,24690
32,90,70,88,151131
10,46,75,59,313922
2,62,57,82,237570
169,74,40,54,8050
95,61,55,47,49470
155,55,52,65,6229
36,55,48,94,52526
110,63,81,64,17257
37,61,49,93,101458
9,51,45,82,388036
68,98,48,84,40279
68,41,50,89,99997
100,90,38,82,29703
16,70,72,96,69465
35,63,38,78,97671
41,47,80,67,94308
78,91,82,67,17715
160,65,55,61,3631
100,96,60,100,42021
16,41,71,72,213919
138,35,59,76,18884
62,42,93,79,72161
90,50,100,39,32402
117,41,84,48,23733
110,81,67,77,38287
132,94,36,77,7787
55,93,43,37,87081
175,77,35,91,1143
50,89,35,62,191753
72,94,93,56,37399
176,76,61,73,2746
24,72,58,58,56907
59,84,100,48,68996
159,82,73,74,2902
103,42,60,46,37690
178,97,83,61,6768
166,99,41,44,2777
180,91,61,88,4587
87,57,82,76,47634
155,97,65,44,3517
93,55,87,88,13952
48,41,63,82,92460
12,37,36,50,249757
101,40,79,39,24817
126,66,83,47,30504
59,93,62,92,23587
161,39,94,77,7840
53,79,71,82,116299
117,88,82,40,33457
77,82,57,47,111742
43,66,60,87,190467
120,70,42,74,36639
90,94,94,44,40104
30,55,67,65,178404
35,99,38,38,113472
8,64,79,38,302908
22,50,56,82,160013
106,39,41,85,27472
8,79,81,58,189592
47,69,88,50,174724
39,54,79,40,135211
176,73,36,73,9596
167,88,46,71,9078
6,84,99,78,147356
47,95,44,63,153393
115,47,78,81,38006
90,87,78,62,10824
56,68,92,86,197948
156,69,82,67,9562
74,43,82,70,59695
118,78,94,97,8556
118,74,53,81,45904
145,84,64,100,9708
92,76,39,84,47177
78,42,65,46,183780
93,96,67,60,27881
99,74,99,93,29726
113,35,45,89,48976
171,50,56,52,1942
29,44,92,96,182692
133,75,77,52,4897
59,61,56,58,104380
73,100,74,40,48255
17,64,55,96,150727
106,47,43,73,42535
124,68,95,75,5942
49,38,85,86,75968
44,62,61,99,128672
100,96,96,72,35208
23,73,55,81,198594
175,47,37,66,4759
80,79,53,98,27729
65,79,37,72,182812
169,74,84,69,1279
87,51,74,100,33211
150,40,100,55,9566
119,69,63,41,48964
164,57,42,82,9142
116,58,81,87,36918
65,40,55,70,182994
169,79,78,67,7748
82,60,55,36,158957
26,54,84,57,178396
80,38,48,54,108235
12,37,81,37,201408
89,58,69,48,11218
140,81,84,60,5098
178,74,70,85,9938
0,67,41,86,273079
138,61,48,80,3057
151,95,52,43,9831
103,92,47,84,31509
84,85,70,59,10394
43,48,63,84,113471
4,91,60,40,272847
59,46,37,97,137780
133,53,52,77,15506
125,72,78,97,6417
63,88,71,38,116177
121,78,96,35,38176
15,43,87,93,58584
139,75,49,100,7474
10,42,89,40,221395
166,68,91,53,5422
158,74,48,71,7571
136,92,54,84,8059
104,70,61,66,19984
16,43,79,100,188783
44,43,64,72,185168
4,97,70,99,187037
151,38,59,41,13212
42,91,70,48,132641
71,61,71,59,66473
3,50,53,63,260531
178,52,92,78,8041
55,62,99,39,191929
21,47,99,50,133446
85,98,66,85,25438
173,86,97,94,932
116,89,91,60,14747
70,80,81,72,33437
129,67,40,71,40215
76,47,74,92,37153
56,72,66,100,170827
24,92,67,100,156960
103,68,82,74,33218
79,47,65,73,30542
47,82,95,46,192097
154,62,86,50,6196
136,60,62,70,17176
174,85,91,66,1997
56,88,50,96,170403
55,57,51,72,135447
157,92,56,51,5090
14,82,66,74,155312
90,50,62,35,153976
47,65,70,67,111600
102,57,94,64,24892
79,73,79,46,28268
31,90,58,47,144542
55,87,88,68,148075
49,36,60,85,112233
83,95,57,71,27715
81,83,61,40,20057
65,58,72,62,164587
116,100,95,80,3673
74,77,93,36,13688
164,54,69,68,4029
30,53,58,73,71173
166,51,53,82,9866
159,81,81,98,9877
102,69,51,76,16928
13,58,91,84,166196
103,73,89,70,37684
13,61,65,78,113043
47,91,56,38,95520
45,93,68,45,155246
138,90,72,55,9585
153,42,42,94,2910
33,50,47,56,174920
154,98,36,60,9772
96,64,42,72,28620
80,99,80,77,18391
124,69,73,85,45843
120,85,39,89,43043
151,70,68,88,6025
144,39,52,89,2844
49,79,47,50,130140
19,100,81,53,127228
164,88,40,48,5227
85,89,68,61,16786
174,36,59,94,1974
23,49,48,88,78365
133,52,54,96,1464
39,73,86,66,166680
26,86,97,97,132641
115,57,47,57,21576
147,86,57,69,1557
80,79,53,49,33418
120,100,73,52,25802
159,55,74,61,6984
38,90,47,90,186421
27,98,98,90,63686
99,75,38,91,39527
83,80,90,65,46695
6,88,42,89,394244
171,47,54,66,6051
177,61,59,86,7851
20,52,73,49,243060
37,82,86,62,58660
143,50,69,51,20440
98,86,46,82,30215
126,83,86,35,11031
24,100,85,87,149854
177,72,74,100,7601
107,51,41,73,17970
50,81,70,98,170926
104,47,52,55,18559
64,42,82,77,166916
84,61,53,57,20866
49,85,77,85,148756
168,45,86,57,6422
71,41,100,96,27878
156,72,67,63,5721
78,57,37,79,152229
116,63,36,84,46672
107,54,86,71,39255
26,81,40,94,130978
145,99,59,61,6510
171,63,78,70,5754
5,59,65,43,371475
164,61,47,75,1895
65,58,78,94,12433
55,64,56,47,111455
44,99,45,54,151611
100,46,96,76,47305
132,61,62,60,49386
115,83,55,35,18539
57,89,60,59,179240
71,40,57,64,113797
86,45,65,40,57434
76,46,100,87,27443
144,62,56,41,28702
138,58,64,100,9702
12,46,43,82,272240
52,90,74,58,191025
107,67,57,88,46660
48,83,94,99,63727
120,55,52,94,35465
140,58,64,36,31330
110,59,84,48,22875
83,64,64,72,16457
93,75,91,70,23119
97,50,48,65,26449
111,99,89,74,26891
24,37,60,74,160373
165,41,64,53,4232
160,72,44,91,1461
99,72,50,55,29547
96,40,75,49,32123
130,77,81,48,16337
156,38,60,46,6922
9,77,55,49,284335
125,94,78,39,49142
116,52,55,85,38840
23,58,72,78,118513
74,57,77,74,26040
174,54,99,58,4811
35,79,36,62,131049
22,70,40,69,123062
37,69,87,72,54595
42,38,39,79,69405
10,63,68,48,203447
151,93,73,60,5899
166,95,50,93,2285
97,90,42,61,47830
154,80,75,59,6265
11,85,73,44,316445
73,88,63,75,13052
136,97,71,48,8240
71,73,74,88,31762
110,67,53,68,37597
49,81,80,90,168968
82,85,88,62,35370
175,53,85,41,2706
68,92,42,76,85481
17,76,85,50,191668
2,79,56,57,332154
112,88,91,57,41086
59,89,97,90,47886
54,59,60,83,102798
172,73,99,90,1709
155,79,60,62,7030
133,61,72,98,4101
98,37,96,46,34154
29,72,94,72,161975
142,52,86,63,8279
20,51,52,91,140998
164,94,72,46,8370
112,35,92,37,23566
148,57,43,89,6491
146,96,73,61,1800
91,84,54,74,46025
158,72,79,75,3952
136,97,56,50,3591
141,72,42,55,45629
42,80,82,65,59643
70,42,36,51,102275
44,71,76,78,92448
116,72,40,85,44744
133,47,93,64,6987
1,92,70,79,91457
136,99,84,66,4681
42,88,81,48,84404
36,86,91,62,174451
115,98,52,69,31699
77,73,42,49,51286
16,98,46,90,174077
174,50,36,88,6786
30,75,70,81,184464
49,35,91,50,137893
81,56,75,53,34408
177,93,68,73,4657
6,86,94,86,54329
23,60,44,51,325172
1,61,82,43,290709
22,61,77,41,198306
83,78,73,74,19669
24,93,47,96,157271
112,79,52,94,49925
59,36,100,48,92287
102,90,46,89,33405
3,70,84,37,365632
16,96,82,96,98786
102,68,83,81,32502
90,84,60,90,27997
13,59,38,66,273809
77,99,95,54,13145
9,68,95,61,95344
70,43,50,39,144075
150,77,91,85,4722
51,51,71,47,52387
96,42,90,78,17535
168,55,76,63,5559
144,64,60,87,7012
18,87,51,80,110263
180,98,79,83,758
123,99,71,60,32145
58,39,71,65,61467
98,82,40,49,47006
15,54,78,76,52093
94,68,98,63,17810
8,59,76,80,315784
83,93,55,56,28588
62,95,98,74,38874
128,99,96,88,6734
59,80,39,56,139049
180,66,45,44,3542
166,65,46,72,1834
51,39,45,59,129637
164,89,98,54,3665
3,52,85,54,359865
136,60,59,75,1058
44,75,72,53,61390
148,49,37,71,7641
173,50,48,43,8430
141,40,49,86,27223
161,35,54,41,7278
49,36,81,48,129036
40,48,39,39,99855
156,39,70,53,2301
161,90,51,90,5112
145,79,90,84,3105
17,41,44,37,278930
108,78,48,38,39164
17,86,72,54,187186
171,85,53,100,4577
157,64,85,82,3795
32,53,91,53,68510
168,76,86,38,6605
3,39,75,95,285834
74,47,48,94,86807
24,78,44,84,82683
141,49,50,36,37293
29,65,54,83,154817
34,57,95,89,159762
7,74,93,66,123820
6,36,40,70,270047
44,76,87,43,78106
86,83,36,45,48394
162,49,65,96,5507
152,59,35,93,9045
161,100,52,39,8443
126,96,66,92,4761
165,89,62,56,5562
163,86,70,62,6539
69,43,55,98,119180
94,74,90,38,29230
154,92,59,39,5722
90,42,43,49,96840
104,41,49,71,33634
38,40,91,53,167374
158,44,96,37,3200
106,54,92,84,34440
78,44,55,63,55631
9,47,81,57,303473
131,87,36,99,7734
56,41,53,78,174478
64,73,60,78,70373
76,48,64,78,112931
165,93,76,86,7655
62,95,68,73,11064
120,71,99,66,49776
17,79,67,39,383505
126,70,57,74,26388
33,58,51,56,168030
100,49,59,87,13521
112,66,55,78,40802
13,49,54,68,280291
82,43,64,97,34555
162,47,80,90,3006
35,37,53,62,176998
103,41,48,80,31134
14,85,42,96,129538
62,50,58,40,126830
5,63,37,62,266912
175,44,67,46,2976
43,47,58,78,54920
95,50,55,85,35010
20,40,99,92,156885
64,68,90,37,54521
5,40,97,54,310996
1,90,44,57,237851
112,64,71,89,31608
171,56,65,41,9808
148,50,54,77,1171
46,53,82,45,81644
44,70,82,49,194493
171,74,48,97,5944
50,92,49,99,174086
75,44,76,45,131551
124,53,65,87,34550
89,42,58,42,68642
110,82,64,92,25414
121,96,82,38,17588
135,35,81,39,43457
23,81,52,62,147540
29,35,80,65,173482
92,62,50,88,45764
139,54,68,87,1703
150,61,51,82,6297
167,37,51,95,1305
121,40,62,89,17933
172,53,63,57,3670
159,44,83,99,9934
28,93,79,85,149054
100,45,40,96,32152
27,72,77,55,117261
45,72,83,73,126614
126,64,55,35,29359
135,64,42,53,47355
58,89,64,70,106630
43,61,88,82,168301
38,47,50,78,171754
44,69,62,41,192957
113,85,80,54,41839
37,95,66,60,84361
166,54,84,86,7997
114,56,87,100,11908
42,57,98,43,52928
134,75,88,99,8681
131,66,36,98,19357
147,83,42,97,2965
148,66,42,50,2129
26,52,69,86,68318
52,100,65,95,165391
100,68,89,93,12818
16,80,72,69,167632
111,63,38,95,39361
89,42,68,93,33902
154,50,44,56,1527
11,85,35,61,285186
11,64,43,87,297724
53,71,99,76,80399
78,85,94,65,27006
57,38,56,37,114334
98,81,72,67,48349
175,99,60,42,9753
37,44,76,71,179177
139,83,48,80,5177
43,100,36,93,56416
137,52,56,92,3612
0,95,65,65,280382
65,53,87,56,198502
142,60,37,54,30860
108,74,73,52,22997
154,49,71,92,6380
72,41,75,44,56589
153,58,75,99,1400
108,58,61,41,26746
98,46,37,44,44592
45,93,86,40,158417
28,74,95,63,102452
59,75,99,98,34398
62,82,54,71,159554
132,68,73,96,8319
130,84,63,66,4158
38,43,48,98,139627
13,78,73,62,59304
31,43,62,51,89244
54,44,40,82,131098
115,75,94,76,10371
108,62,47,49,47083
14,90,38,86,152281
172,63,87,63,9342
177,55,77,44,8400
75,64,85,67,27809
77,56,98,55,33424
106,49,70,81,14533
31,92,80,88,198456
166,57,77,89,8169
165,63,70,63,9612
112,79,50,65,38833
49,99,96,77,135687
14,82,83,78,57699
69,42,79,68,80716
178,38,73,58,5150
25,59,70,92,109886
11,35,84,59,343492
82,40,60,89,41752
44,48,89,43,185204
177,55,91,53,9490
92,76,37,35,37115
14,81,80,92,132910
38,37,64,69,66312
156,84,96,86,9565
13,69,62,92,190377
134,73,69,86,1653
62,70,58,74,162284
52,56,49,98,162529
41,64,49,89,81668
15,68,61,47,317219
154,65,37,64,6268
98,40,66,76,13044
159,73,98,64,4006
113,65,74,67,37326
24,70,58,92,123638
45,44,66,70,120043
143,50,52,42,12025
74,35,96,72,30955
44,92,35,66,60119
117,74,90,97,6866
73,70,91,79,26462
129,84,63,44,40362
116,49,94,65,31307
57,75,80,79,117963
25,85,70,86,55840
50,37,48,83,73528
0,91,51,84,351521
13,93,37,74,83368
124,100,68,43,24685
83,55,59,78,23336
136,96,60,91,3596
15,71,58,60,280520
102,63,65,53,31651
26,78,69,56,94361
86,49,47,38,177441
55,57,68,51,125937
111,91,89,100,2987
25,95,86,52,186126
180,61,65,35,5257
180,52,55,53,2139
156,59,90,97,7075
48,99,72,86,161872
167,55,49,84,4046
47,66,83,79,118340
96,99,52,88,18366
133,100,43,57,16506
170,85,59,69,6264
17,61,49,49,337513
33,82,42,44,143949
4,82,60,57,202365
12,43,54,91,285220
151,67,54,94,4247
63,64,51,48,189334
58,78,66,45,67153
124,51,74,80,38887
92,38,72,97,15906
90,63,69,57,38390
45,78,82,86,93724
167,65,82,95,4183
51,72,70,89,115700
46,56,73,92,197997
145,52,73,60,5614
64,80,52,47,147031
73,66,51,82,144194
83,49,40,97,28910
127,66,79,86,7606
81,47,58,74,45085
69,96,95,35,35469
31,47,67,66,170631
151,38,57,63,9339
143,83,92,78,6912
22,93,35,49,75727
80,86,92,75,36563
134,80,43,67,25648
83,38,99,68,23786
84,98,59,89,31264
148,94,47,37,7659
6,60,58,44,251940
12,78,73,53,393970
18,86,81,64,180861
148,82,96,92,2210
47,97,46,68,87117
101,87,59,96,29843
140,76,83,90,8342
135,89,52,69,7360
159,58,41,47,6444
99,76,65,60,21221
75,66,86,54,25720
167,93,48,78,6735
116,82,77,50,30130
52,68,37,39,55769
51,63,65,100,83434
86,67,93,98,41147
94,83,87,83,12928
113,100,97,59,30099
178,45,51,100,9389
68,63,54,61,165957
84,95,62,37,42708
6,94,38,39,250300
14,98,47,41,224935
5,90,98,84,126955
117,73,39,99,48233
167,77,35,56,8741
153,52,82,43,4839
150,79,36,48,5389
39,97,50,40,144978
13,100,65,67,92967
128,78,49,71,16298
175,61,46,64,5310
134,68,66,73,1938
170,37,80,66,5650
80,37,97,74,31314
102,96,44,86,41533
54,80,94,60,137829
25,69,100,85,197211
2,41,40,79,367806
85,73,85,43,11250
150,46,96,74,1181
134,51,84,58,32785
91,67,55,87,24088
5,85,69,87,154472
138,51,70,55,31009
145,35,48,42,18129
50,94,68,70,71053
128,76,35,88,18291
38,64,41,56,63944
177,79,44,48,6933
122,40,55,96,21154
102,96,87,58,19917
161,56,91,44,2248
122,72,96,62,21330
136,39,44,46,28001
57,55,55,99,186322
68,98,83,51,15279
69,55,41,41,83050
7,62,100,81,188193
85,44,67,41,51293
171,80,95,70,7276
37,84,72,90,153742
119,82,93,78,3614
54,35,42,38,52674
180,92,71,83,166
18,35,63,67,383414
179,75,57,39,8494
133,83,56,38,24333
71,98,71,65,43700
127,79,42,74,35568
92,39,62,43,184718
50,65,41,64,59145
2,85,90,44,323001
174,35,91,72,3749
78,99,96,90,12064
126,42,94,74,20960
88,96,75,46,25324
114,88,45,94,49235
77,80,72,95,32032
65,70,41,50,100701
79,59,38,63,153550
55,40,35,73,85200
114,97,91,99,5928
102,55,64,67,34853
109,38,89,78,25064
139,86,99,99,8177
145,81,100,83,6397
85,60,43,55,51130
133,48,67,58,25735
111,85,36,49,29874
35,73,38,98,119381
157,49,51,52,4954
146,58,82,64,2550
174,78,61,98,1040
95,39,87,42,48677
105,41,56,80,36141
125,50,39,57,24012
73,39,57,59,190039
148,36,56,98,1605
18,87,86,81,98465
171,41,35,97,2783
166,53,65,58,2234
160,93,67,66,1954
100,75,46,45,36720
146,88,91,76,9734
179,36,72,66,6257
104,42,54,54,25624
14,97,55,39,210108
162,82,96,69,5960
20,73,68,49,98951
48,35,99,62,122035
147,82,99,85,6546
48,59,75,98,94220
11,48,68,82,300668
34,99,93,70,172318
146,76,53,73,7724
179,46,81,70,2149
62,85,77,68,83519
96,83,52,95,35656
92,39,58,98,34890
37,67,44,71,147275
125,45,58,55,16900
9,81,81,49,369899
133,100,38,57,23068
158,50,75,35,9558
11,90,84,54,168209
35,72,56,95,73729
95,93,54,70,19457
130,39,90,65,32869
162,60,35,41,4403
86,59,93,95,33324
94,52,75,53,36243
40,49,88,98,114967
142,84,56,52,4663
129,70,54,50,44626
119,64,89,100,4097
129,90,96,68,1737
55,89,54,84,115875
152,87,48,94,4051
170,96,97,36,1949
15,89,77,95,158197
44,85,76,58,57837
164,87,97,45,8028
79,84,89,89,40723
60,39,52,78,151150
118,55,81,64,37702
104,75,79,64,21084
84,79,79,79,38602
132,66,40,60,27676
92,59,47,54,41478
71,94,55,95,46814
25,88,76,45,53048
124,45,61,68,27852
86,87,99,37,33195
141,86,64,92,8108
112,49,72,48,25032
7,53,66,63,374120
74,79,47,61,85319
18,60,87,85,125503
136,86,88,37,7386
95,42,48,37,136706
169,65,97,60,2017
81,91,41,82,39047
59,67,37,38,180819
41,43,85,51,127712
96,54,48,56,13114
130,42,44,63,31415
20,58,94,60,152035
35,70,56,35,190517
71,47,77,71,127015
148,75,76,76,9961
135,95,48,55,6015
177,79,98,98,259
56,87,67,86,53934
145,69,46,85,9172
9,86,68,73,117975
124,63,56,95,43712
28,65,87,68,60680
100,38,36,46,108914
109,55,95,69,28991
142,49,40,56,19338
21,61,49,78,95013
8,68,49,96,333932
71,92,53,50,78807
160,52,69,77,1049
2,93,62,80,100317
134,65,85,63,3416
142,59,95,75,9260
3,91,65,37,335824
65,58,66,53,126737
14,69,61,41,280901
124,67,92,83,3925
41,74,80,35,160174
110,86,69,39,46067
144,87,86,48,9583
103,35,63,70,14260
68,87,86,46,45891
128,41,51,77,36694
16,93,37,63,70501
165,88,84,64,5758
119,81,55,54,39379
148,55,35,49,29984
50,97,48,93,99746
49,68,40,83,88516
117,41,85,35,20922
26,37,92,51,135965
100,92,90,88,16359
28,88,61,79,127937
86,65,70,95,12339
118,39,80,86,23317
122,44,57,51,45539
43,75,49,78,66689
51,97,92,57,110012
117,78,86,62,10205
17,61,85,94,88909
73,83,49,49,137087
71,35,41,87,84571
47,64,41,37,117690
62,40,49,77,149805
90,52,56,95,29575
60,87,60,74,150695
115,42,55,77,21796
130,65,61,61,27504
160,78,77,65,2908
75,51,49,68,106143
3,62,36,51,321657
126,43,65,100,42786
80,89,62,84,29008
123,37,86,44,25380
36,49,43,78,137846
132,59,90,98,9903
179,43,44,44,8513
59,53,72,40,142661
132,87,100,96,8190
43,86,80,53,112167
83,81,86,58,31677
63,62,84,98,20139
85,90,93,39,30917
171,76,91,81,3968
101,78,49,85,16452
33,42,55,41,326041
78,90,83,76,18598
51,87,50,71,106321
118,97,37,80,39692
110,83,35,56,32925
172,40,99,55,3808
3,37,64,65,299233
19,88,59,49,73958
179,100,91,91,178
179,69,48,48,7242
32,86,35,68,54073
3,70,92,66,257702
66,54,96,92,18469
111,82,42,49,15151
180,38,64,47,4307
20,75,53,82,107429
62,54,98,71,174925
30,52,54,45,186789
43,98,68,99,62873
116,35,72,43,25198
144,86,52,97,4104
3,86,43,98,306887
132,97,35,49,35041
165,76,80,87,7716
122,88,56,60,39778
107,94,73,70,16932
168,82,60,97,1460
35,58,55,52,119902
78,40,77,65,148331
135,63,55,92,7587
177,65,81,68,1361
93,86,41,53,42089
91,49,82,48,49042
49,88,40,83,176358
77,54,94,79,10823
1,79,74,58,312540
108,100,88,87,41792
31,95,76,35,96526
101,69,85,79,34944
64,48,37,58,170384
175,44,47,48,9086
98,89,97,76,29278
72,81,86,52,31655
22,46,57,55,399933
63,68,36,65,78896
67,53,47,99,117782
111,61,86,82,39424
87,78,51,72,49305
53,40,40,86,142174
67,91,90,41,44354
57,98,60,92,11310
91,47,52,47,68546
151,91,63,90,2845
132,69,53,89,9909
37,96,56,74,98281
124,39,88,83,37277
174,48,72,98,7827
124,99,59,50,27651
14,37,71,89,283568
165,97,35,53,6171
117,64,89,48,30236
83,61,43,75,42047
11,44,40,68,379194
179,75,40,36,9974
144,50,62,44,21145
155,58,53,90,4266
41,46,52,57,63907
133,87,76,100,3589
8,76,68,74,53415
144,63,84,83,5552
45,80,51,100,55380
122,88,50,41,37015
71,72,88,49,44294
177,90,43,42,9301
146,85,91,65,1613
2,77,63,44,399307
45,64,66,81,169870
153,37,57,84,7013
28,72,39,54,149405
108,48,42,82,24732
23,99,68,85,131666
127,92,89,76,3569
56,59,90,72,63423
174,88,80,38,5829
170,96,38,99,4389
89,36,43,91,12092
145,82,76,75,2112
41,69,72,75,172978
49,79,53,51,74256
121,90,75,76,1517
97,74,75,43,48247
12,53,83,64,372097
90,93,87,86,13742
14,54,39,41,261201
55,79,62,84,150353
67,58,82,79,83500
35,36,52,83,151639
14,51,57,100,81941
92,61,71,83,40783
33,52,98,78,109834
140,86,94,76,6594
63,100,68,98,38140
75,53,43,51,112758
168,44,46,49,9219
131,70,99,81,1891
25,70,35,87,74837
36,36,75,85,54782
12,100,93,93,85546
116,44,47,36,47081
14,80,91,44,139831
88,42,55,56,124861
96,79,74,56,46253
72,79,69,76,46122
31,42,52,49,263209
153,87,78,66,2766
27,73,66,52,128950
69,45,66,54,128578
34,55,58,51,98017
139,50,38,68,48911
173,65,59,58,4747
81,40,100,82,31458
69,82,99,78,17645
62,80,53,98,119702
109,84,97,75,43539
88,83,40,55,11151
104,66,100,63,45745
26,94,73,78,76597
35,53,79,55,84710
154,53,75,60,6147
63,85,82,44,198579
121,53,98,53,17485
140,59,76,73,2949
132,52,55,84,18697
120,40,84,100,10256
29,92,86,71,51071
86,35,53,80,43665
55,51,56,61,93167
59,62,62,59,194212
85,60,51,41,97287
147,72,92,50,2586
74,50,94,74,29266
129,82,86,58,2884
109,36,99,54,36913
40,75,57,72,85133
139,64,99,75,1915
117,40,38,44,43061
128,42,97,67,33694
30,55,37,100,72970
143,90,79,93,9148
11,46,67,83,367956
59,86,88,73,46451
153,41,96,58,7895
75,81,42,88,22552
2,88,55,82,330990
15,39,45,63,217230
69,82,49,68,163723
1,53,83,62,341919
164,83,82,63,2979
156,92,82,57,3330
6,83,88,76,90122
171,60,57,42,2421
134,43,37,51,15617
171,80,92,62,9077
8,60,36,68,373714
38,47,39,84,187750
121,63,60,91,47632
155,96,81,93,1381
176,39,65,71,6454
142,86,45,77,8621
150,74,97,36,9654
86,81,64,50,29693
46,64,43,99,52106
101,98,42,86,37482
95,92,83,66,26628
47,79,88,80,104909
45,95,80,85,141837
162,76,79,81,5503
170,68,57,95,2502
164,47,41,76,6811
171,98,47,62,1106
97,35,77,76,22382
177,94,35,85,4577
166,49,67,87,5321
144,40,65,74,1413
68,41,47,38,152658
139,99,61,84,4271
31,85,51,68,74809
151,88,52,84,9623
102,67,61,35,33354
9,59,91,100,150726
111,49,62,47,47489
117,48,100,68,23679
53,46,43,65,75933
52,77,72,76,172747
175,100,50,50,5382
117,92,62,38,25026
17,81,66,64,137971
8,70,63,50,225236
63,100,93,62,22643
30,67,94,75,114557
48,99,76,57,154303
26,66,37,94,131122
78,51,66,41,98850
70,92,74,82,27842
110,71,89,75,12963
32,74,68,96,57139
18,77,97,44,188874
103,47,39,92,17994
127,93,49,35,46862
106,87,86,35,32538
57,74,94,78,91477
155,65,42,39,8529
111,51,72,43,31961
77,48,60,96,16490
24,70,67,37,106249
145,81,78,93,8876
156,36,59,53,7567
1,99,96,88,130630
115,83,72,38,16544
125,87,87,65,5757
138,68,49,44,47349
180,82,65,71,1837
13,50,59,73,333441
37,75,74,98,112552
99,50,93,45,15900
29,52,47,66,135553
115,65,85,61,40132
126,67,75,53,25828
40,76,57,67,141411
152,86,46,66,6938
5,69,68,97,116457
110,95,82,65,36401
86,41,41,81,14487
128,37,87,72,16066
142,98,39,44,3311
11,98,93,84,59622
39,52,55,35,124492
165,75,76,43,6642
70,65,60,64,100337
173,39,95,72,9089
60,57,80,64,56107
160,37,76,96,2080
0,94,93,80,103025
100,59,76,63,36105
152,88,49,38,3796
37,54,57,71,101645
110,42,71,79,15728
32,41,56,39,245805
14,55,51,90,223089
134,84,94,41,7828
87,89,98,99,29636
43,97,36,55,194177
110,86,43,54,33762
145,64,99,58,5779
156,51,39,84,4563
45,85,45,46,168279
8,36,47,36,224259
175,37,40,39,7897
130,44,77,53,38820
123,77,62,55,29875
23,88,72,51,164165
73,95,45,95,35898
158,69,71,81,6614
99,57,70,74,13801
88,49,71,38,29861
21,51,72,58,118835
133,40,60,75,20826
37,77,87,49,127160
30,91,85,58,159640
131,44,97,49,29954
97,97,53,97,14279
20,68,51,52,313744
65,85,99,77,15432
137,71,82,90,7774
163,65,89,72,7891
14,50,87,90,141190
51,38,77,74,67637
120,64,44,41,37299
162,73,70,54,6680
95,93,83,60,21811
170,77,67,79,1300
87,49,51,46,178345
77,46,85,47,60040
54,62,78,53,55037
110,37,54,59,15962
60,89,69,93,34248
82,68,75,56,45732
168,65,61,71,7792
82,76,70,44,34762
39,88,73,41,67038
175,40,69,92,7732
18,96,44,59,51963
126,92,59,74,4915
69,44,100,59,113830
138,70,83,82,3162
86,41,85,51,10415
153,56,47,46,1838
0,67,48,98,273002
40,73,35,75,70140
87,47,43,97,45765
174,73,60,35,2759
111,99,83,84,19529
52,91,52,50,118225
12,79,77,88,184646
158,43,82,52,7621
10,96,53,58,272972
124,80,87,63,1125
144,82,58,88,7228
107,35,40,89,15024
115,42,54,89,38975
87,44,86,84,14897
163,95,50,52,2877
31,77,74,99,159396
122,92,97,83,6743
127,70,88,81,5600
114,66,87,66,27341
164,72,64,92,1031
65,85,45,93,112355
36,83,53,89,190967
6,39,76,82,343336
134,45,83,64,22072
2,74,85,66,296815
70,54,69,58,195959
51,73,95,99,161056
1,40,77,74,288091
79,97,98,46,18691
28,57,85,79,155561
149,44,41,49,30812
105,80,95,95,47682
165,46,100,88,1422
166,64,82,65,1746
152,85,47,97,2533
169,88,90,53,5013
142,66,83,55,8877
26,57,81,46,148369
132,43,54,97,25317
71,64,50,39,139590
156,81,56,91,7615
59,94,92,37,155633
44,84,36,49,126942
95,98,86,57,29298
36,75,91,59,145341
36,74,80,94,50018
90,43,39,60,108770
157,82,50,52,3452
30,35,37,59,324660
7,99,96,41,127318
135,53,51,45,21630
176,45,75,96,7849
91,74,39,56,24965
164,45,78,87,5723
66,47,45,45,199332
84,41,51,82,42191
96,99,68,43,46940
127,71,64,75,23740
46,41,48,82,151630
133,68,80,93,8749
135,58,38,35,37937
108,43,97,44,21697
43,82,40,58,137273
94,92,98,90,18401
139,69,40,99,1877
111,63,72,56,49038
135,97,47,61,7545
17,96,48,45,208294
116,51,85,48,13205
113,91,38,45,21628
118,45,42,93,24656
92,58,64,91,29856
58,65,98,82,150037
157,89,41,46,6179
51,61,46,47,169247
124,63,69,94,37678
76,95,36,67,42711
120,93,74,83,9168
31,72,47,88,141467
127,47,73,57,32257
109,48,51,58,46281
33,85,44,55,152820
6,47,64,65,219215
149,98,78,74,4052
36,50,77,97,50526
171,43,99,78,2654
111,67,40,65,47185
17,62,99,79,169097
174,100,86,70,9576
38,35,48,57,177203
154,90,36,73,5786
109,53,96,97,32093
99,41,84,80,13295
71,48,99,99,41672
61,54,60,78,167309
106,79,45,68,26215
45,66,39,97,196972
47,50,59,63,153603
45,59,57,68,165650
93,68,66,63,25032
38,41,42,52,70325
109,83,50,55,18041
131,78,42,89,6906
63,74,85,43,71661
55,78,93,49,140051
69,95,57,81,13728
125,88,86,56,1594
166,47,100,86,8782
100,48,97,62,36605
45,62,36,51,156810
179,38,37,71,4680
104,58,69,36,46640
75,44,96,77,36488
58,43,94,97,161411
22,64,77,55,136314
134,50,57,92,2144
68,40,99,93,41643
145,44,41,71,36028
85,50,48,45,134946
86,68,94,47,22454
43,62,74,50,173441
114,62,94,46,36127
52,88,83,70,118947
153,90,56,83,7497
1,87,41,54,337693
157,93,100,37,7839
78,51,86,41,138196
53,95,50,93,174650
120,98,84,75,2479
21,88,39,51,95534
162,74,56,82,9939
48,64,53,89,131863
20,60,62,73,196130
28,54,54,46,267703
96,59,59,38,38163
136,49,60,66,30147
126,66,43,47,33991
123,78,64,50,26321
17,47,58,46,243835
59,35,77,89,179191
33,68,82,67,149011
157,63,57,68,9800
52,51,98,95,66568
107,71,41,42,42726
77,55,95,63,16073
141,100,88,64,8313
53,55,87,50,169451
3,89,49,98,194832
111,50,54,98,31792
80,92,73,70,41325
67,55,97,40,58727
110,87,84,46,17506
167,75,40,67,3196
83,99,51,42,30543
125,62,47,47,17077
152,96,57,55,9885
62,64,66,58,184918
71,35,37,62,138672
45,35,72,69,178457
53,58,62,56,153229
170,66,91,99,4012
176,67,53,70,8310
119,58,61,83,41818
22,67,75,90,182508
158,99,52,40,3483
39,99,76,66,183866
68,43,95,45,92850
73,42,83,58,115696
18,36,89,45,339490
16,76,95,37,68722
102,100,35,41,42147
170,40,89,55,4501
162,42,50,98,1513
0,92,35,41,369559
91,52,66,79,17712
72,83,67,62,47462
52,78,89,44,79030
35,68,52,50,183864
164,75,59,42,8639
111,52,82,52,23678
17,90,57,69,187845
25,95,49,66,66959
85,61,79,69,42793
22,47,37,63,308863
155,70,40,45,8589
117,68,80,63,43339
53,43,44,92,149821
112,86,68,69,35446
102,67,66,89,21399
173,48,42,88,2300
110,48,36,95,27711
90,42,90,51,46005
145,60,71,75,9956
89,75,81,48,12944
16,89,87,65,154381
135,64,100,79,5113
98,79,53,84,31784
165,70,90,73,7974
127,41,92,93,7382
35,59,79,53,190934
65,73,52,35,154894
130,55,64,45,15909
110,91,37,64,27111
127,79,70,98,9550
158,63,93,70,1972
104,45,45,60,39837
63,44,65,70,165475
124,78,96,43,20841
23,46,94,50,148844
159,69,77,87,4859
114,42,76,50,46786
5,67,49,48,322942
4,86,50,72,379508
76,87,80,49,31818
177,43,60,37,1867
46,39,96,39,50393
79,97,59,78,38429
85,77,62,53,30905
19,45,88,58,134752
155,84,89,44,7292
57,68,77,45,71037
128,55,96,98,9008
0,55,56,88,212803
64,85,97,49,23043
35,63,86,80,86764
110,81,59,50,27251
40,99,54,70,158508
47,36,63,50,86258
110,96,38,85,39272
160,58,59,62,8686
112,70,44,70,11746
17,40,41,46,350184
24,87,67,40,175885
136,50,89,74,4865
37,69,93,48,153412
174,76,85,53,7209
174,99,76,72,4689
171,58,64,72,2120
107,57,91,57,28423
35,91,35,37,152433
69,85,63,82,40557
78,50,91,44,117986
66,70,38,67,159023
120,43,40,83,38250
124,56,82,55,12080
156,87,74,52,9265
95,79,37,56,12202
66,67,36,80,183878
160,92,41,49,8050
127,72,61,41,38544
20,64,42,37,209102
35,40,76,84,134079
145,84,64,73,4699
139,93,78,38,8075
47,48,83,43,138340
104,50,50,62,43458
79,91,86,80,10749
165,82,75,93,3377
83,100,61,66,49177
167,51,92,40,4054
17,76,38,54,210011
167,99,78,57,1814
12,50,89,99,195872
15,71,86,44,107899
94,88,85,86,19157
91,93,47,75,10561
56,84,91,88,22039
105,97,43,94,15239
62,37,47,43,97582
51,96,42,79,131204
62,91,88,53,57213
93,44,52,46,27968
22,96,45,90,121255
88,89,59,43,49179
138,72,62,42,41433
174,70,84,43,9936
66,87,51,87,26795
113,97,49,53,14142
107,82,54,71,32218
129,98,70,39,41351
21,80,74,95,95101
27,69,35,63,164952
8,56,97,100,62473
69,89,47,53,110878
160,99,94,46,9746
16,63,89,41,95099
132,94,40,41,15560
53,80,44,38,88082
152,95,72,66,2174
110,71,37,47,22631
75,42,43,62,93341
123,52,76,75,18645
160,88,70,90,8177
43,36,48,75,50530
79,35,36,61,52781
178,44,53,47,7063
113,90,90,84,6726
172,93,73,55,7582
56,75,83,78,61780
178,91,92,70,600
164,54,47,53,2381
55,79,94,91,10036
36,48,78,76,77648
22,98,62,38,50424
17,97,95,83,193064
5,87,59,99,132368
7,73,77,39,234307
107,35,90,79,32720
2,56,90,52,379608
175,65,64,100,2222
58,85,43,88,121101
80,43,43,58,171638
135,59,100,44,6492
151,93,65,45,2574
175,47,93,90,8720
34,72,68,45,143039
26,82,58,52,131434
53,89,55,93,102082
161,92,82,88,4217
2,58,35,40,393042
85,77,42,86,18776
46,62,80,38,69575
135,95,51,68,1531
161,77,44,64,9562
152,91,97,81,3256
2,80,70,60,249545
161,42,89,44,9817
78,79,84,98,37742
1,79,96,48,263305
99,49,48,65,41258
84,43,54,92,20830
176,91,50,42,5674
18,70,94,70,73306
50,89,88,51,188519
144,82,41,48,6130
11,39,39,54,273269
54,92,64,58,116760
130,82,56,48,32991
137,61,62,43,27399
79,60,42,36,50184
179,92,37,42,4514
1,96,83,54,275036
144,56,40,96,1490
30,96,46,46,194574
143,59,56,52,35710
79,46,83,67,25573
17,88,61,59,105713
87,94,88,39,32251
122,70,88,70,20790
108,38,99,74,30698
124,81,61,85,16125
12,97,78,58,79046
130,44,99,83,8372
77,36,100,65,32226
36,58,78,75,91417
178,76,74,82,4411
3,94,73,39,274975
5,48,46,96,300405
89,46,42,50,147561
135,79,53,51,27254
123,99,63,48,18460
92,97,67,63,25396
102,80,58,48,14334
132,87,64,94,5983
72,62,60,52,68823
145,92,66,83,7609
70,99,67,84,14099
118,70,62,37,34236
22,41,95,99,132565
23,71,79,85,152755
101,79,97,63,24692
108,59,44,69,15272
172,46,38,51,6064
64,87,91,62,39666
15,55,76,88,175041
37,72,88,94,109596
109,81,46,87,24842
160,62,37,60,4879
67,81,36,76,79076
100,78,36,93,33055
147,60,50,57,1553
36,40,71,56,82261
31,51,72,51,160884
150,83,95,83,6180
76,66,97,41,47781
84,40,95,48,11935
2,43,81,76,299039
22,37,35,37,230384
66,89,38,65,88977
100,98,65,97,46417
158,81,56,80,9566
45,35,59,95,166048
13,79,73,100,160623
95,92,90,40,29121
117,72,37,39,11431
53,68,73,82,65203
134,52,68,85,3302
141,42,49,93,9714
147,89,70,48,5133
88,35,99,35,22018
124,94,59,44,30875
91,66,67,60,29889
60,75,91,36,111282
97,65,57,88,34475
146,82,36,45,9804
127,93,72,59,4604
41,70,43,46,100697
132,67,97,63,1913
133,87,66,76,8326
10,60,61,91,198250
61,54,37,50,115638
43,64,74,99,187244
29,66,44,85,192727
178,70,89,69,9503
35,95,96,59,170639
56,86,90,97,22227
19,88,35,44,275186
112,58,47,63,28361
109,77,44,65,41206
73,48,68,51,65455
57,42,72,60,120207
157,43,66,45,9917
161,52,53,88,3897
36,46,38,77,75650
4,40,90,78,312169
138,45,100,61,1313
127,55,55,35,46197
12,40,92,51,385928
11,86,86,71,63193
46,75,98,76,114042
124,43,48,38,37649
114,35,99,80,15050
124,41,100,49,26760
46,74,76,85,75634
40,91,72,42,198971
62,38,82,86,84341
86,39,58,51,94493
25,37,36,36,361941
70,38,72,86,55017
35,60,62,39,95938
73,52,49,91,151728
4,71,56,86,289102
16,85,79,97,59402
148,76,51,41,1856
100,74,74,77,26082
178,57,66,65,1016
111,92,69,64,48079
180,85,71,40,5407
24,47,97,100,175305
119,39,45,78,30948
68,36,74,71,188721
74,70,68,92,18302
164,94,46,66,1554
111,43,85,54,42934
150,75,78,69,3774
57,91,73,62,139938
112,96,60,85,14094
114,70,60,67,46218
99,42,100,57,11861
54,77,55,56,143960
161,93,60,35,9299
132,75,97,56,8732
127,99,98,97,2597
80,79,86,99,48529
176,56,63,69,6072
75,58,64,76,22614
105,84,94,64,49435
176,80,77,36,2376
79,88,69,86,26340
83,85,60,96,11340
153,71,64,45,3692
65,47,97,59,89821
68,93,90,86,21073
67,46,77,40,184158
41,65,87,40,117484
20,88,90,55,154191
99,89,92,98,15293
21,94,45,81,91970
76,52,56,90,46389
24,66,49,47,342009
177,45,47,84,4428
37,35,73,61,75123
159,75,49,65,2797
88,86,56,65,35187
72,80,77,35,130952
8,39,43,79,323611
23,76,56,94,137125
164,73,87,62,9379
5,86,46,53,353055
74,36,89,49,152335
99,49,77,51,40049
115,58,64,85,40267
2,39,62,45,228615
100,49,82,80,28459
6,40,92,89,229104
117,85,93,40,20457
107,85,72,45,39619
92,54,44,60,23146
113,48,93,46,24202
22,73,43,59,85344
169,63,94,91,1583
13,73,50,52,241182
74,54,80,79,47891
83,54,45,99,39675
145,73,78,52,8342
158,73,72,81,3151
12,89,77,38,306566
11,93,88,78,114783
133,48,92,65,9676
168,69,44,64,4371
70,52,73,76,94280
123,64,54,76,43366
4,84,75,73,58922
164,41,39,85,7761
135,90,45,56,45682
138,94,49,72,5951
170,56,37,48,2084
159,72,80,76,3693
40,59,45,75,177430
56,80,82,97,12598
137,99,93,70,3074
80,87,94,95,47460
154,75,62,50,6303
98,53,91,67,30030
69,56,93,59,130912
38,73,58,72,110384
43,70,79,60,61955
152,65,79,74,1429
40,72,70,78,186248
65,64,44,95,75379
53,99,38,89,154302
90,98,56,59,16714
43,86,50,50,90912
54,95,74,55,133521
135,44,91,38,28474
104,97,77,85,33095
170,58,68,93,1129
137,57,49,51,27421
80,50,66,57,180209
97,50,68,67,27578
63,52,95,54,94494
173,98,62,82,3722
7,56,58,100,240149
63,99,48,59,72499
99,37,39,99,14533
18,88,44,50,381607
173,63,49,82,2674
33,70,64,53,90131
69,67,56,70,76865
150,97,60,94,3782
92,39,88,72,28456
97,46,56,43,11787
83,63,78,61,48645
54,39,86,47,165729
49,36,47,81,178088
177,46,47,43,7132
172,77,57,79,2767
100,68,50,97,39292
178,66,72,90,1749
16,73,75,82,140577
155,84,35,84,1195
106,75,44,62,24630
125,90,86,37,24358
144,60,52,80,2566
92,43,69,94,49998
99,86,82,95,11943
73,92,98,64,18348
9,73,89,62,154565
113,99,80,94,4464
172,94,62,37,2970
135,93,95,92,7748
139,43,83,51,28485
111,78,66,69,26333
48,88,50,46,175179
125,42,55,82,37675
79,44,86,49,91603
89,96,38,75,32728
98,89,62,81,14225
116,82,62,48,28989
140,50,74,64,8504
57,82,83,36,184872
13,51,65,44,273541
102,71,98,64,49585
17,97,83,90,181226
54,53,57,81,199710
106,100,85,62,17807
57,49,50,81,74715
102,77,63,83,30354
111,94,100,60,38486
73,81,76,65,20773
16,54,42,83,279397
52,62,63,45,60924
17,84,83,56,154748
126,55,95,70,29615
90,93,39,50,38783
169,44,42,60,6690
115,37,72,36,13554
144,70,36,68,5122
164,56,48,57,7059
114,95,89,84,9075
14,51,68,69,379173
132,64,38,49,18806
162,89,100,94,9215
21,78,66,85,73039
69,66,36,93,95819
76,48,85,45,195485
79,44,92,68,41864
79,87,62,52,10357
134,79,79,69,9115
113,55,62,78,44735
179,49,89,77,7405
160,96,89,73,6515
115,65,87,68,12355
77,37,91,67,37014
3,73,82,50,399845
3,38,61,51,387884
95,88,42,87,22259
4,81,74,41,221643
93,59,62,77,14684
174,83,88,52,2562
71,40,56,93,162046
116,66,35,88,16829
168,75,42,66,7173
45,86,95,47,147368
167,95,78,96,6547
47,93,91,45,157309
53,68,41,96,78386
92,39,69,71,25803
143,64,76,95,4005
83,98,91,80,49396
76,37,71,82,163298
91,51,74,84,31788
178,76,63,100,8824
119,65,86,73,35147
93,85,50,48,44521
169,85,58,77,9264
146,95,97,60,4422
34,90,74,63,138197
179,35,86,58,3930
134,45,70,54,12366
79,97,64,64,20232
111,56,95,55,33076
26,69,72,94,97941
31,61,37,83,174628
101,64,56,53,46126
19,53,36,74,229350
90,88,61,46,15870
77,51,44,53,188449
157,64,59,100,2893
95,69,85,61,28784
170,89,40,40,8500
175,36,85,95,8826
120,36,85,60,14886
53,49,40,69,91607
56,84,83,55,78794
35,92,97,50,187805
121,86,36,52,34812
162,73,35,71,3324
0,38,92,35,225261
174,41,85,37,3225
153,65,96,60,1363
54,62,78,72,84798
29,100,42,48,161972
105,96,97,100,9164
106,74,47,51,36528
15,47,57,70,229738
177,47,64,91,6101
29,44,100,73,66472
161,72,48,98,2830
129,77,87,37,49687
95,97,99,38,23403
9,84,57,95,122706
102,51,56,50,37087
103,37,86,67,21049
129,73,80,82,3074
14,41,91,76,115896
133,91,64,89,3173
83,88,61,93,34838
167,36,48,44,9497
145,52,50,86,9862
83,57,76,96,11713
123,49,78,76,39228
93,69,56,72,38869
100,41,78,41,36817
59,35,96,52,185787
134,88,44,95,6690
68,97,42,89,20624
55,44,57,50,117639
107,40,64,97,42050
105,80,55,72,43604
62,84,46,78,138627
8,99,44,80,94390
36,86,47,40,146185
100,82,66,45,22368
4,40,55,76,227728
154,37,94,100,1227
33,71,76,99,149259
0,93,38,48,260049
33,35,87,56,54284
149,84,50,62,8131
118,76,100,69,14371
107,36,41,83,20194
8,61,36,94,226866
111,83,36,51,20327
19,66,85,76,135054
88,95,96,37,14696
91,60,82,42,37524
138,76,75,53,9630
119,95,66,80,18027
163,52,52,46,6234
71,80,89,72,18577
8,39,53,73,357481
144,97,80,54,7687
125,53,58,58,28128
119,52,46,75,14950
175,98,50,57,4541
166,67,58,95,4894
83,74,92,35,40036
152,87,95,80,4181
59,85,82,74,122454
74,53,49,95,183943
137,80,91,69,4399
91,37,100,87,20957
51,87,88,81,142674
142,68,84,67,3305
131,50,88,67,10997
51,50,42,94,69965
163,37,49,57,2154
157,79,51,92,3232
134,73,92,90,6774
43,46,42,75,97405
28,50,39,39,215091
29,84,39,47,76968
49,48,80,68,65430
174,94,45,84,4320
131,75,93,94,3288
83,59,67,53,22302
40,94,56,77,156892
165,60,39,83,3656
132,82,52,40,27022
41,86,45,60,180241
167,90,85,54,1975
56,39,48,58,99987
179,82,81,94,614
118,43,58,38,43160
0,69,46,52,265997
9,52,58,35,275997
78,50,49,96,29844
44,86,41,61,84261
111,47,51,78,24297
72,39,67,38,143593
67,50,56,70,163570
24,95,52,92,87880
75,91,97,46,24220
162,61,79,56,3661
90,76,54,82,15905
127,40,73,45,22911
152,89,92,71,7981
92,71,87,50,11809
146,78,36,92,6257
45,53,72,71,115997
44,68,36,78,62128
82,61,82,41,23722
84,52,67,67,41583
121,59,48,72,30133
3,96,44,69,201378
103,57,99,59,33763
16,91,54,59,160249
172,65,99,86,3543
91,55,64,37,13553
69,77,63,37,178928
74,79,66,86,12751
115,74,47,63,26877
153,93,83,87,8127
158,46,92,70,7409
133,41,65,37,41847
174,35,79,88,8374
134,97,49,64,5291
35,39,59,45,131863
65,62,94,44,117238
164,97,95,72,3336
74,79,78,35,173054
160,49,48,57,1693
119,42,88,70,27619
127,86,40,62,31169
165,64,88,80,4472
175,78,94,94,616
134,87,51,93,8432
149,79,93,47,5003
9,50,53,40,313565
102,80,61,79,15156
136,95,69,81,4988
144,89,40,69,3864
121,69,87,86,9373
75,81,77,54,28336
92,50,41,55,45687
53,53,59,87,138545
47,76,81,76,193361
133,80,100,74,5685
32,96,46,83,53671
77,39,85,66,14588
176,94,80,75,8120
12,52,85,70,140470
33,46,39,82,79018
123,74,47,60,12701
95,45,72,91,25352
110,50,63,36,24346
159,38,43,90,5048
85,44,70,58,45127
88,56,86,84,40431
82,53,86,68,17228
84,69,39,41,191992
129,44,78,69,16461
19,69,71,88,125614
126,62,66,45,23225
150,64,43,93,9407
78,67,81,56,22444
161,76,86,81,6449
50,79,68,55,74698
140,88,59,55,1256
68,47,86,57,145379
75,74,43,84,25987
95,90,69,59,15474
146,65,84,97,7446
0,92,44,42,221865
124,60,68,53,33501
71,35,82,59,69374
83,66,51,95,10617
68,45,72,53,193206
144,47,35,36,25569
108,100,50,38,34520
112,57,36,60,44684
110,41,78,67,41856
163,38,57,59,9936
89,61,85,57,21503
8,67,69,84,95335
151,53,73,95,4608
152,61,66,45,3500
107,67,53,50,47602
10,89,59,68,171867
20,63,85,57,58583
169,75,97,48,7359
74,80,87,86,26477
112,41,88,45,47867
24,93,100,61,133026
92,45,89,53,34998
89,45,48,94,23987
40,36,91,94,80741
127,38,90,92,4543
64,92,64,53,79055
103,78,95,55,34585
29,58,82,89,154627
124,72,42,63,20633
74,83,92,69,46855
139,50,82,35,29648
21,49,48,53,364903
97,38,67,77,30929
26,79,84,97,143928
133,93,47,55,45135
164,82,90,78,9835
111,67,71,87,30836
151,85,75,63,6562
167,85,84,70,2644
59,52,54,39,150497
123,74,35,53,46950
153,63,93,97,9914
47,96,52,100,131690
5,93,40,65,213416
93,90,88,75,22011
17,57,70,59,375622
147,39,52,67,22366
34,99,97,75,69121
127,64,72,69,25533
135,71,47,79,7440
55,50,46,100,154082
157,50,47,57,3807
158,87,51,83,4993
12,72,56,63,397164
173,73,73,54,6196
34,42,86,74,89459
133,50,80,93,3853
17,46,88,81,106718
110,55,35,46,11915
155,73,71,94,5766
96,45,63,47,22651
146,92,70,62,4523
130,75,69,84,1867
157,88,85,62,6786
26,84,63,73,84422
164,98,82,56,4229
155,57,38,37,20300
95,38,99,46,23708
161,93,65,47,7145
160,84,41,52,3226
7,89,77,93,77677
58,43,73,45,155850
129,57,97,56,24268
153,46,66,43,9025
32,58,72,45,187023
71,54,68,76,193239
65,55,39,77,156255
98,69,77,73,35609
147,35,40,87,5901
160,69,79,56,5586
67,51,39,91,96335
94,74,64,76,46731
90,53,75,68,12099
5,59,100,44,269833
25,39,84,51,128346
52,84,42,96,90916
75,63,78,79,20711
58,49,78,70,183496
56,98,72,51,50016
62,45,98,73,164817
114,100,88,63,47079
87,65,83,43,11946
104,79,77,56,21618
160,61,74,60,1082
172,79,60,40,8362
12,97,47,35,295996
39,71,65,51,156120
108,98,91,47,46516
141,59,91,76,1937
46,78,75,37,159806
89,35,45,41,182339
165,88,87,66,9876
178,71,93,88,868
148,62,50,82,6659
149,35,76,37,39150
80,78,61,85,16035
159,47,77,54,3170
111,36,94,38,45707
95,51,35,67,48173
4,46,66,72,369720
16,92,74,58,124891
110,53,63,86,47595
144,55,94,54,8860
113,97,91,63,24464
123,93,98,78,9334
162,57,87,79,8636
91,47,68,72,25941
107,39,74,55,35755
130,57,53,84,35545
19,87,43,38,369640
24,68,43,47,216643
161,41,49,72,2759
90,86,41,79,49738
121,55,62,37,46097
28,52,71,79,108413
139,87,79,66,1785
12,38,57,96,211829
68,74,48,62,110359
94,63,95,43,37152
48,97,80,47,57907
44,87,51,81,158093
177,77,62,79,6725
117,70,67,59,46843
18,81,67,48,80158
160,76,99,81,1372
159,89,88,85,7586
141,52,89,90,4888
112,87,40,42,13993
38,37,91,44,129874
45,56,99,53,154419
61,91,47,50,115524
40,82,73,47,106195
95,77,80,81,15723
180,59,75,37,7238
12,52,71,77,228833
54,86,70,88,163850
113,86,53,46,35226
47,50,81,65,82007
43,84,69,95,116038
13,38,51,58,296816
54,57,46,45,115138
74,63,96,87,47039
90,100,82,93,41174
75,37,66,42,146342
29,49,89,72,107773
153,70,65,74,9009
45,76,52,70,170779
177,95,74,37,4665
6,65,99,98,100764
2,69,49,55,215933
82,62,38,47,130846
178,82,73,92,823
129,59,45,35,41535
112,82,44,64,23730
113,53,87,68,24155
125,40,47,98,29078
44,79,99,53,87874
118,81,80,63,38898
99,95,99,57,20462
127,85,97,56,9556
99,78,41,36,24864
64,92,64,60,127474
74,62,59,95,15406
96,85,92,68,49866
20,90,71,98,164160
146,87,97,96,4201
133,63,75,85,8556
168,96,64,96,7755
154,84,86,83,6565
99,94,88,39,15985
35,54,97,64,183572
2,83,76,58,216683
128,88,86,70,9398
37,78,81,63,137231
87,82,56,51,28308
60,40,87,51,93322
166,88,82,71,9259
106,61,61,97,40387
46,55,91,76,137983
26,67,69,50,172827
55,51,54,42,142305
17,52,36,85,248777
141,60,81,64,2654
169,38,45,58,4573
164,36,46,55,6060
67,77,88,96,15589
92,46,35,67,27855
115,48,48,43,31936
105,51,94,37,42309
0,35,79,80,306927
134,44,49,74,44047
138,90,80,79,1854
140,61,84,95,4340
139,63,54,65,22295
23,73,67,76,135898
93,71,53,85,38387
33,94,87,46,64017
104,82,74,58,19514
16,89,68,94,174387
76,69,68,50,56609
145,72,77,66,7406
45,95,52,74,63133
177,39,88,92,6193
89,72,83,35,48221
35,62,69,94,160443
124,95,99,60,7818
56,97,38,76,55605
172,73,99,56,7893
164,85,92,41,9839
50,57,43,80,193141
110,47,41,45,17392
177,75,63,71,7327
15,78,84,40,174433
146,85,100,37,9429
88,88,83,62,44853
27,66,75,70,119222
35,100,44,97,152677
19,67,49,41,278807
89,84,44,71,18250
87,97,55,71,22842
115,67,37,78,16486
90,69,59,42,39157
145,62,46,98,1246
1,93,71,38,248296
172,68,47,41,8190
176,81,71,82,8940
179,74,45,36,5780
48,69,66,73,69887
90,71,94,38,45725
4,100,58,52,298330
23,63,45,52,365498
127,38,67,76,21423
178,38,54,96,8737
174,93,40,74,6014
179,38,71,76,4044
43,76,63,53,134383
43,89,39,80,169755
172,55,56,64,4606
4,97,93,86,188560
38,37,76,61,99934
180,38,51,68,1379
133,70,73,100,3183
142,97,99,93,1777
6,46,80,66,323865
113,95,95,80,8259
128,83,59,50,17124
140,86,70,78,3386
46,54,52,88,161371
111,59,94,68,12700
165,46,70,62,4366
76,77,65,36,79044
81,76,65,95,42567
82,48,48,63,128513
49,97,99,45,94391
130,42,77,43,48283
154,92,59,79,3640
43,93,67,62,165473
160,49,95,45,9628
61,82,49,97,146682
49,94,93,49,64060
39,65,45,96,82970
135,85,91,38,3962
23,75,83,80,95321
77,41,46,82,163610
163,94,42,41,6456
85,80,68,56,17386
148,49,39,51,45271
146,39,57,48,25646
140,56,71,73,7025
30,77,70,69,66494
67,89,81,40,112363
29,61,73,69,193206
43,49,66,63,88334
5,61,62,39,264936
55,88,52,77,125864
73,63,44,40,55720
131,68,67,38,46267
97,65,100,92,16971
1,70,94,57,278694
174,80,78,53,2367
57,41,75,49,149124
22,99,94,44,104524
101,92,81,49,24860
150,67,43,37,29784
115,59,70,54,29024
89,53,94,71,19080
91,53,87,80,23135
30,87,68,65,151051
138,40,61,41,16704
95,94,67,81,33926
26,56,81,82,124397
1,49,81,61,221530
140,89,51,93,8288
32,71,42,67,127702
161,41,75,89,4846
83,52,77,74,40221
148,91,80,60,9538
151,39,76,77,8711
5,41,63,68,244294
80,92,65,79,31294
76,74,64,96,33184
102,39,35,65,49276
71,64,49,90,82187
26,36,98,39,154794
67,47,57,84,54987
36,64,57,68,167183
116,43,38,100,40587
160,66,78,71,5923
35,83,85,42,157697
40,72,89,52,58255
139,75,76,94,9497
163,82,42,59,7790
105,42,65,46,23950
56,100,46,61,120278
60,92,92,47,186116
99,99,83,69,17261
94,51,44,68,47589
3,63,80,80,216972
58,95,100,68,11642
85,39,43,54,144356
126,51,46,39,27460
179,82,53,51,5149
67,69,75,47,137200
14,97,49,65,176473
56,67,41,39,140585
124,91,74,62,17661
35,90,81,74,135930
122,100,43,40,10832
130,71,67,43,11076
91,85,60,50,42807
178,73,89,70,6496
84,79,43,71,23952
62,77,62,65,159160
7,68,83,92,130506
46,59,37,79,62657
179,68,42,61,9911
62,59,92,82,60112
7,55,63,64,367170
134,45,66,93,6771
78,72,58,99,42401
45,90,97,41,192184
39,88,65,86,183918
161,41,50,56,2716
90,51,38,95,27762
179,69,78,49,1231
171,55,81,83,1247
26,65,78,66,111969
124,97,50,69,13005
136,96,73,85,1882
137,86,46,96,5690
122,45,42,57,43673
17,73,60,45,318409
130,96,95,38,5071
135,47,46,69,15605
50,77,100,49,158720
161,73,60,82,5568
50,38,61,76,197511
68,52,95,38,120272
49,54,54,80,181866
25,66,44,46,362135
23,85,72,80,153303
54,65,50,54,185278
14,68,53,97,98671
109,71,100,41,40639
138,65,78,79,4015
55,66,55,65,120400
138,70,93,90,1924
129,40,65,88,17591
144,39,36,92,22548
105,94,75,54,47063
128,90,90,88,3398
27,39,50,65,236123
134,43,73,77,31620
88,67,90,36,42141
12,58,68,53,391517
48,77,50,86,199479
176,45,81,69,8929
70,63,88,57,94183
9,95,42,82,162239
125,63,60,71,42563
165,40,42,51,7731
33,53,71,72,91767
136,87,100,86,4200
157,35,73,50,9303
111,56,65,74,11690
35,38,59,64,183880
11,61,79,97,198278
157,48,90,53,4865
91,72,70,52,44927
22,48,56,62,299626
75,52,70,41,103409
116,55,81,87,31353
40,66,48,51,168296
63,82,69,71,100486
144,62,35,87,4254
112,95,47,81,36783
27,87,65,42,127895
123,59,67,41,21631
173,39,51,86,5413
162,96,55,100,7836
20,49,57,65,292469
25,87,100,73,95318
166,66,60,63,4255
158,100,36,81,8754
28,83,66,64,115550
61,51,56,64,138719
179,42,98,73,9971
32,92,46,59,126197
47,89,37,69,173556
143,59,67,96,3704
170,64,75,38,5597
30,58,58,79,166958
164,92,57,69,4646
117,40,40,64,39952
62,42,62,67,64075
37,86,45,36,156548
93,41,43,97,37903
138,71,48,53,37898
134,93,97,41,7775
2,52,79,70,328334
156,93,52,83,7381
173,63,84,89,3714
134,75,45,39,38270
11,76,44,62,311110
141,95,85,76,6255
177,35,45,82,9078
102,81,59,40,49440
142,50,90,100,4410
165,37,52,88,7386
93,51,47,97,25117
163,52,39,48,4864
43,73,46,95,162436
155,69,99,37,2834
49,43,70,57,180263
73,84,89,46,20322
31,58,61,95,169496
50,98,36,70,54991
138,98,35,60,3698
86,36,74,38,88392
79,71,95,39,34462
25,40,78,92,186528
45,76,82,61,64099
114,69,82,86,40060
67,38,73,55,52539
65,50,41,43,62281
16,46,91,79,83290
140,65,60,97,8326
21,40,54,44,262546
162,60,71,42,4709
114,83,70,60,37948
60,78,38,92,97083
25,63,43,70,56531
58,71,47,54,155109
152,46,49,36,21651
44,47,89,66,194661
88,89,51,85,25055
135,95,44,53,33935
141,89,95,90,6182
104,45,81,40,37328
98,98,100,65,11874
91,42,76,75,25802
167,56,58,72,2409
124,75,53,36,41247
93,56,48,90,16208
172,88,100,80,260
49,56,74,73,91128
67,41,38,93,180768
83,60,65,86,38015
71,55,50,85,86241
174,90,62,90,6871
36,50,99,94,67674
125,100,66,53,26770
155,63,93,59,7037
96,57,74,48,24876
143,44,81,38,33051
41,38,40,48,92018
174,92,99,53,6688
12,42,52,69,341142
113,60,72,100,44941
56,59,64,41,194666
138,42,45,64,31085
115,49,90,69,47639
42,76,75,81,67945
179,56,39,49,8843
100,97,83,89,14024
28,53,44,44,336949
56,88,90,89,45012
71,35,46,69,107203
81,67,59,50,60786
173,45,95,78,4978
138,56,96,82,7501
62,85,79,67,183332
59,36,47,100,165256
170,79,65,44,6870
28,65,52,45,109829
71,65,42,77,133375
129,56,39,41,43299
76,36,66,37,63736
41,79,51,81,97351
177,76,67,61,4533
58,53,37,59,137995
82,57,45,93,46820
115,68,41,78,28394
113,57,92,54,15492
135,36,56,70,17819
21,57,97,64,134114
25,45,54,90,115196
46,92,44,56,188054
23,100,95,41,163652
126,72,55,42,12936
88,62,88,65,30707
115,75,71,72,33371
36,65,96,52,130901
136,45,36,63,13960
178,57,41,90,4710
76,96,49,87,45754
119,69,48,83,48938
63,94,75,55,54340
147,45,100,58,4958
88,71,58,49,18715
94,98,65,87,12397
83,78,64,69,17700
110,97,51,46,27139
145,94,49,50,1629
112,97,65,35,19096
179,96,92,53,6498
159,43,83,71,6178
146,97,36,79,1607
42,35,95,37,123606
32,43,64,52,158343
104,65,97,84,26110
0,53,98,87,226885
16,80,89,40,94741
108,74,100,43,43546
147,77,92,60,2059
5,37,99,98,165039
156,57,70,40,3209
43,78,61,86,104040
73,73,73,46,191168
2,56,38,42,377933
13,50,66,98,185627
15,86,53,46,204188
4,76,51,44,365587
15,50,76,37,286392
155,79,58,53,8207
45,74,96,52,196001
107,46,61,40,46183
114,67,84,46,34504
52,47,37,98,69449
57,38,79,100,175298
35,57,53,74,71319
143,92,52,70,5503
128,35,98,96,4949
163,52,50,51,8959
97,36,44,87,41227
13,100,87,98,101194
100,83,96,71,17856
160,56,67,62,6117
3,100,83,45,294754
166,44,57,68,2659
110,66,50,88,38571
111,94,94,78,47121
22,80,88,43,149499
83,46,66,68,29794
32,98,82,50,163329
113,57,60,88,33549
36,43,47,94,87481
125,36,94,91,27522
42,53,45,81,64040
62,41,65,89,105581
35,84,48,63,160847
177,70,68,55,9160
177,71,53,35,2744
167,89,60,77,7458
50,49,42,48,176048
6,52,46,36,269980
148,41,46,91,9781
73,57,64,92,13678
51,90,44,53,65958
171,93,38,99,4724
66,46,89,95,20334
40,70,36,56,83941
40,48,69,84,129880
117,93,90,44,31016
172,45,43,41,4398
161,54,39,89,2508
14,82,38,55,367631
136,100,69,85,3175
101,71,40,85,16721
95,51,99,43,43763
100,92,64,65,40870
62,62,93,44,103603
89,60,51,74,18515
22,69,43,79,133364
146,61,47,91,8355
139,43,61,97,5892
149,53,72,73,7910
53,66,80,95,118147
161,69,71,95,7766
113,83,43,53,46822
120,62,60,72,20535
24,57,99,56,170127
57,62,38,35,61289
32,61,76,98,167784
71,38,46,92,169178
100,93,70,56,10576
49,38,86,77,88907
104,80,38,47,22965
172,59,89,73,9000
74,36,96,80,13532
111,65,69,79,18012
121,63,42,88,43891
31,96,79,64,100281
38,39,56,62,73423
28,77,76,94,91334
76,93,40,62,25948
30,73,84,71,98215
14,85,57,59,88829
150,44,66,85,7124
168,99,99,74,3798
179,91,43,90,4246
2,36,88,71,390135
158,46,92,60,8757
139,50,87,83,5604
104,70,49,96,28477
104,95,77,78,28530
54,73,39,91,147391
142,50,91,59,3807
158,68,50,93,3444
23,47,99,70,102016
81,82,77,40,19168
67,48,64,42,143059
83,94,87,49,28531
128,56,49,56,42433
47,85,51,85,113908
48,93,44,64,134052
20,68,84,81,137892
83,40,84,97,13851
168,65,36,50,5607
128,38,81,99,5659
46,84,79,76,180014
70,91,67,62,23937
43,90,78,68,127069
156,51,43,61,5784
164,62,84,89,9579
97,53,71,38,41391
172,46,75,90,5175
13,88,97,99,97606
57,55,38,80,67365
11,64,94,99,188606
43,60,50,41,148975
88,50,96,64,26450
45,77,89,79,147103
31,42,96,54,190433
100,40,63,38,39610
83,68,67,49,21507
119,74,39,84,20082
65,88,80,45,88779
176,57,89,39,8004
118,88,37,40,48742
109,90,36,72,14612
173,45,99,44,5953
32,90,46,36,72016
120,67,70,55,31529
174,35,72,48,4417
45,76,41,89,168839
117,97,58,38,39164
41,62,74,85,56044
41,39,75,95,182278
155,75,43,63,5005
61,88,86,68,27060
176,76,48,67,4052
86,51,66,73,23833
151,92,98,53,9548
116,42,74,47,36199
104,36,50,48,22688
59,51,79,72,110539
103,98,40,94,24959
101,83,55,57,37467
63,63,61,40,77462
106,75,39,49,45641
131,41,69,70,13959
4,66,75,76,388096
167,72,76,71,6862
54,88,56,61,78776
174,72,73,49,5545
59,42,78,77,54485
154,79,57,47,2475
83,98,59,86,32063
60,51,74,60,153351
39,42,79,51,96760
76,43,58,45,74610
156,42,51,46,8919
92,84,58,71,38923
10,93,89,61,88891
66,94,36,52,99108
62,36,76,62,152044
106,62,94,39,23582
109,66,86,71,29188
180,61,55,94,2621
70,81,88,65,13505
6,62,44,61,256257
126,77,97,99,5546
163,49,52,38,1178
17,51,68,64,287432
167,78,93,59,8988
175,87,83,77,3787
18,100,68,88,154192
105,89,49,49,30600
150,100,80,43,7800
71,68,98,78,27564
15,86,36,95,65491
125,86,75,86,8137
94,82,45,42,24859
98,79,68,81,40975
20,75,56,55,108438
13,86,77,53,197089
12,35,68,47,367788
114,85,35,62,46474
31,89,60,48,87615
92,97,48,61,10002
93,93,57,52,11517
103,75,42,66,27232
168,79,43,82,7258
151,78,92,100,8793
17,63,36,73,269064
40,56,83,62,71775
67,96,70,56,45192
79,76,89,69,40753
72,38,80,45,98440
138,46,77,53,23388
67,93,36,42,194626
20,63,71,63,115234
164,55,46,82,7226
174,49,47,93,1140
114,53,91,66,16292
111,48,58,83,26371
31,45,94,95,59305
109,39,70,98,33245
31,100,44,55,189559
41,80,75,38,166322
141,48,87,63,6623
84,65,95,57,18199
75,50,60,63,143276
5,71,67,80,393448
17,50,85,71,52918
67,64,94,87,17069
63,48,57,82,69099
121,41,76,44,49875
171,47,67,66,7782
47,39,95,37,130481
161,76,54,75,2617
101,54,40,91,43193
24,75,75,37,178682
173,91,85,39,8765
96,49,73,72,35395
130,63,65,100,3786
44,56,44,55,129426
6,70,64,63,202631
160,93,54,63,8348
128,68,78,48,14258
23,99,40,72,139084
40,65,70,88,103100
30,63,37,92,169571
110,95,80,47,10744
22,65,38,100,96589
143,65,82,77,6099
3,96,82,62,70729
143,64,99,48,6706
161,90,63,59,3796
65,74,49,66,60771
52,83,35,73,195724
129,51,63,38,45016
84,77,46,84,45900
103,85,39,62,41485
137,86,51,99,1878
176,56,98,70,3297
148,90,82,52,2269
98,49,78,79,34160
35,74,85,64,101556
120,65,90,95,3768
97,58,38,43,26257
162,72,79,49,2002
169,37,65,86,4752
56,76,87,90,38410
86,87,66,88,25319
7,45,88,94,101450
137,76,71,92,7436
20,67,36,62,353742
0,62,84,69,364063
155,43,58,97,8916
40,82,92,73,139403
116,81,95,61,40587
110,76,86,82,23599
151,37,61,74,3694
126,71,41,56,20061
81,51,53,73,135148
59,90,74,50,163312
88,50,64,100,16443
165,85,94,52,1260
167,40,46,46,1072
105,56,83,84,17426
143,48,98,75,3533
67,93,36,44,192425
100,60,38,62,43921
65,50,91,57,119014
20,59,92,71,170056
176,49,62,38,8601
102,77,92,86,17136
45,59,59,69,102238
105,69,63,72,14375
18,80,83,78,67352
153,59,69,70,6261
55,40,66,60,113742
176,90,71,87,8097
100,70,45,61,18213
65,51,38,48,136534
78,50,100,53,21776
30,38,92,90,118309
42,83,94,50,75698
113,81,49,97,11007
27,54,97,67,188275
124,47,96,57,32983
12,74,64,59,220704
153,58,73,95,3536
176,75,54,78,9699
148,49,73,76,8868
3,58,37,35,328733
140,88,74,45,2577
92,38,59,70,15311
124,78,74,79,2415
84,69,78,52,25406
152,75,39,98,5732
110,37,71,75,25251
86,74,42,39,104822
164,39,42,38,1315
53,56,53,67,90640
138,50,78,43,36361
77,96,49,40,52560
19,70,36,36,220098
6,98,75,88,166338
132,97,35,59,24020
144,55,87,89,1362
137,91,99,71,5358
75,74,84,35,67259
158,46,56,35,8805
0,37,55,47,357372
140,67,40,59,30311
100,60,38,69,27610
99,59,54,35,34899
22,56,96,35,179210
67,53,64,35,133247
18,86,56,84,190225
133,98,55,53,8386
164,97,63,94,9320
47,55,68,60,84018
150,81,78,54,6658
164,86,96,100,4991
79,46,50,70,160721
63,63,65,49,110854
32,86,54,72,187858
17,41,69,94,100277
23,73,46,87,196820
15,61,38,82,287943
80,80,78,86,36623
33,96,55,58,182139
113,75,63,40,36125
177,86,35,46,1407
36,37,61,87,180320
112,49,73,38,40352
138,46,66,61,23227
42,83,77,37,162382
84,69,82,73,22686
84,52,94,75,17011
68,45,90,52,157915
143,61,51,65,9812
162,61,66,51,7363
81,83,75,54,18573
143,73,79,98,3079
176,53,73,94,8178
48,49,95,77,168222
4,63,96,94,133780
149,47,84,81,5252
79,51,54,40,62519
136,66,67,83,9591
105,48,90,71,44864
49,70,86,57,69884
114,62,54,83,17889
120,93,60,53,31487
105,47,96,48,43224
138,46,69,73,2003
154,94,77,99,5716
92,69,66,53,15267
27,37,66,92,137989
169,49,96,65,4516
25,91,54,100,76004
114,94,97,85,8395
100,73,45,91,41268
110,59,55,76,34854
106,58,81,41,45109
46,69,96,37,59363
104,78,66,60,27668
58,95,83,64,166665
14,35,47,82,288959
161,64,53,98,3292
56,78,46,74,184891
23,45,100,35,195219
104,93,56,63,18280
44,51,73,74,197227
129,61,55,41,33802
175,53,46,36,4856
124,37,55,85,28793
104,44,89,70,39746
73,51,95,47,52272
79,82,81,44,24008
79,47,95,92,24675
67,63,50,97,127230
42,57,64,91,93369
100,42,78,68,23617
144,36,88,78,6584
101,83,36,43,21110
136,48,61,43,24684
99,37,57,64,25205
66,84,82,37,171409
154,74,52,61,2674
166,53,41,91,2921
37,39,70,91,80084
23,64,62,87,164610
108,41,76,69,22150
33,88,63,44,99178
12,76,71,95,146479
20,37,42,51,213536
140,46,100,57,6056
127,86,95,60,6464
64,60,55,58,174390
15,66,50,76,333791
177,75,58,47,9906
78,44,76,75,11144
130,89,50,78,1720
157,71,94,58,4813
25,92,43,95,121442
27,41,79,97,91988
156,86,57,40,7563
160,83,75,89,9545
106,60,71,51,14575
31,62,59,81,196709
60,78,54,84,193703
174,81,85,89,4341
174,55,49,35,6583
108,44,57,52,28160
57,86,80,47,76719
16,95,99,87,121812
159,79,90,39,1356
86,68,95,96,11579
27,47,77,64,186400
62,91,98,83,46147
62,47,79,80,162716
168,80,35,46,4671
72,69,67,92,30469
127,69,80,100,8083
25,76,64,66,123497
175,53,46,90,8791
151,72,86,73,5505
64,82,87,43,61908
115,95,55,97,24227
172,56,97,64,7974
171,92,99,70,6156
92,89,93,72,12456
76,67,47,72,162569
147,51,58,60,7823
31,71,94,91,136549
111,83,83,76,32951
173,56,55,85,1397
73,43,52,47,148042
16,59,88,50,170087
74,57,75,67,29048
41,82,52,97,116139
10,58,95,98,64546
96,87,81,86,46575
56,57,93,90,150521
145,67,37,62,4328
125,97,81,71,5143
107,53,48,99,40489
137,77,93,37,1388
84,71,86,100,39048
134,87,40,41,18209
53,63,59,97,139484
159,61,85,68,5680
71,64,43,47,139169
63,72,56,65,63410
169,96,98,43,2405
94,78,97,74,16487
168,84,54,76,2755
62,91,99,86,11890
5,41,43,95,390927
161,69,54,92,8349
34,81,80,38,163417
106,74,89,74,46043
95,57,49,39,25604
20,37,80,87,190435
20,85,59,44,65573
82,43,63,71,21117
70,72,93,91,19659
27,62,80,89,148029
107,52,97,39,45304
156,48,92,78,8825
6,96,79,50,93327
36,59,43,89,178667
136,46,52,90,47081
73,92,85,66,49047
157,60,58,61,4534
166,100,85,84,2836
86,67,53,47,14720
21,54,39,66,388445
90,60,38,77,34317
38,75,65,83,168156
168,62,98,53,3262
110,59,72,37,14993
4,95,54,72,347407
100,70,80,71,36260
148,94,70,45,4159
86,65,71,94,28492
66,63,50,79,125809
43,76,69,64,110325
49,47,69,58,63376
105,52,92,60,49580
71,78,39,67,141396
126,70,47,59,23881
129,70,59,68,15259
18,71,35,94,71826
176,80,82,53,1551
133,97,69,95,6124
36,45,74,99,165283
10,92,82,47,95820
48,41,59,57,142334
4,47,76,39,229590
61,35,88,37,126479
178,36,83,65,5937
116,37,69,70,22321
55,87,100,98,32182
165,74,53,39,2370
48,98,91,69,129364
118,73,58,74,19965
49,92,35,77,194446
15,71,50,61,388350
110,98,66,43,16410
69,64,49,93,109951
93,94,91,98,11615
86,88,93,73,28830
78,62,70,88,13216
99,56,70,63,28345
159,48,52,72,9292
33,79,66,97,70010
122,56,63,74,48247
172,44,79,51,8056
107,72,71,97,10260
24,56,97,69,99974
127,54,39,73,31310
31,97,74,51,112052
78,66,57,94,35548
55,43,96,98,149306
21,66,81,36,193994
84,86,48,71,49962
151,98,60,88,7414
28,62,93,55,192841
9,38,96,38,324798
5,50,72,83,399100
64,84,51,62,81403
139,37,83,55,18511
157,66,54,50,1408
59,79,43,85,156342
60,74,95,49,166867
150,61,71,77,3724
156,63,83,85,2201
27,39,90,98,193736
88,51,89,43,20714
109,50,50,47,41309
84,97,75,87,37459
73,43,85,82,24031
176,52,44,88,4978
167,81,54,56,5911
81,50,39,99,12770
73,55,95,89,49447
22,45,81,36,250373
52,45,49,46,196083
91,57,61,48,21106
26,55,83,96,146895
169,57,35,70,5406
109,50,52,72,48419
18,47,51,64,368405
42,82,77,100,69062
52,68,47,90,97674
31,88,36,71,187312
102,67,35,62,21920
56,86,78,81,110044
75,64,100,87,40225
27,38,76,40,278437
136,54,72,84,9310
98,76,59,65,49150
139,98,95,87,7392
25,95,44,46,182089
149,87,55,69,5250
59,81,100,49,82492
23,44,58,91,121663
33,75,74,45,189993
0,64,77,60,222068
124,81,43,43,13456
171,93,90,85,736
15,72,45,59,309020
58,63,74,42,162225
133,79,87,55,5171
112,40,97,40,17476
131,43,38,92,41586
177,48,45,44,4960
161,94,85,39,1201
159,46,86,47,2364
116,88,75,82,44098
174,84,80,72,2263
91,47,56,36,50860
76,47,91,68,26520
115,67,61,79,19345
78,91,91,50,36986
78,40,48,61,93813
146,71,38,92,5313
136,74,49,38,11843
145,87,93,88,3280
92,38,73,41,42150
84,97,99,75,29032
94,78,79,85,33033
64,88,90,74,29086
18,44,50,77,347870
107,50,62,96,43939
162,93,43,44,5561
108,49,64,82,19695
167,78,80,40,9215
6,40,67,72,343787
144,65,71,45,8387
132,98,37,90,5661
129,36,46,74,27665
104,91,81,70,17575
90,96,36,49,32474
48,69,81,58,166700
76,82,57,46,87872
40,63,85,57,147772
148,58,43,56,2155
76,37,62,49,75314
51,89,71,38,142214
11,53,91,71,132635
6,89,62,71,334822
105,57,86,45,47697
12,75,83,49,110574
52,95,76,63,70378
43,39,86,87,198261
171,87,36,88,3387
162,80,89,45,4612
46,41,98,98,198315
11,46,70,63,216820
84,81,67,77,46497
73,87,73,68,24432
48,44,74,52,165864
105,75,70,36,29657
176,87,53,60,8477
50,59,51,95,91005
54,84,45,46,184191
120,90,42,48,31873
53,51,79,39,60370
8,54,55,67,208324
151,97,60,67,3065
17,72,67,61,75392
177,49,86,53,7878
24,59,67,94,100212
91,77,43,48,21394
68,90,60,87,25205
20,73,57,92,142060
61,87,79,61,171485
40,94,76,85,118618
162,53,99,95,8982
13,86,66,44,297915
16,74,97,49,59382
56,44,51,51,118462
119,50,37,85,33409
93,80,89,60,30382
80,53,49,92,30045
157,82,90,76,1051
170,68,94,37,8491
138,47,84,53,26939
160,72,37,99,3210
163,72,73,59,7463
103,47,35,88,31875
136,70,71,93,5459
20,54,35,93,143979
107,43,99,70,13297
161,66,100,59,4506
172,60,55,85,2646
91,46,45,61,17190
160,72,89,76,8713
124,91,37,40,44405
119,47,70,67,10104
56,89,47,85,139947
52,70,39,59,165730
34,68,88,80,132386
128,68,90,60,5072
169,72,60,93,6209
147,40,44,46,15728
149,96,95,51,7281
139,74,57,74,8241
49,44,38,35,94420
103,68,100,58,15289
12,63,99,80,92942
131,62,35,70,32378
12,39,48,66,230897
154,69,37,38,4206
130,93,35,62,33925
180,44,37,41,9423
98,47,74,96,34893
9,45,96,90,194493
48,50,43,67,151975
162,73,59,90,4540
137,75,93,62,7777
119,75,100,85,5669
157,74,74,96,4086
123,37,58,75,46911
47,81,90,42,51229
17,57,99,80,99729
79,56,99,46,47010
149,89,96,85,4472
12,62,39,94,276174
80,78,80,63,26963
127,83,77,54,47486
145,98,83,76,2252
11,70,42,62,338611
85,94,83,72,47421
97,36,59,35,21998
167,50,88,97,9674
81,38,43,65,173107
15,76,75,64,62464
30,84,49,86,150584
165,72,94,54,9302
88,97,84,56,29694
71,88,43,49,166386
100,94,68,88,47759
139,53,60,57,22920
32,91,64,57,190510
123,77,100,87,5310
117,94,71,95,3026
180,46,69,72,6399
80,74,99,91,31804
124,47,40,81,48748
100,78,66,37,36451
165,38,51,71,2897
104,70,92,75,28951
157,86,59,86,5637
100,38,91,97,28006
50,97,35,53,174322
93,60,47,57,24754
11,43,78,95,96996
6,45,79,66,298550
105,70,71,75,44139
48,49,47,87,113594
32,66,82,91,184130
81,36,50,42,165090
159,66,59,87,3384
24,67,65,70,151242
176,78,82,64,3316
170,50,60,81,9612
130,60,49,100,48099
165,78,87,38,1327
43,80,60,47,55291
180,85,47,75,8995
31,79,52,54,152699
163,71,67,53,7943
105,56,35,88,36259
57,69,95,97,33484
2,79,49,51,225998
4,80,45,98,320155
141,73,89,76,2738
93,39,86,56,35074
114,93,59,55,47055
67,81,69,41,141251
51,80,43,92,95078
130,95,43,87,1707
176,82,41,65,9549
55,95,39,64,168214
169,61,41,57,2652
135,42,39,36,34754
11,81,89,60,54453
119,79,96,36,14177
101,91,66,96,14978
29,47,74,65,71796
172,93,62,95,7546
170,93,50,78,2729
137,81,53,85,6310
143,87,69,93,1294
66,95,84,87,20541
51,63,39,74,193848
115,36,96,92,17636
68,92,69,48,101086
133,50,80,97,5747
40,53,36,54,58190
20,42,73,71,122146
34,72,69,37,142683
31,81,97,60,51066
106,78,72,63,33350
51,53,69,82,174648
109,94,65,37,34226
87,86,85,90,16164
128,87,40,96,9408
78,81,84,65,33452
142,92,57,72,5648
14,37,35,45,205051
75,38,59,77,156589
167,78,93,57,4305
54,67,97,94,78130
79,95,55,37,37567
9,76,100,80,134360
122,83,38,94,27759
28,81,97,65,107000
35,74,94,49,107245
154,74,79,81,4051
89,90,88,43,16005
64,35,47,72,97276
104,74,49,84,49553
180,60,100,67,1058
94,60,55,83,42454
65,71,48,41,116732
149,78,69,94,2247
130,89,43,62,34944
30,93,88,81,158841
22,99,88,45,145765
116,70,92,54,23711
92,84,100,47,33880
26,42,84,60,128740
51,45,42,91,177661
129,98,86,99,9069
95,98,89,78,42469
141,39,59,84,5936
121,36,44,36,41532
135,92,41,55,20030
0,46,82,38,343905
86,66,37,91,20097
151,67,37,38,10797
81,50,87,40,121447
114,62,55,42,28440
39,85,35,97,171332
116,60,74,37,11951
3,40,60,36,353969
84,37,69,93,47240
142,48,100,79,7564
28,68,93,77,195056
18,42,65,45,372039
152,54,72,41,6492
166,54,45,50,6092
41,86,71,86,113624
162,41,36,59,6351
75,75,86,99,35467
76,72,76,88,23044
77,98,38,65,33164
140,61,93,99,7436
123,48,58,82,30989
102,99,72,93,22043
50,72,80,44,139608
86,86,85,56,46078
72,39,63,40,52884
57,77,71,92,181454
36,60,76,50,139197
150,81,37,46,7166
110,45,86,84,26312
126,80,63,80,4727
178,45,45,97,3904
57,53,66,84,197577
71,89,75,55,23559
128,61,84,100,6952
9,71,75,80,128796
44,61,99,42,75282
48,48,96,77,158442
95,61,82,59,11142
151,43,42,93,2552
170,38,42,76,2328
5,76,66,49,330774
68,61,100,93,23211
151,85,55,65,6937
91,74,50,97,38695
27,65,49,76,193409
123,39,82,47,44498
78,64,40,59,168158
25,97,52,97,141965
67,82,84,97,48380
133,92,85,46,8086
125,43,41,63,46018
149,52,92,74,5952
30,90,69,60,136467
105,68,50,76,27028
60,78,69,35,53809
42,66,97,67,188049
29,44,57,73,79431
122,63,64,68,48916
138,66,58,45,29594
144,66,61,66,1792
63,98,62,74,38147
90,48,76,73,23057
80,35,66,98,42973
158,92,48,50,4012
53,47,65,55,103886
157,57,72,63,3335
111,96,79,83,26544
3,52,98,62,210603
120,92,90,54,31068
161,44,56,39,5721
8,77,38,76,345343
54,52,50,80,123635
89,100,78,39,30764
125,38,83,42,24201
179,55,61,72,4972
84,95,42,52,38675
164,49,72,61,1212
47,80,80,82,56645
119,38,53,91,26858
41,39,82,59,78233
108,41,78,61,29369
72,90,37,47,161930
37,35,84,43,130436
87,44,63,70,12074
145,52,43,41,10122
81,51,87,40,36662
152,76,76,93,5709
37,65,63,43,138015
101,81,44,50,48318
42,58,42,60,167766
78,49,82,37,149928
96,48,37,65,14170
16,83,37,89,191545
99,74,100,74,11821
24,41,84,35,380826
171,83,41,37,2373
128,85,72,77,7840
52,67,96,45,105508
121,55,68,48,14085
167,69,76,54,3184
114,67,83,38,31167
15,81,60,71,98390
169,64,40,58,1705
167,49,87,39,3546
173,57,79,44,4114
117,49,100,49,19747
177,40,51,60,6832
63,92,71,62,79653
48,75,80,89,160545
138,60,47,70,35577
127,98,85,56,1059
129,90,74,62,3764
96,37,97,57,15686
159,62,42,37,4421
88,87,63,93,35509
27,96,85,41,73830
45,62,58,41,64703
78,83,37,36,87126
120,55,43,46,17644
23,67,77,39,191518
122,48,70,69,11387
177,45,58,78,3994
144,42,62,46,12001
119,71,97,97,5361
79,71,45,53,164227
117,52,66,57,48457
20,55,63,81,64219
57,75,53,46,52948
121,60,97,86,9969
85,73,57,45,13678
71,82,50,80,14014
94,82,59,71,12661
28,92,65,75,166779
136,93,61,93,9670
105,37,41,50,40072
31,78,53,37,120009
59,69,63,79,53268
89,69,53,51,44293
34,64,82,91,73018
16,49,48,48,271520
165,97,45,82,2177
66,59,95,60,98545
89,43,74,41,13741
117,100,64,92,4597
117,71,78,40,29481
127,48,42,58,35319
166,83,97,60,6068
105,92,48,73,26505
158,84,50,85,2896
78,55,50,99,14876
117,98,95,66,3955
94,75,100,42,22730
24,39,79,36,321257
165,37,80,56,1243
31,51,90,37,180551
69,83,89,65,29408
148,50,51,35,46965
71,99,100,71,28839
90,96,55,71,12469
180,49,76,38,5430
22,49,46,88,65515
78,53,98,38,37391
9,46,41,78,293590
1,71,54,78,372651
69,85,65,75,26185
132,67,77,53,17199
120,37,35,75,16619
47,73,39,45,67173
11,87,89,87,169828
18,100,93,83,143242
150,37,90,92,8895
61,52,95,71,154304
94,99,48,39,37870
128,97,54,77,5847
84,76,73,96,32533
122,76,92,77,7665
88,73,47,73,36634
109,50,67,94,49647
58,85,49,77,197576
112,94,81,42,10958
134,36,51,38,42071
132,39,37,72,44048
135,47,84,42,21677
112,74,67,86,16520
32,71,38,94,160831
73,65,48,94,37629
25,58,90,43,190238
23,65,100,100,122739
100,68,73,57,43359
171,92,93,60,9725
108,74,45,43,26025
37,37,49,81,170885
23,45,67,91,187702
120,78,70,46,32455
2,84,63,50,236122
122,76,91,44,22412
165,42,52,51,3617
105,100,78,43,33656
88,40,64,52,89420
180,90,53,60,2436
151,40,88,73,4062
3,92,82,94,54841
25,74,90,73,174582
175,59,68,55,4480
153,64,72,68,2251
76,49,78,44,87638
123,66,45,82,29454
108,82,79,67,26003
46,87,65,65,70655
35,83,65,78,68556
58,57,76,76,135388
128,87,74,80,2904
149,86,62,87,7260
144,98,40,48,3832
37,47,87,43,146939
126,60,53,82,33247
157,66,45,60,4711
144,78,57,59,3340
111,99,36,66,13160
177,99,66,71,7859
114,47,88,37,10425
39,100,94,45,135623
128,60,76,96,7844
91,96,46,61,37330
27,100,62,55,112598
94,48,73,96,22299
37,92,90,73,189779
47,41,94,74,159575
123,92,91,69,4656
114,47,73,55,10978
1,78,64,89,218983
96,58,76,62,36333
116,85,56,42,49949
44,72,66,96,142652
95,95,47,81,37957
70,86,59,57,98637
162,61,81,84,4138
147,79,69,54,4768
54,43,50,89,142379
75,83,63,41,102812
121,36,67,82,25140
88,64,75,38,32354
110,73,58,84,15884
24,65,72,92,100356
113,84,38,86,32942
77,48,35,77,71983
117,93,95,75,6905
78,93,76,70,22061
101,45,59,79,39362
170,100,81,58,8500
164,90,80,62,7492
179,49,79,92,1712
71,75,99,74,47892
27,72,52,71,119828
82,61,88,41,39785
26,93,65,38,182158
86,86,97,79,29847
21,75,75,91,136175
126,89,40,73,27672
31,70,50,46,61226
136,51,39,60,32016
34,43,72,38,66691
146,39,82,97,6157
51,80,43,84,143761
37,61,54,96,72985
15,47,54,58,216360
177,41,63,39,3028
162,99,41,78,9135
12,72,47,88,52153
43,47,59,58,151347
145,39,52,97,8036
164,89,46,86,7664
139,43,56,51,25096
174,49,67,49,7426
111,82,42,40,28003
1,56,55,40,233146
95,47,35,56,27524
151,98,75,56,6436
107,46,38,46,31119
99,86,81,93,38334
55,47,78,69,76742
114,63,90,39,17618
52,94,40,82,166841
79,69,52,45,117122
120,57,81,93,10952
92,90,61,69,41275
148,90,82,35,3970
44,97,92,74,181877
28,74,53,90,65040
99,47,64,83,27010
74,97,69,45,28286
114,74,55,81,46610
157,96,71,56,9139
44,48,46,97,112426
76,72,81,88,44759
100,49,50,77,48022
42,62,100,94,91189
127,37,35,65,45286
83,80,66,52,31496
34,57,47,48,189940
4,56,62,38,341617
101,63,71,69,26802
129,92,52,90,1244
102,86,56,94,15869
137,40,40,62,41785
73,75,97,56,44894
156,68,36,60,1984
18,54,67,38,379359
146,37,95,72,7533
55,74,76,36,58820
144,73,41,66,7659
148,66,48,80,2171
98,82,41,74,13386
35,78,65,76,167290
174,40,100,43,1522
79,52,59,92,46381
114,35,97,63,43089
180,53,100,86,1158
59,64,47,49,57166
147,68,54,84,2690
157,90,99,89,9116
10,94,81,59,84328
144,46,86,45,1592
53,97,54,39,196728
117,97,90,66,8016
175,41,80,52,1165
102,99,51,72,39908
62,76,42,64,189583
8,91,93,39,77091
3,42,76,69,217036
132,74,53,38,34762
145,58,65,92,3696
172,83,36,40,4481
155,41,68,90,2260
137,91,81,61,7037
118,53,43,53,24171
58,67,99,59,73707
145,97,83,100,8207
84,100,38,68,25094
4,56,54,81,364849
33,78,40,90,79980
52,35,93,82,152645
6,66,95,91,85031
146,61,97,94,8740
60,79,55,78,161836
128,78,96,95,7874
78,84,75,67,33016
11,36,55,48,335508
150,84,48,80,4957
4,100,56,36,395100
60,50,98,48,86299
170,89,65,74,1242
6,80,67,42,303812
60,94,58,41,179306
123,63,54,37,49590
98,79,65,72,31984
133,42,62,49,30190
7,88,40,63,214962
33,41,74,47,117645
85,99,75,76,25987
65,45,84,69,96415
78,54,62,71,31762
92,93,61,66,12812
45,81,74,37,99866
115,63,92,84,22270
9,95,95,57,135509
74,94,61,89,28444
58,88,55,77,166490
108,72,58,85,13004
45,77,61,64,129709
126,97,44,37,30250
122,79,96,58,49213
125,78,97,38,30495
178,82,99,79,998
16,71,39,81,307753
43,67,55,66,119875
162,52,88,60,4708
116,99,85,94,4659
16,55,62,78,53525
169,56,72,48,7254
121,60,74,88,11150
18,76,75,84,182582
130,65,49,88,29636
172,72,84,58,3192
15,86,70,73,56480
152,76,55,93,7779
29,91,67,87,94431
176,39,94,89,2321
68,58,89,48,126342
14,39,38,64,252179
52,64,95,89,154034
96,76,63,69,45549
107,63,37,91,48262
149,61,56,83,2047
26,70,51,90,106373
80,72,38,84,14570
60,55,70,80,169851
63,52,47,47,94188
107,91,80,67,40089
24,73,50,94,75150
92,79,87,95,48705
154,60,37,73,9384
162,87,80,56,3437
51,63,77,68,182909
3,36,39,80,256398
146,72,93,54,7859
52,89,73,70,176905
14,35,43,57,367091
153,94,52,92,3419
68,48,80,66,71219
14,87,49,64,193063
34,46,80,70,196004
47,88,70,86,99573
98,96,99,37,45415
135,73,52,37,13729
79,35,60,86,152895
11,72,75,87,169564
127,47,52,53,25762
47,62,53,82,132460
175,53,81,94,9083
146,76,83,49,6819
67,61,89,49,64681
6,47,88,47,226611
147,44,86,71,4058
26,68,96,50,54410
20,50,47,67,339674
51,99,78,64,165606
78,50,89,52,26656
51,79,90,88,55640
144,61,71,56,6191
165,78,70,59,9447
12,90,85,84,109040
94,59,92,74,24707
15,36,57,64,226350
9,99,56,86,182309
79,64,58,39,78694
105,44,67,96,32865
154,41,61,44,3552
56,64,37,63,109405
76,59,44,83,175733
141,64,74,46,6617
141,35,83,52,35330
163,98,62,66,7168
174,54,67,64,1164
180,42,35,41,9377
86,42,98,42,38857
126,66,83,72,24974
136,80,99,83,5953
28,67,62,60,118124
138,68,82,61,2403
167,65,99,73,2249
110,58,57,95,17578
15,79,61,39,365306
34,80,90,58,92446
37,82,43,84,125076
175,73,39,45,2014
59,61,41,94,110484
76,50,46,61,95813
160,89,86,71,7768
119,49,99,37,20475
132,43,35,64,41891
92,61,97,65,27361
146,96,41,71,1582
85,42,91,62,37473
94,51,45,49,15363
94,40,46,95,36402
66,97,74,65,41268
132,38,60,58,11446
37,88,53,60,192462
51,95,56,51,127478
48,95,46,47,182409
10,98,65,45,262968
121,77,70,36,26214
60,70,83,61,113883
5,78,81,57,362162
97,60,41,66,19698
147,86,76,35,9894
6,92,84,68,91522
119,44,60,66,23993
11,74,68,61,253255
174,60,91,41,9429
25,93,81,69,106733
177,58,64,88,9735
7,84,81,80,90527
34,95,85,97,123863
33,59,78,77,80893
124,87,97,36,17207
22,93,68,61,118150
105,38,61,81,29572
117,74,61,41,25866
150,98,63,95,1370
154,46,51,71,1801
163,40,66,56,4337
28,45,100,90,101944
51,95,51,64,119191
36,39,60,35,95192
70,98,58,39,109557
156,80,86,80,8235
137,38,86,52,19291
178,57,59,94,5132
76,52,63,64,85702
101,41,75,71,24100
42,85,47,87,166849
152,47,71,64,4345
121,96,58,94,3448
105,94,43,86,49387
142,62,43,90,4530
35,90,54,89,100933
59,69,35,79,68628
167,72,58,38,1196
106,47,55,66,28853
94,66,91,82,16470
165,78,60,36,6612
42,97,92,82,81748
75,69,50,83,44363
106,85,93,98,31352
140,60,37,46,49528
64,97,84,81,29463
158,45,51,61,1598
55,81,53,91,122207
44,61,95,60,66614
156,78,63,36,6384
14,92,36,37,226870
179,89,87,74,312
38,77,47,71,89222
159,48,99,61,5887
114,56,79,42,34026
63,81,55,66,78008
44,78,75,86,172327
138,52,45,61,23226
101,99,88,63,28204
136,95,96,39,2888
14,91,39,54,312869
100,38,90,68,34871
149,48,42,80,2547
51,92,36,35,129086
54,68,98,46,188516
9,48,74,64,212744
13,86,51,96,52529
109,56,87,66,21000
21,72,84,100,69318
7,99,74,39,319341
163,51,75,64,2459
78,54,70,100,18963
177,89,93,76,357
45,36,84,35,61020
69,56,51,93,196416
85,37,83,84,14590
34,57,41,84,186153
18,57,98,67,120081
95,43,63,52,38917
28,95,39,90,56745
87,54,50,59,31223
118,91,55,39,10746
136,45,99,97,6321
18,50,90,64,64219
151,56,81,64,2702
147,60,83,76,7324
33,44,62,37,68508
175,100,69,86,2085
51,81,88,62,91060
22,69,66,36,384046
111,50,50,85,31954
91,88,54,67,28679
151,87,98,92,8541
36,46,38,65,182437
37,71,48,58,69882
104,71,76,66,34787
13,38,58,44,288437
106,50,73,52,21672
6,90,81,37,370112
32,93,66,51,128285
16,55,89,40,377072
83,60,66,78,40992
17,74,97,79,106779
78,37,37,72,101042
106,74,88,54,11806
92,39,73,74,15493
36,66,77,97,66225
48,59,100,43,107573
101,52,56,49,36374
140,70,50,75,5635
73,51,99,47,55155
57,54,86,40,94566
169,58,39,66,4344
74,61,57,68,57317
64,66,96,62,69462
101,48,89,92,44347
173,48,78,75,8902
1,39,46,81,303246
162,53,97,42,6142
12,57,65,64,356329
129,45,59,63,36645
125,53,75,72,41049
21,42,81,40,394310
163,42,80,98,4998
22,95,84,80,67879
42,44,54,50,55378
29,52,93,69,127383
56,83,44,63,132142
103,58,77,73,27755
152,68,87,89,7898
52,52,41,97,119878
136,69,99,39,2244
153,85,72,37,6306
12,69,37,87,296428
65,78,96,59,30019
49,35,73,86,73255
109,54,36,43,16822
157,88,92,78,7186
137,82,51,39,12249
106,100,38,62,24803
105,72,100,94,30526
105,59,100,74,41908
144,96,75,76,2568
42,72,75,97,54509
174,56,89,77,2340
73,66,38,79,185239
19,99,94,60,54808
22,74,36,60,305037
43,65,60,39,124398
13,59,52,84,339539
55,36,60,57,61551
140,47,51,92,5122
144,72,48,48,49819
68,89,97,63,35688
44,38,50,100,184979
147,51,86,40,9273
122,73,68,88,40679
81,99,63,75,36430
159,100,79,51,1170
65,68,35,57,67285
15,36,61,53,242779
34,83,41,71,160962
152,75,96,75,4841
87,82,85,89,35099
0,93,68,80,125962
146,62,74,91,5117
67,42,94,99,20019
28,99,90,38,160803
177,73,69,59,3036
43,81,74,65,177561
170,89,50,76,3157
40,84,40,87,70840
66,50,86,68,159267
80,54,90,85,33860
48,38,52,70,102084
34,64,97,55,198403
68,75,88,64,19690
55,75,48,55,135367
24,84,87,82,60142
82,63,39,87,34920
63,69,46,81,197801
54,72,63,46,188888
81,63,37,64,145725
87,87,38,91,17093
27,50,47,90,84607
24,100,64,37,191736
93,45,55,58,23299
94,99,35,88,10455
111,68,63,37,42266
135,96,67,42,6719
153,60,51,63,7442
72,39,84,90,15944
172,71,70,67,3437
114,79,41,99,42791
44,95,53,66,58095
147,64,93,96,7465
53,44,72,65,74860
152,66,51,79,2840
86,52,86,54,25037
140,77,55,40,15340
52,86,43,80,134970
112,64,77,93,33794
165,68,80,66,9079
166,35,91,54,1209
169,68,84,45,9490
9,42,53,99,279670
179,37,87,78,8775
47,88,50,64,164672
91,62,50,85,34992
152,52,60,40,3469
171,77,40,98,1337
79,47,99,72,43855
13,51,47,40,319645
164,91,87,80,2667
33,100,97,95,52768
41,98,51,95,86444
6,80,57,70,353741
147,90,66,59,7770
93,83,91,61,43453
94,79,60,48,37513
47,49,85,88,126682
107,62,89,60,33109
159,82,46,95,2441
86,79,94,99,26652
77,82,83,92,34152
98,95,60,73,22729
26,74,65,37,92711
14,88,45,64,302690
111,77,95,74,24172
169,76,37,55,2224
76,87,78,80,24628
37,72,45,79,171919
171,96,95,46,7609
136,36,42,77,22177
179,73,65,48,6439
102,78,94,36,36082
159,70,89,97,8492
110,74,58,92,46251
61,59,41,72,138950
85,79,66,66,18905
44,98,41,72,160260
74,64,56,92,49496
54,80,60,98,122406
14,53,50,59,340978
76,80,41,68,179814
150,51,47,61,6220
157,38,48,45,8719
130,35,43,35,45983
93,80,44,67,36469
40,85,56,50,93346
180,48,93,60,9595
132,99,45,81,3825
60,79,81,68,128709
140,57,70,97,4323
75,81,100,48,26304
15,77,99,43,82916
81,77,100,38,38670
122,41,92,38,13106
96,93,79,48,32933
47,64,63,70,63097
28,41,66,47,240702
140,88,48,40,48543
40,86,50,39,71399
170,99,44,93,6410
30,45,43,100,139643
115,50,82,87,38224
175,80,67,86,5688
54,85,74,59,56078
149,72,43,71,9708
81,56,46,94,23573
26,89,49,98,146528
2,44,97,97,59048
84,43,58,66,118256
170,46,66,54,6826
67,51,53,38,75692
16,98,56,100,64795
172,45,87,94,3076
19,39,59,68,253387
27,40,53,46,268120
12,37,58,42,286391
122,79,35,37,31312
14,84,54,37,212988
142,93,88,94,7180
148,57,52,51,6278
47,60,56,79,155891
63,69,61,51,105237
138,39,92,91,3505
73,48,35,50,166784
169,100,87,43,8236
39,90,39,90,153278
4,86,67,56,282922
14,99,57,40,395283
153,46,36,66,4249
94,95,45,68,10207
94,42,42,49,152660
146,43,91,88,2436
100,53,80,96,45549
117,39,67,89,29986
144,76,56,73,5815
124,61,80,62,27587
166,52,56,45,6713
63,91,69,71,71880
29,51,67,50,163548
2,58,57,93,233007
54,99,66,94,34303
157,100,52,93,5148
63,64,52,39,78484
135,43,66,48,33665
21,54,49,41,374540
97,64,39,35,31435
158,54,98,98,4429
137,63,65,64,5431
57,91,97,71,15349
36,40,96,67,98461
39,75,76,43,79713
14,38,68,96,187424
70,57,54,90,67716
129,55,76,91,4449
176,44,95,55,6307
120,47,82,74,29902
8,91,85,74,130203
63,98,59,62,192491
35,45,55,60,122771
40,49,57,75,106965
111,86,43,64,30779
170,62,42,85,9312
89,64,45,54,31997
30,68,46,82,100366
175,76,86,39,6690
64,86,77,97,20033
111,73,76,51,14582
42,83,39,35,132754
111,58,63,49,39827
43,99,65,54,126810
81,62,72,58,37314
75,84,41,87,35892
82,88,89,65,18679
99,93,81,83,37650
17,92,59,52,167555
42,41,78,78,178596
20,71,62,66,192248
53,61,74,75,163733
23,52,90,49,67900
97,69,61,37,23606
31,84,43,84,162131
89,68,61,49,19640
62,95,48,57,157118
64,66,75,60,108312
143,65,100,66,6513
152,79,58,37,4901
78,89,44,89,34725
141,42,49,49,23235
69,88,76,53,21972
26,77,86,80,185612
97,92,83,63,41385
26,69,94,95,153793
77,37,67,76,57692
28,43,66,56,184229
57,91,44,59,142235
114,37,81,89,30633
12,41,68,56,285331
106,57,82,48,36534
40,70,40,57,137138
84,94,64,39,35678
42,86,40,36,98139
171,88,41,66,4558
72,87,59,87,21229
156,40,72,37,1494
34,89,81,67,183108
92,37,93,52,12281
125,100,59,54,24794
156,52,61,76,3881
98,60,57,39,43871
105,45,53,46,44945
170,56,60,67,9727
148,80,52,39,1263
84,91,39,47,47714
164,63,66,82,6505
68,85,69,49,135358
64,72,51,79,170834
126,86,87,37,20333
46,40,80,95,148346
55,54,81,88,158712
30,98,92,89,100029
94,58,71,75,32424
28,65,36,46,214426
55,71,70,63,141092
101,75,67,47,24213
7,98,43,57,345886
20,35,80,96,158033
103,78,39,73,11610
100,47,66,77,36759
73,93,45,62,156464
38,60,60,66,192381
155,41,69,100,2069
177,42,38,49,3285
166,63,96,68,6273
111,52,97,86,14149
41,88,86,47,146080
65,92,73,61,18013
53,77,86,48,164311
34,52,89,86,150272
135,71,100,75,2562
147,72,46,76,4669
100,84,65,99,27125
180,74,73,44,5263
157,36,62,81,5197
88,66,61,88,33063
162,64,89,98,1557
32,98,64,63,82701
91,64,46,49,22015
9,95,57,45,240975
48,48,40,76,153312
118,76,44,80,27875
48,43,73,36,98707
51,45,71,56,174420
129,39,66,53,30838
114,38,80,60,18697
49,60,66,78,145932
87,85,93,72,42281
123,79,65,79,37166
110,95,82,79,36092
59,95,86,86,21595
61,60,83,78,147571
180,78,56,36,8951
93,78,99,95,29369
73,59,91,66,27388
74,44,56,75,53981
130,87,50,95,8707
162,36,95,90,3017
54,52,83,76,69843
170,93,83,94,4589
147,65,56,66,2070
161,61,78,64,4318
55,57,77,88,124493
67,87,74,94,48741
136,44,44,64,21913
35,78,91,77,108095
106,57,38,46,37771
48,58,47,68,101720
9,99,88,77,177984
88,93,95,72,12786
135,99,39,77,1025
10,68,36,55,206553
127,39,43,84,48409
112,92,44,70,17369
55,96,71,75,128053
47,56,95,82,88355
36,75,39,86,135520
89,96,86,54,41041
11,77,74,35,345977
130,42,95,39,24823
25,51,100,85,140230
46,74,61,74,182774
17,81,55,62,78544
13,54,79,95,52169
51,71,65,83,82948
38,44,43,47,165217
139,39,41,49,34869
25,72,93,86,118925
58,36,98,59,110840
18,72,59,73,76627
2,68,44,61,252079
89,35,78,86,41896
64,45,49,91,108697
63,45,54,64,196485
156,35,92,55,3754
160,72,53,38,6208
97,92,46,51,45331
65,80,84,94,39107
96,82,73,94,31914
82,89,60,76,31880
66,86,40,44,75979
76,46,80,83,42602
123,97,77,94,1973
125,45,69,57,42199
148,71,62,92,6684
27,76,95,67,115974
164,81,70,62,4337
22,39,40,76,260630
27,47,59,41,232961
79,92,100,70,16401
112,72,48,61,16283
114,77,91,82,20428
81,78,86,96,22124
158,67,39,92,5220
10,57,79,61,277021
55,93,74,52,100748
121,57,70,72,22359
55,73,62,55,167526
148,50,96,99,8812
173,98,75,78,9417
142,85,88,76,6549
24,69,56,43,304855
22,95,71,79,85086
126,48,86,70,13226
144,75,38,37,20258
168,74,92,73,6894
35,54,63,100,188973
150,40,52,87,7116
67,69,43,65,90927
170,51,85,100,6357
124,49,62,37,14764
51,88,92,79,150117
51,87,65,82,174149
89,65,38,69,36178
136,80,90,90,2305
59,82,92,97,19079
130,41,86,96,4063
1,67,46,82,389899
52,75,92,57,65828
163,55,89,90,4733
6,58,95,39,319801
49,96,89,60,146905
10,74,45,38,247873
166,57,79,76,1284
143,94,38,50,2029
41,91,62,57,123291
41,46,98,92,191852
18,79,88,100,163351
12,99,46,48,359017
98,82,58,99,44843
32,58,38,67,164550
9,70,65,38,206521
135,61,70,43,15796
40,60,38,35,57571
172,86,98,55,6319
75,59,60,61,135236
179,97,79,92,137
162,80,37,40,6884
12,80,67,96,109710
55,73,94,58,108984
160,41,80,96,9704
78,99,79,89,16197
120,97,88,86,7837
164,46,93,54,7486
85,66,78,100,25437
54,50,86,71,70141
168,39,100,39,2660
130,42,60,87,41359
156,48,39,61,6571
28,37,64,43,280662
66,66,40,83,91614
180,64,74,93,6038
42,50,56,97,191046
172,75,59,84,2346
179,65,71,56,1538
119,36,56,87,28556
55,65,77,87,73940
129,93,38,68,20178
111,40,92,81,25620
60,90,69,47,84585
63,45,96,81,182219
69,92,44,50,160859
87,84,49,93,11095
49,88,88,62,191159
50,67,35,35,175300
54,79,74,95,65523
102,58,48,35,24027
148,73,37,50,9259
153,88,47,95,5946
26,36,44,94,60072
18,49,81,58,134751
80,94,83,38,39552
158,100,88,36,5412
14,94,77,74,87343
29,97,58,78,95197
107,68,46,90,14412
104,95,74,54,40633
6,65,81,85,180965
23,68,97,94,173927
63,54,61,92,52733
53,73,41,88,188282
19,59,77,61,103473
65,43,87,55,126721
15,100,60,78,103020
97,80,83,49,24216
31,100,93,66,103459
170,93,64,45,7006
153,36,68,75,8381
30,97,89,95,180174
35,74,57,60,135521
78,68,62,83,32726
61,76,58,69,123136
76,93,56,95,17375
157,94,40,45,9983
78,85,53,84,30354
130,65,81,42,27680
98,79,94,55,39893
111,55,92,89,31275
80,80,78,59,27072
117,80,97,46,35016
63,65,38,88,185250
5,99,56,51,375034
28,51,36,66,254165
102,92,87,81,10899
165,47,95,98,9524
32,72,63,95,88794
17,79,55,46,351283
102,54,41,36,26660
28,66,79,93,158903
130,73,85,42,16189
5,92,75,88,145400
47,61,81,57,161817
141,95,59,99,8263
151,87,84,35,4561
38,78,39,99,191902
87,49,84,40,36728
97,63,80,65,28839
118,49,54,38,37324
126,44,75,87,22886
120,82,49,41,26711
170,38,85,93,8208
29,52,64,41,194947
175,57,71,87,6886
104,79,83,83,13281
174,59,61,46,2686
16,78,58,94,141465
143,59,100,84,5932
77,74,40,98,30251
8,40,51,74,312994
172,77,80,97,7272
62,52,99,54,192263
47,88,50,54,188030
134,57,67,74,44925
4,79,75,42,214578
81,84,65,38,37703
4,88,35,95,222141
6,64,49,38,283525
37,81,94,36,95618
116,53,65,56,48176
164,46,98,59,1796
12,60,56,44,324463
169,93,87,74,9323
90,89,37,41,11111
85,46,51,70,20896
85,35,83,85,15446
119,77,65,58,25058
36,99,97,90,106849
105,99,63,38,11656
139,90,82,53,6913
107,72,59,90,31961
27,95,85,46,96343
121,92,57,71,48154
16,90,87,36,174914
28,91,68,36,67275
30,78,90,88,94617
45,88,65,58,68082
56,62,67,87,164297
15,60,46,65,366554
35,93,37,66,51806
74,100,97,35,32148
89,40,39,62,142228
43,50,56,57,89850
67,77,60,75,85397
30,51,43,89,187733
131,90,52,66,9175
47,63,66,59,72859
62,43,48,54,136995
9,45,73,53,384052
170,95,99,57,6947
137,97,36,70,6749
56,100,54,76,51044
165,58,60,36,3989
108,68,96,75,18846
54,37,72,85,66272
48,55,58,74,190435
103,69,82,67,11719
40,88,78,45,169773
141,76,46,51,33641
24,60,81,59,163624
59,94,61,77,73998
152,61,86,44,3845
0,88,38,41,354653
89,99,63,59,32567
25,51,65,95,118164
0,80,54,74,264763
1,95,64,64,294934
172,58,90,95,9176
140,90,49,45,2026
23,43,80,94,174937
2,53,36,51,324124
129,87,50,44,37865
57,94,58,50,187314
8,40,99,58,247852
26,37,72,51,228975
176,77,41,55,8885
152,95,62,86,4062
12,68,38,78,305341
142,42,39,100,4547
85,80,99,100,26178
40,85,53,37,178037
172,75,59,84,4340
39,55,75,95,95216
28,89,66,45,185326
141,97,86,88,7516
49,88,69,64,67517
54,35,49,59,54627
143,86,99,35,5957
125,50,61,52,46651
49,48,86,84,129738
16,37,96,55,229984
0,90,38,56,372236
171,91,74,90,2598
102,73,41,48,24460
89,52,89,90,21704
122,92,59,37,10148
159,36,54,52,2717
74,70,95,94,37508
35,78,100,78,65180
89,63,82,70,30319
174,77,44,44,1503
133,50,94,60,3147
168,64,39,44,9842
134,93,46,98,9058
112,75,94,62,24335
122,97,37,66,30244
120,89,52,87,15999
120,95,84,42,26651
178,100,75,56,8806
136,45,47,90,32847
63,89,71,67,156264
113,57,94,90,48672
94,91,96,45,37559
167,90,87,62,5881
22,60,63,86,60861
105,80,35,97,39839
24,96,50,68,171652
150,77,78,66,8658
22,54,53,63,305617
68,46,44,71,168352
95,89,38,97,14619
145,42,66,83,4006
86,73,84,60,10918
95,97,100,73,31313
102,80,49,50,35975
89,50,73,45,17639
35,52,57,83,119611
169,78,35,41,3351
111,50,82,77,23377
30,73,43,75,87901
57,98,62,38,95814
69,92,38,84,12890
44,69,61,36,115461
117,82,83,35,37255
160,69,88,90,6262
3,98,56,58,383214
74,40,61,44,164121
109,71,88,85,14667
71,85,96,83,20418
27,70,59,70,63755
6,99,70,64,138802
46,63,39,99,120084
62,90,51,85,133312
36,43,72,87,114396
89,87,83,69,17695
12,45,36,53,263276
173,81,83,76,3472
118,53,73,41,23606
97,68,78,97,36822
47,37,68,43,193164
147,74,46,62,9879
74,41,48,53,140933
66,68,75,65,120822
77,86,81,54,13552
179,96,39,91,7282
18,61,63,52,226532
174,54,83,49,2573
119,56,94,100,2049
63,92,37,64,173666
9,80,53,92,179147
106,40,85,48,34889
135,36,52,91,32243
91,69,100,90,27379
42,42,39,47,63830
20,71,79,86,55116
175,96,85,38,5535
74,68,79,50,179672
15,65,47,39,204986
126,81,73,52,16803
129,74,64,44,15673
180,87,74,50,1943
124,95,72,78,1350
60,41,64,70,53838
112,45,63,40,38527
50,72,56,88,58871
134,74,58,75,6030
101,77,93,59,18567
24,58,96,77,73013
78,60,88,95,24045
74,78,43,76,98284
78,92,97,83,28942
106,45,88,64,33013
57,91,71,88,42840
68,58,97,85,20237
174,80,64,54,3615
152,43,56,71,1635
27,48,64,73,82779
162,75,97,76,9060
105,77,94,54,29553
118,97,58,69,23608
121,50,40,54,31747
135,40,42,96,22512
84,40,84,78,44311
23,61,87,85,105195
68,59,78,81,17798
108,47,87,87,17870
114,74,95,40,41768
102,80,65,97,38506
93,73,70,41,29265
54,76,61,36,164708
0,72,94,48,243024
72,81,90,87,23457
47,43,88,69,107344
40,66,74,45,192781
173,82,77,85,4772
41,60,45,59,192454
107,86,37,73,14698
162,74,56,96,3578
13,84,96,77,87031
11,99,68,57,109846
134,99,52,42,16744
41,35,49,62,143347
105,80,55,83,40374
37,43,54,42,139357
61,69,89,79,100920
52,88,77,40,96006
43,38,97,92,55557
80,72,94,86,47788
167,42,69,50,2297
33,38,99,95,59429
45,55,72,94,134694
163,40,73,63,8748
136,58,97,53,1096
122,64,92,74,23555
118,66,99,68,49508
158,93,60,56,9672
120,47,89,42,46029
149,90,55,83,7690
154,74,48,86,3921
39,77,92,37,50910
172,45,73,53,5038
55,38,43,59,68862
48,61,62,96,55647
86,80,80,74,35633
137,35,100,51,22846
23,84,63,47,196367
155,39,43,48,18549
137,67,74,40,13141
60,83,58,85,192794
66,64,72,40,172850
149,45,63,42,11708
32,39,96,71,110048
21,66,48,54,308573
160,39,52,97,2453
134,63,91,81,8546
70,77,93,40,135869
110,87,98,38,12560
69,65,99,53,27269
68,83,65,94,31227
78,89,72,67,34581
140,54,71,79,9016
58,86,52,59,195102
128,75,52,35,30134
158,72,42,68,2096
88,61,75,41,34463
129,77,65,81,4616
144,88,88,85,5533
138,96,64,91,8341
69,100,89,92,17152
73,96,77,76,27668
98,79,93,99,23758
120,83,66,84,23014
51,57,64,64,165236
47,66,69,66,145093
162,50,86,100,6893
13,63,60,52,249411
56,87,59,81,94211
161,50,70,62,9519
52,76,53,78,88941
73,78,61,68,39310
84,58,90,41,21715
50,42,90,92,70706
68,42,100,58,144377
53,50,38,93,92020
176,92,53,52,9379
144,45,49,51,49769
119,39,95,38,21223
103,82,82,69,11771
108,67,55,39,10660
88,66,52,92,46942
151,39,87,89,7276
121,75,41,35,14915
97,60,97,46,26197
83,53,38,39,193999
53,91,86,52,135311
137,57,86,81,9389
25,77,97,100,110606
140,85,39,81,1675
177,90,53,54,7504
43,83,93,38,155332
166,41,83,49,9545
117,79,53,81,18421
154,39,94,96,8738
55,81,82,44,196847
23,63,41,51,237213
24,70,95,69,65223
49,90,99,75,61655
55,64,55,44,142704
104,38,57,87,19322
112,90,74,36,19336
102,55,86,58,34116
165,54,84,73,6947
113,73,67,63,42130
108,65,61,61,35826
110,43,40,40,48887
25,77,53,50,109496
22,63,72,93,136063
147,55,62,84,3848
113,74,88,44,26545
72,70,41,50,143362
158,66,79,61,4349
142,42,42,50,29157
112,91,39,78,22324
123,62,72,80,40408
99,60,87,97,48974
111,72,49,43,30554
21,90,71,91,183051
113,46,41,100,19768
151,59,96,78,8809
169,67,51,97,2280
93,88,48,87,22377
63,67,78,68,130801
151,36,42,59,18312
31,90,41,82,158119
129,69,56,98,2428
139,45,88,48,16688
101,60,48,82,45629
126,89,46,88,5543
101,81,71,75,49194
169,63,70,91,5301
139,79,54,79,6409
20,85,43,44,330867
44,86,64,98,146480
129,83,79,51,31531
125,79,51,93,42115
137,52,69,82,2693
36,74,40,69,98793
104,64,58,89,33254
8,96,52,85,76726
18,67,72,47,308464
72,87,35,46,184655
128,41,73,66,20160
158,37,81,49,9298
20,75,37,35,331988
79,55,83,99,46418
123,76,91,77,9804
139,98,85,94,7598
79,62,48,66,82519
26,84,93,91,136786
154,68,60,74,6998
105,41,53,67,28421
1,49,55,93,352935
81,73,54,35,138840
50,72,49,75,128045
174,60,88,73,2296
127,43,80,40,25375
111,63,75,96,45175
119,74,96,58,48183
57,48,79,40,60006
61,51,62,47,72013
172,54,92,88,7370
108,98,86,77,33638
17,88,94,35,61556
48,69,69,43,88199
105,46,38,95,48316
94,84,84,82,46124
170,87,40,58,5471
123,48,86,38,48771
36,82,73,100,192860
59,75,66,86,197076
65,86,83,63,38143
165,42,93,89,7657
153,97,51,93,5183
15,92,98,84,149028
153,51,80,84,6117
67,53,59,52,89825
111,92,98,91,2730
142,60,82,48,2488
8,41,89,46,239824
107,42,76,71,16035
0,43,58,68,236899
3,63,50,42,339866
38,92,46,78,169043
24,73,58,40,127895
160,82,36,72,5903
55,55,69,94,195598
150,76,98,100,5688
40,54,43,91,162251
144,52,97,60,4547
83,47,51,60,81109
80,38,41,51,151628
85,84,40,64,19713
55,73,48,88,169021
21,91,75,44,150854
138,46,48,64,19531
157,72,99,81,7122
176,92,51,40,5750
94,62,78,52,41207
159,78,97,92,7574
125,51,73,93,44110
116,91,68,87,40545
175,94,77,38,6871
74,86,66,85,47257
139,73,44,44,38007
150,47,82,78,9174
92,98,74,40,44935
71,77,66,83,45145
122,53,86,86,19552
107,39,100,75,17605
19,88,100,52,127670
47,69,73,37,184012
145,39,89,47,7305
17,77,99,75,184181
165,47,56,63,3413
107,51,71,98,38354
131,74,50,45,37354
25,99,36,79,65265
79,99,98,41,23602
21,82,66,60,100295
5,80,89,89,151048
120,97,35,55,31996
19,63,77,79,72879
19,71,72,79,149036
169,80,94,47,3427
67,96,83,52,41562
105,87,52,85,22968
100,99,40,71,11803
80,36,87,59,49674
155,79,71,51,9516
55,92,38,89,153216
37,79,64,71,137071
138,92,69,51,2789
145,64,50,88,1259
126,49,61,38,36362
84,97,100,73,18091
161,67,84,94,1327
71,76,62,61,166096
90,42,80,58,37762
167,85,58,56,7857
67,42,92,49,170071
169,73,69,75,8727
95,78,69,61,42192
69,100,97,63,44846
180,59,47,74,7998
134,66,58,35,20862
46,85,70,61,67227
89,47,59,56,25860
20,49,71,79,104169
110,89,84,69,37048
71,45,42,88,100653
128,54,68,91,17393
140,88,87,86,3693
35,59,92,89,141513
165,68,47,39,4927
114,51,91,65,32976
160,38,89,58,4999
72,81,50,55,64658
96,65,48,40,41940
156,89,71,93,2962
117,76,94,96,5415
57,36,42,90,142115
163,47,73,40,3946
104,87,62,60,41790
135,91,89,35,1679
22,88,76,84,194643
7,70,44,64,280739
15,64,98,45,98847
54,38,83,78,90094
47,60,46,79,123736
0,39,88,58,202457
9,95,74,78,194239
11,56,61,48,280792
51,93,72,54,189085
19,90,64,75,119459
70,97,63,78,42215
78,91,58,53,19404
131,56,40,64,27994
138,82,80,61,7546
85,93,88,51,38721
167,45,48,47,1847
155,78,97,95,9154
16,84,60,41,203450
78,50,51,69,76451
83,57,43,52,179244
74,82,100,57,16868
137,72,93,77,3797
141,86,95,75,1055
34,78,73,49,59198
139,42,35,76,36654
121,64,77,60,22926
103,93,45,81,22624
170,73,89,52,8773
169,60,52,75,7432
42,48,89,92,80089
27,48,60,51,221153
13,60,68,58,352798
103,54,73,79,30513
149,67,40,50,4692
22,52,48,84,53900
35,49,39,87,174463
10,36,58,46,265978
66,66,70,55,143039
121,43,78,93,10894
62,75,36,62,93520
30,56,93,62,181443
75,61,35,36,144187
94,100,83,53,10667
166,53,98,92,5368
78,75,39,57,169492
125,44,46,44,23115
126,64,58,47,17688
145,69,38,75,9491
169,44,35,88,9493
140,98,89,97,2681
60,54,99,98,43611
106,47,91,79,22151
85,72,88,70,39428
66,45,61,51,143305
97,67,39,96,10710
124,78,48,91,29088
43,38,64,89,125921
83,78,96,65,47982
76,57,48,36,56027
127,90,58,71,38188
41,52,37,47,175545
156,100,93,82,2074
132,73,75,39,27031
152,86,86,41,5067
46,100,93,39,123387
169,95,97,84,521
171,58,97,73,4942
8,56,70,62,382327
98,63,39,38,43202
14,94,60,57,134070
28,91,96,93,186239
110,69,80,67,30806
9,82,78,97,124951
84,75,73,57,21532
105,87,91,82,34339
61,79,97,42,163305
37,75,36,41,145614
104,59,85,84,45551
63,46,87,44,147462
98,76,100,78,20523
106,92,36,89,13105
147,81,60,35,4008
96,49,48,89,31061
55,57,88,37,87165
133,59,51,62,17071
92,57,50,60,20144
175,89,75,96,500
101,93,48,55,17614
173,89,96,73,9250
89,73,91,88,29003
144,74,100,88,9262
43,91,70,91,117448
170,78,96,95,1266
76,67,100,57,45569
176,54,49,100,8453
3,98,99,42,165763
141,92,45,93,9471
87,66,80,62,30326
15,46,96,68,126069
126,81,56,37,27152
52,98,78,81,173890
165,97,75,55,7126
140,100,100,77,2904
25,95,96,48,74245
168,94,43,78,4842
97,93,47,64,15883
178,76,60,93,9301
91,37,75,35,153616
114,84,93,97,4977
76,35,48,55,118079
37,35,39,78,116527
56,79,94,100,10734
46,60,43,85,144317
135,39,73,74,10916
96,60,90,91,38294
169,47,68,87,1301
60,90,63,48,170902
12,51,63,36,284541
19,90,86,59,59968
9,93,59,62,197915
60,92,78,57,74525
124,51,72,64,41122
31,54,98,70,109328
170,60,41,68,7564
61,94,98,84,11100
118,88,44,59,19233
63,93,61,92,38114
117,77,45,39,16073
38,82,54,53,82398
148,81,69,78,1506
133,57,73,52,48125
167,70,62,98,4922
93,92,72,78,11789
1,69,35,80,330747
62,79,91,71,21885
143,84,48,40,5756
137,66,40,36,11062
48,61,90,48,169190
102,85,59,87,38682
162,89,92,71,5067
8,62,89,80,172494
69,61,44,57,138724
172,37,93,77,6730
6,61,96,76,102995
135,51,39,97,15255
6,71,89,42,272516
4,51,92,97,158518
112,62,92,84,27257
66,65,46,89,137524
100,38,76,88,33829
0,82,77,54,271185
176,51,87,56,9785
9,58,46,38,389821
132,60,93,96,7479
4,60,40,58,246814
180,41,44,73,2493
77,62,76,96,45196
179,56,91,45,7686
3,56,98,95,85171
133,40,100,70,5427
39,75,41,56,67907
105,45,36,64,47187
180,55,59,39,6357
65,83,42,61,60497
27,45,80,55,118127
159,56,55,56,2673
64,99,77,75,17308
117,38,57,68,39224
145,67,59,86,6426
130,89,90,69,5344
67,93,93,47,49005
174,37,55,99,5497
12,79,96,64,96026
13,87,44,65,263442
118,53,46,98,23926
113,89,43,40,21136
169,89,83,64,6410
62,56,77,62,85985
31,88,68,65,129712
131,48,49,94,11555
19,83,52,58,123114
32,98,59,52,178877
19,69,40,43,336883
155,53,97,41,1036
88,70,51,71,15072
48,90,68,64,106218
178,43,54,81,1996
67,46,39,59,138353
168,72,80,61,2780
44,52,66,36,166648
19,92,72,35,158996
141,59,43,95,4815
135,50,42,57,12632
33,52,78,49,199596
126,57,99,66,41601
159,67,77,47,3419
136,96,91,82,1938
66,66,94,35,81088
105,95,42,41,36532
169,66,51,62,9623
53,76,70,100,171502
28,91,67,87,97881
62,99,36,36,91594
115,71,36,95,45049
39,97,59,72,58996
26,84,68,78,176023
131,86,89,46,7029
162,40,81,57,3930
67,99,93,43,28991
8,78,80,49,284213
180,82,76,51,9738
158,38,82,48,7135
45,82,74,84,198883
143,56,70,53,3145
6,81,83,77,60468
127,48,66,94,30155
51,100,38,97,100464
105,35,98,71,37005
69,41,58,89,106536
122,37,57,70,19846
175,47,95,58,8082
100,67,58,56,29044
115,40,53,63,49034
63,48,64,55,141025
59,79,65,62,134855
63,71,69,70,107797
131,83,73,52,1059
85,44,57,93,35042
89,41,47,37,134391
10,85,57,66,360297
165,76,77,67,8246
164,91,98,98,6307
51,61,93,53,183414
65,90,40,62,98303
97,82,88,50,12539
34,64,82,42,120250
113,85,44,62,39603
59,44,48,97,74238
55,40,53,86,61184
77,45,80,79,24686
107,92,66,44,10908
110,47,70,53,17155
117,41,49,80,18397
47,100,38,37,172114
68,62,57,64,175526
50,75,98,77,127003
90,92,93,74,23997
61,83,57,78,135736
171,53,78,45,7715
165,37,50,43,3856
37,99,69,69,80691
47,42,61,43,137771
157,48,57,63,5633
142,50,47,58,21381
61,91,70,94,31236
123,56,37,70,27504
35,44,55,83,155071
119,86,82,94,8019
118,84,73,50,38187
5,95,40,100,122296
167,96,62,81,8688
179,49,68,54,5667
74,36,84,48,154375
43,80,40,42,95350
92,78,61,50,24374
128,85,97,67,4633
102,88,61,53,18475
150,98,73,83,9892
110,43,57,41,44974
59,95,60,88,83566
168,62,40,68,1859
107,43,46,50,22870
158,67,41,37,2774
37,90,57,36,177843
148,48,96,45,1760
99,54,86,50,31932
135,96,55,98,4943
157,70,39,72,9918
18,61,47,43,223134
171,79,76,85,2268
112,92,64,39,21271
36,81,79,39,113968
85,81,59,84,22764
172,64,82,85,1747
45,65,68,67,92105
56,51,45,51,115945
133,50,38,96,35811
55,57,67,65,131365
132,71,35,79,46398
29,94,58,65,149611
172,38,95,73,5690
151,80,87,82,8688
21,36,50,39,290507
179,60,49,93,5443
166,97,59,75,7510
20,95,91,45,180194
74,35,66,68,152416
110,53,76,93,36312
114,72,65,100,35047
105,84,64,69,13581
58,51,100,55,177325
51,99,48,50,57560
135,68,67,41,20388
132,46,93,92,5439
164,79,59,61,8730
118,76,76,94,28894
79,56,92,45,42717
102,46,61,35,18649
79,73,94,88,36520
147,70,57,35,4828
154,86,36,55,3952
110,82,73,76,34518
93,79,36,77,42505
103,52,73,40,40971
169,86,61,49,5114
63,85,81,91,12067
19,98,72,72,103312
75,39,98,61,35875
59,74,40,70,111807
138,83,62,56,1339
46,100,59,66,90080
39,64,93,62,180094
116,57,91,35,39980
177,98,71,95,739
134,98,52,63,3534
113,94,88,55,46409
176,70,51,87,5110
39,85,99,47,124405
96,60,49,39,47121
114,99,94,90,9691
118,72,91,85,4496
126,86,35,52,24362
91,76,40,58,19427
70,41,50,92,121736
169,48,90,46,2884
14,42,92,87,72701
91,41,78,48,49135
114,40,69,95,26456
129,85,65,61,31987
109,65,77,86,19914
19,86,74,78,116181
86,91,92,64,37875
51,45,81,39,65246
129,36,88,80,10349
126,75,64,78,11545
29,83,69,99,71150
69,86,60,39,96702
13,85,49,46,218161
45,98,93,60,177260
131,84,59,74,1355
36,44,72,95,106561
26,41,43,93,155128
54,40,56,58,155277
169,56,50,47,9823
36,86,58,51,94047
128,35,64,58,22333
1,49,63,96,341836
64,79,81,50,99021
106,37,39,60,49771
14,89,56,71,66888
156,60,45,54,5331
83,67,64,84,11569
132,46,86,85,6062
57,98,40,83,164375
36,44,100,90,160930
70,100,79,98,24991
9,55,46,47,351539
80,44,47,68,178058
127,83,40,46,29996
76,60,50,87,24738
174,66,95,39,4059
129,37,77,39,48577
9,61,58,56,312642
143,64,77,38,3920
71,50,100,89,44226
83,91,85,52,16992
96,62,62,47,12716
105,43,63,72,31277
113,93,92,44,42235
148,90,60,49,8330
88,49,40,62,95596
47,97,92,55,179739
21,61,91,44,134757
171,62,84,85,6366
128,68,69,95,8453
75,74,99,71,37520
142,47,63,89,5355
14,82,90,49,181110
78,94,78,77,28508
177,73,88,57,4771
162,88,92,96,6388
180,73,52,56,2699
104,87,37,96,39917
75,80,90,83,11976
1,99,76,92,67673
62,95,35,60,117052
4,69,47,61,357579
93,84,93,65,10580
164,36,99,37,3963
129,76,77,55,26428
19,77,84,77,130919
81,94,66,39,12201
24,84,73,45,143435
67,52,62,76,166539
149,74,96,37,1838
120,54,60,75,17338
144,87,86,67,3627
104,98,42,67,32982
110,41,93,67,21936
28,73,91,98,190885
65,43,63,62,89021
52,80,73,92,54821
133,79,74,57,6236
121,76,72,50,14014
148,55,59,95,1472
59,76,95,66,184059
138,81,94,70,9164
160,76,47,48,9377
114,74,99,39,37764
172,92,73,46,6645
165,50,95,93,5426
78,45,45,50,141301
157,75,35,72,8025
97,94,53,93,16755
67,44,51,63,58837
118,97,65,59,19046
148,50,38,80,9711
133,87,98,85,8928
62,40,96,67,163921
168,50,93,43,9388
116,44,41,100,11658
62,38,62,69,70392
155,35,61,73,5564
91,58,85,90,36696
25,86,40,93,51908
11,97,70,43,192658
28,42,77,69,67871
65,55,75,75,113478
3,99,44,44,206984
144,87,69,38,8491
112,45,78,94,20210
109,66,80,57,40825
164,92,77,49,3754
129,39,87,79,30071
92,75,97,66,45689
1,44,77,77,307620
109,57,94,40,28700
20,92,62,42,57521
57,74,35,99,112985
68,54,96,47,140297
164,44,37,68,7045
164,68,66,92,2896
151,43,75,58,6383
125,93,69,72,3139
118,66,85,62,47218
135,75,57,88,9679
22,66,44,69,148658
62,70,83,80,96106
158,68,93,88,4544
157,57,43,89,7016
55,73,52,76,127934
72,99,67,64,44436
177,99,44,94,5300
154,62,79,86,9253
116,94,74,49,34414
6,73,85,41,316363
13,68,73,98,122459
125,68,61,56,39713
173,78,52,71,7022
67,94,82,85,32371
83,86,86,88,30392
169,56,73,57,9567
160,75,64,81,9263
56,96,91,59,162039
16,82,73,49,187232
34,67,52,64,190398
134,62,52,81,30466
147,65,48,57,9701
1,63,84,93,53243
139,76,69,75,2974
109,47,73,100,32178
115,67,70,47,12871
173,80,78,80,9004
30,58,66,50,52488
107,58,68,86,22591
86,87,89,72,10744
68,87,84,63,16217
105,95,84,50,36198
93,78,50,62,35589
153,45,35,77,9808
35,100,91,40,122381
154,60,47,52,4109
5,62,39,93,201998
110,79,87,36,47808
89,97,92,38,39230
145,78,86,83,9678
157,86,71,97,1267
16,68,62,38,284321
45,48,47,92,67585
66,55,85,72,165318
25,40,52,40,206968
177,59,82,58,9093
86,79,77,90,27608
69,67,79,41,128737
69,79,71,55,142889
171,64,45,42,9933
55,89,37,75,93657
134,97,97,60,2569
121,73,94,60,32077
137,88,65,72,7001
24,99,84,58,149281
177,84,49,51,8452
4,45,86,68,291216
32,83,65,52,81346
4,64,79,72,319660
95,63,70,43,31927
57,65,45,76,153658
130,91,48,80,4837
146,94,65,70,6566
25,99,36,79,101149
152,74,52,46,4607
170,66,81,79,2058
121,43,44,99,36084
9,53,84,39,385500
115,39,94,99,10509
128,63,85,70,3719
63,48,66,43,174370
138,82,85,38,5904
24,51,81,42,92297
108,35,36,44,10346
116,61,47,97,29466
141,60,73,62,3704
164,61,81,68,3833
161,67,77,61,8471
68,56,68,77,169511
123,50,48,73,20347
11,89,40,74,388250
12,58,93,80,162631
95,78,45,95,32307
137,35,97,46,36628
77,70,51,92,29093
158,60,47,97,5074
62,45,98,66,156761
107,88,89,96,43006
86,69,99,51,20281
120,45,62,73,24517
99,45,92,74,41107
63,82,65,36,79482
40,94,80,74,169340
41,55,37,100,91354
23,84,55,59,196819
124,77,81,57,26315
20,100,85,49,64332
57,60,93,79,61682
93,98,61,65,26907
101,79,66,88,16647
112,66,49,89,13880
126,74,83,72,4318
55,68,35,44,186407
173,58,48,73,1339
168,90,70,58,4161
28,56,45,75,122437
138,86,42,65,8290
5,47,40,61,248248
44,60,38,71,121963
31,87,67,60,126432
115,64,39,40,32121
123,96,44,44,45540
43,90,38,47,85017
18,96,43,80,150151
73,74,96,80,11157
28,53,49,91,137333
20,85,73,54,181305
1,66,38,41,267330
24,43,60,98,72362
1,35,82,97,328362
163,97,60,40,8961
42,35,43,61,143254
116,37,95,36,44633
80,65,99,52,15765
101,76,38,38,38736
40,77,89,53,73700
157,41,98,36,8159
127,43,57,48,45381
123,79,50,91,39831
24,75,96,52,128385
168,68,46,76,2846
91,93,85,87,35069
2,42,93,64,272258
54,68,77,62,95272
157,96,63,36,8769
104,91,91,76,33088
17,61,88,58,58670
161,56,97,70,2371
83,95,76,67,30360
118,59,47,81,15361
121,79,39,65,13230
97,75,80,86,45027
106,39,46,55,31768
92,51,58,61,12812
171,96,63,58,3551
59,65,38,43,167849
76,88,35,95,23128
158,79,94,76,9148
154,92,68,44,9570
110,59,37,68,15147
136,45,73,47,12402
10,69,42,41,348548
69,91,69,45,70215
84,83,69,63,37735
168,40,44,57,9877
139,89,47,41,39668
139,95,59,36,5839
25,85,96,73,105763
115,45,98,76,21736
122,53,38,37,24221
9,40,65,65,377839
8,60,36,38,348959
5,64,89,62,333196
109,70,39,63,31387
121,56,93,73,44433
13,44,82,98,70098
71,94,55,53,88222
19,92,76,44,115879
139,43,63,54,33232
2,42,73,98,306350
122,56,39,92,35544
104,97,95,86,36731
100,67,56,85,33993
49,51,80,78,96264
132,73,92,43,6084
22,81,70,65,128675
22,90,80,92,103155
87,94,48,59,21206
171,80,47,96,6906
139,82,67,71,1378
116,77,84,80,46598
72,62,45,54,169382
157,70,70,92,7570
4,47,43,91,210522
102,84,68,99,13500
86,68,42,82,40627
99,100,45,86,33550
163,65,58,55,3143
157,98,73,35,1352
169,39,46,63,4842
60,85,70,36,51052
40,63,98,92,111065
10,41,95,100,102404
64,61,41,99,78696
47,38,42,94,155219
135,50,53,35,31092
161,79,97,40,3918
65,42,61,68,185195
158,51,89,43,8992
44,40,48,65,124165
10,36,51,70,372674
42,67,63,57,138240
74,62,59,41,84005
74,68,56,84,29119
103,91,59,100,34463
57,75,85,55,103326
55,81,77,65,73215
61,37,72,92,121431
126,100,95,51,9262
96,70,55,80,28299
15,56,40,90,335423
44,92,62,51,141659
49,93,46,96,105591
92,36,59,65,11198
104,75,84,57,14934
95,56,90,50,48841
178,40,36,96,1481
122,76,77,86,7073
147,90,93,82,7178
135,66,79,61,5982
2,91,99,54,81942
120,75,35,38,15446
9,63,49,53,214822
109,87,80,52,35602
69,56,89,98,29752
109,42,99,37,21509
69,52,92,35,133733
94,57,42,63,39099
114,96,53,93,41216
123,53,56,39,40980
152,58,35,62,6972
18,48,42,71,260796
9,47,73,98,78547
44,40,50,56,121386
20,99,64,58,52879
140,60,54,95,2266
133,77,83,43,3319
3,66,51,75,277272
44,50,54,76,105347
175,57,67,59,8985
100,89,38,62,21292
81,82,47,77,14360
39,80,92,90,133595
100,59,50,85,38539
98,87,86,58,17530
13,56,65,92,101524
146,87,36,87,9050
52,91,59,69,75547
86,51,83,90,28888
130,56,48,37,40501
86,55,85,58,29244
171,81,91,53,7305
130,73,94,44,8335
1,79,61,87,213960
102,35,67,72,23472
175,37,66,55,4907
144,76,46,79,1163
79,85,41,67,20287
32,61,81,100,97951
146,44,56,100,5481
107,52,53,64,18687
133,61,49,65,33467
137,55,81,89,9030
163,92,53,98,9585
48,88,95,93,185914
129,42,53,48,40741
16,97,60,70,94180
147,76,90,46,7772
55,41,96,95,187353
49,54,62,48,94536
134,39,35,44,48129
64,94,54,92,16570
156,36,60,93,3813
30,72,56,100,179443
172,70,68,43,2995
109,38,97,38,33147
171,74,70,69,5817
115,65,80,83,48597
105,53,76,64,30640
49,65,44,56,72659
36,97,85,42,75847
7,89,43,85,230607
180,93,79,71,702
65,98,70,84,12146
94,87,91,53,42611
67,77,92,93,20691
39,47,43,100,181380
80,38,48,42,193456
172,96,70,35,4728
174,87,44,80,4700
3,91,72,46,395614
129,35,59,39,23871
141,86,55,59,6730
66,84,67,51,145385
169,65,85,70,6132
84,47,66,39,181595
168,71,82,77,1860
40,90,45,43,77476
5,60,50,48,240994
41,87,56,87,169050
139,87,43,51,48076
9,72,73,64,261473
32,66,46,99,53539
9,53,57,91,244906
98,93,88,36,42995
47,40,77,51,119966
163,58,95,63,2593
180,43,76,73,8108
121,74,93,78,1010
90,39,83,85,32632
15,41,78,60,253027
180,78,46,57,5477
29,97,37,68,172544
171,75,82,42,2780
36,89,84,55,194929
176,61,42,68,5625
178,46,85,97,1423
149,42,62,84,9095
138,55,60,48,28254
13,37,91,41,306485
114,99,59,65,46949
137,43,42,53,36111
173,35,37,68,2914
145,67,43,41,43565
76,47,47,76,60875
100,97,70,69,47804
55,39,78,62,153849
97,65,41,41,35347
107,66,62,90,35062
108,42,48,64,25234
129,44,50,56,49679
34,83,36,100,88640
146,38,75,90,5857
158,56,82,38,9360
44,42,43,52,191342
34,64,52,75,146279
85,82,48,53,35117
142,55,60,46,19418
102,69,36,54,44387
11,87,51,52,209319
151,71,64,86,6270
36,58,84,54,70601
25,77,81,77,177871
159,41,66,99,6433
180,68,90,100,515
97,84,58,80,18948
113,44,40,86,47098
49,92,86,47,61900
58,73,87,92,26659
95,44,60,53,49740
76,68,78,52,40072
111,50,60,99,40657
102,61,38,85,34531
130,100,50,62,9337
1,78,54,90,365751
103,57,94,79,16446
77,71,42,39,58201
112,61,35,42,47770
126,62,68,77,24547
155,83,95,71,3824
88,36,57,85,16544
152,61,54,70,3801
28,76,92,66,131547
157,94,45,45,4439
110,84,35,61,35715
31,40,75,70,141302
86,64,91,45,25705
130,82,40,41,32059
60,88,85,82,32368
167,37,64,58,4522
1,78,74,53,377342
151,84,54,91,8774
104,92,65,71,19145
137,97,70,89,9431
170,99,46,96,5247
129,81,90,50,2937
28,88,85,48,85165
57,69,43,71,87357
102,46,45,61,14439
170,84,54,47,9967
70,98,78,46,34871
146,88,35,47,1692
169,59,78,95,1946
75,86,97,88,43161
86,93,42,85,10388
75,76,46,58,110816
117,92,71,76,31014
150,83,41,71,3038
37,74,63,51,124482
147,59,94,72,7462
38,98,55,66,105142
11,57,49,46,322243
34,95,61,67,103028
113,52,82,100,35961
57,69,92,41,174518
108,43,38,66,44359
55,78,47,38,141827
14,35,99,45,249372
92,97,72,79,44377
67,38,82,43,67753
174,94,86,67,3180
26,75,35,85,105138
99,66,81,57,23582
153,71,89,36,4986
31,89,90,63,192956
83,70,87,73,31067
10,64,87,42,392741
19,46,84,46,369269
79,88,53,48,23747
149,38,93,68,4321
127,52,65,76,44388
9,56,57,47,384999
122,47,85,98,42338
95,47,63,81,47529
117,57,90,53,28798
177,69,83,80,1092
99,87,65,56,27986
135,53,65,66,40926
54,65,85,61,109567
109,77,85,84,37580
102,75,85,58,21805
51,84,91,96,39774
116,87,65,64,41856
137,78,40,61,40995
19,46,83,86,72537
4,98,92,42,105965
16,55,50,61,215986
5,76,50,79,208450
39,54,41,93,130476
51,37,55,87,116015
157,45,59,84,9152
8,79,63,96,76510
166,69,47,50,5930
94,89,99,69,18975
128,84,48,96,8558
150,97,63,56,8375
92,40,63,36,158223
95,70,54,89,44405
179,56,49,81,4536
107,86,73,36,37692
151,95,99,87,1883
148,35,93,81,9304
32,49,58,70,102385
89,85,74,56,10143
103,76,50,39,30869
169,64,66,87,4730
50,62,81,35,103955
149,92,47,73,2818
166,46,58,52,7414
143,81,58,79,5442
168,65,50,57,3125
22,75,52,70,72539
74,85,66,70,23991
125,72,88,38,12989
62,84,64,50,102739
25,63,45,58,64898
41,73,41,52,98993
72,51,93,88,38300
41,78,54,81,66151
178,52,57,35,2345
132,52,69,59,39289
151,47,55,73,9447
90,45,83,69,26459
56,62,100,99,20184
149,85,43,70,9431
165,100,77,39,5158
98,85,77,99,29773
157,72,85,72,6630
66,82,46,54,60086
71,36,89,40,180386
127,96,83,88,7389
137,58,63,40,40905
77,91,37,58,160482
8,64,78,87,51365
59,57,95,41,169211
74,73,93,39,37817
91,48,61,50,33425
146,57,75,48,2575
155,95,72,58,2947
168,52,83,60,7658
76,72,48,35,65738
117,45,74,38,14617
80,98,47,56,49801
91,47,35,72,27142
152,76,67,91,8716
97,96,37,64,11526
81,57,100,95,34833
154,82,97,39,9085
73,58,93,84,13160
21,78,78,71,86119
168,52,94,86,7351
176,79,43,60,9345
29,61,38,85,101026
97,44,70,80,40311
133,37,84,76,45253
166,89,45,64,6483
80,90,63,51,15733
20,44,73,81,156325
51,75,81,77,61300
122,98,94,59,6621
170,70,80,56,1174
32,47,90,47,98360
27,99,58,41,115865
82,58,43,49,171271
121,51,53,43,48719
37,42,40,83,158460
148,68,46,73,3911
5,66,94,42,220645
146,89,43,86,5925
175,73,87,97,886
32,98,60,79,188740
162,79,67,65,7874
105,49,80,82,25698
84,74,35,54,175695
149,88,99,49,6948
78,48,83,40,198126
115,98,85,93,8862
116,83,74,49,17621
6,96,88,86,127827
0,100,69,44,246403
101,99,85,64,23046
137,78,66,78,2088
168,46,36,94,2048
117,95,56,90,35910
39,85,56,62,119752
3,60,94,57,355304
57,42,85,95,104016
119,64,51,57,31655
85,86,92,56,37962
171,71,68,91,6048
167,54,51,86,2841
81,84,50,95,15675
145,84,64,83,8265
148,56,81,59,8735
155,67,100,38,1463
11,51,70,50,228646
150,43,89,98,2881
137,38,64,45,36162
146,47,91,37,6487
77,72,61,44,71940
154,41,47,94,8565
104,78,62,57,10011
151,85,56,96,5633
57,49,40,36,129006
23,69,81,65,120599
75,36,93,97,48032
53,55,56,89,149022
148,36,76,86,3597
130,59,96,49,45781
104,44,78,75,14064
106,71,73,42,42137
40,38,38,58,89305
45,78,67,70,146974
165,64,48,84,8747
0,95,37,84,361699
131,77,48,41,27963
134,82,96,59,3512
117,98,52,38,44000
44,92,37,46,164650
144,56,73,73,5089
106,50,85,63,47069
70,75,91,62,37980
148,38,49,87,1857
173,41,52,55,7771
135,93,54,89,4133
17,90,56,42,250570
106,46,82,97,11562
34,36,42,54,331335
67,65,66,47,164517
25,63,52,46,363969
169,41,81,88,6606
14,92,67,97,169529
175,100,99,70,846
16,36,67,40,211178
99,45,39,64,40601
90,58,93,95,33065
108,73,37,72,39737
47,47,90,93,102286
79,77,91,55,22254
180,79,70,97,993
124,35,67,66,35814
125,60,95,51,48088
68,63,97,40,99902
104,93,55,79,12988
86,69,86,80,10193
56,76,50,39,130615
149,82,60,68,7969
134,59,91,46,48558
26,68,68,71,193289
112,94,60,79,15919
70,57,99,73,26578
172,97,88,61,5686
35,39,85,66,71999
16,60,56,75,238381
58,44,39,89,173754
26,92,37,84,52940
25,52,41,79,162012
5,69,87,76,179539
59,79,100,56,167131
50,51,70,83,69432
43,56,42,52,103971
71,72,63,36,124170
41,55,36,39,111719
135,64,84,56,9343
25,95,42,46,80733
29,89,95,96,147054
26,35,75,48,387129
73,84,76,74,10013
99,45,97,83,42164
105,44,88,41,11104
139,89,70,41,8831
33,99,63,60,191385
44,51,70,97,152492
65,76,77,89,13639
78,65,90,82,38999
0,36,76,43,361310
95,36,58,77,42453
42,85,80,35,180171
116,35,97,96,38348
167,63,69,45,6593
138,97,90,41,6170
38,76,87,55,181533
122,35,58,40,32398
116,96,69,69,28289
104,77,69,39,43897
158,42,40,87,7223
43,83,42,98,95955
31,87,97,94,80028
160,56,65,58,4074
32,60,85,64,94568
27,60,42,49,304752
110,42,89,92,18578
136,48,54,38,37645
151,62,65,98,5826
116,51,40,94,41498
165,68,81,66,2386
119,91,80,69,35563
149,50,39,60,38492
151,66,57,83,8667
118,96,100,45,17503
145,44,94,42,6679
80,75,42,71,20426
126,79,50,60,24581
158,61,77,49,4839
57,83,59,70,106039
58,86,74,77,177568
130,46,99,77,1100
69,80,94,95,15334
24,37,97,64,106660
70,55,35,94,98417
86,37,52,77,47963
77,75,58,58,10770
72,58,100,74,38123
70,43,94,73,135280
161,96,95,61,9829
144,94,76,81,6484
148,42,92,97,2565
24,90,68,84,62929
52,75,57,95,76326
30,100,36,94,51046
34,35,82,83,150157
14,64,55,42,325830
104,68,98,76,42996
180,44,92,38,3392
135,46,59,61,44433
72,89,92,67,17250
176,39,81,58,2451
141,70,85,40,4728
81,85,86,46,16480
94,35,45,50,126656
91,43,42,59,118041
167,57,96,57,1055
122,57,43,38,46257
161,76,37,68,2497
104,77,71,46,30432
15,96,51,49,138601
44,36,51,99,57005
29,78,94,35,75120
163,58,59,45,3659
121,63,45,57,30377
0,81,75,57,283555
104,39,84,43,15251
56,59,92,40,65306
64,86,99,42,148911
7,48,58,98,208944
92,59,40,35,138973
55,96,62,63,130359
22,78,72,83,103546
9,61,42,64,357708
57,37,39,56,61329
88,74,39,50,19332
14,52,81,38,392569
111,92,93,68,20013
67,60,37,91,169972
165,75,38,60,5902
108,76,45,45,12613
165,54,60,48,1634
24,89,85,44,177416
21,63,41,52,339678
170,69,38,85,5957
29,87,48,70,138203
75,68,60,40,151262
105,53,81,95,37620
106,86,52,94,29256
32,66,38,75,53078
25,85,90,85,101176
33,52,89,77,60647
148,52,48,87,8954
56,98,36,91,186752
89,88,56,78,41394
28,40,71,92,123850
103,84,94,48,14165
138,61,72,96,2615
145,86,58,41,5365
177,58,47,53,8218
142,86,51,56,9627
127,80,38,41,32425
39,95,50,52,187700
1,88,52,88,317600
72,49,98,42,71755
173,73,86,42,5017
49,61,72,55,79913
44,92,57,88,71135
51,75,58,54,168374
154,36,94,85,6601
90,40,72,88,21802
79,96,97,69,49414
35,90,91,75,114286
130,72,87,86,5808
36,82,75,83,152754
70,66,72,54,84951
67,60,82,80,11209
66,63,44,99,153568
21,48,40,64,309037
46,54,50,68,68863
7,56,68,94,314092
36,57,58,47,156319
59,72,82,60,172327
76,35,38,47,108534
30,58,39,83,132542
33,45,91,63,185573
160,83,57,63,9536
88,48,51,62,38424
114,100,38,54,12595
133,99,84,98,2026
36,37,67,93,98378
142,90,95,96,4606
13,40,67,43,209867
116,85,37,90,32307
140,47,92,68,3743
46,69,53,85,159410
147,63,99,72,8600
123,62,67,47,42983
171,86,75,83,9045
134,70,60,61,28711
80,67,52,39,89238
121,37,70,69,40642
120,46,49,38,29127
15,40,97,57,277132
171,35,91,61,4096
85,96,52,64,34989
83,81,56,76,17102
3,65,85,84,53079
100,42,45,63,19398
166,47,98,83,6138
126,86,54,88,1504
94,39,96,51,41991
180,71,53,44,2579
176,71,92,49,6523
140,54,77,75,8727
55,78,81,84,77679
53,73,92,95,153533
110,53,56,69,37278
1,56,46,96,268396
147,85,41,58,5930
69,87,68,67,34214
57,74,81,77,141068
169,96,89,83,3665
176,67,62,91,5471
119,38,54,69,33289
52,73,87,44,177058
64,35,87,80,94827
83,61,62,65,13462
71,82,60,89,40163
104,91,92,35,37473
28,56,74,96,177245
129,69,56,52,42593
122,70,80,71,24067
17,77,63,52,148446
121,62,87,49,26767
42,67,36,93,83312
162,52,55,98,2747
115,79,54,38,19507
97,86,73,46,29704
54,82,43,46,112927
68,91,62,51,114021
162,93,53,84,1153
107,94,78,90,30450
42,57,56,81,116314
54,60,35,96,118089
148,42,54,79,5564
64,94,90,65,19044
86,56,96,90,48371
122,42,96,58,42723
155,56,65,96,2366
68,73,74,89,39510
63,42,78,72,116463
54,94,93,39,103246
82,71,61,47,35577
133,99,64,86,6928
14,39,49,35,306766
47,88,89,61,192842
157,94,100,80,3099
80,69,76,90,17212
51,57,63,63,97672
18,42,84,41,200246
138,100,62,90,4367
129,95,59,88,9080
175,46,95,36,2600
51,68,79,35,168002
99,86,90,92,25066
49,59,46,99,91893
63,88,70,78,30932
118,87,47,78,21651
69,85,45,88,34319
60,74,38,61,93791
6,45,98,86,126868
120,40,95,100,16600
84,87,62,39,10100
57,58,65,75,192581
67,80,44,71,144843
112,44,58,46,44195
135,39,88,70,2013
111,72,37,70,13349
7,95,41,96,157922
106,81,58,40,49659
135,59,75,92,7096
109,37,43,86,19913
81,83,39,96,24451
159,61,58,72,4983
142,59,38,66,18876
34,87,64,83,117933
82,86,36,93,42239
28,64,56,53,161847
85,52,99,39,40667
138,92,52,90,1271
43,48,43,50,191099
99,48,51,99,28557
53,36,51,57,135120
11,47,46,91,204693
17,49,73,67,310423
7,53,86,46,222343
135,89,68,99,2899
34,66,85,40,77528
39,82,60,71,60675
139,72,50,95,2559
144,38,84,37,32791
11,69,100,87,156844
160,52,92,79,5238
142,79,96,78,2299
166,73,35,81,4016
117,88,54,43,16381
27,98,69,74,118453
1,37,48,81,354205
50,82,61,89,89123
112,83,58,44,16003
16,56,93,78,111194
41,57,94,96,171710
53,47,61,74,156057
91,44,49,79,40900
81,41,64,64,76997
154,83,91,98,5542
175,75,64,37,3596
29,88,41,42,130469
62,97,98,64,25300
48,73,68,44,57176
95,39,69,45,15375
147,85,35,45,2340
78,73,82,62,42088
74,70,96,44,33765
4,62,93,43,304358
91,96,72,58,49615
120,77,50,100,25169
45,55,94,44,68921
145,75,70,100,1301
117,57,73,38,40466
180,70,83,61,5400
101,35,80,96,34780
98,100,56,73,16363
43,36,93,62,166953
13,50,85,62,362267
52,86,59,91,83288
10,79,36,88,231649
169,45,63,39,8462
159,63,100,35,2235
118,35,38,49,16277
101,35,96,98,15936
6,37,95,75,382932
31,46,41,85,191484
94,99,94,79,48433
138,67,42,79,6575
103,68,79,99,43203
137,77,45,70,5320
145,97,39,65,5111
8,36,71,93,326160
57,42,86,86,57629
33,82,58,47,172673
90,99,38,98,14937
166,97,92,50,5058
83,96,44,96,14437
80,65,39,52,186581
105,84,62,58,29641
145,38,83,66,2406
92,100,92,45,26238
103,99,51,100,23173
112,38,66,63,37708
57,87,39,95,77668
13,88,75,50,161833
99,55,35,61,34970
119,48,89,61,14501
20,58,53,58,292312
44,63,45,58,88923
134,74,57,72,4486
28,78,62,55,155736
48,71,55,94,84326
137,55,63,93,4092
85,97,80,39,39198
104,74,38,58,38201
118,60,100,42,20177
77,54,100,89,11357
84,73,84,54,11605
155,77,100,62,2352
150,69,56,39,3107
168,63,69,79,3226
13,90,45,64,358886
97,58,92,64,44711
66,63,76,96,34218
28,100,91,95,97388
103,91,89,78,13455
155,71,57,92,7862
159,70,66,93,3943
86,61,58,70,39676
141,78,82,66,8159
119,51,91,73,10927
129,76,72,89,4361
45,77,36,70,164979
149,72,88,56,1879
106,65,87,93,18800
85,83,61,91,34709
173,59,43,98,5510
146,99,51,68,8587
140,93,55,99,1751
5,45,56,45,242148
25,91,60,55,104681
14,97,69,45,82968
105,84,63,98,17080
95,60,62,82,36305
22,73,55,83,184090
93,70,71,76,24471
68,74,44,65,74569
29,85,70,95,80437
34,94,66,38,69299
26,81,40,60,73019
23,78,48,47,83433
42,77,100,62,111952
139,84,87,94,6052
25,65,91,46,64212
134,50,86,55,42794
110,57,59,45,34894
84,88,44,84,38671
111,35,64,89,48604
85,40,58,39,195286
130,47,88,97,2925
97,81,89,83,11976
2,56,69,62,210921
139,35,57,62,26496
116,70,88,81,20637
151,97,62,55,7631
75,54,96,85,20535
84,99,62,88,40977
13,48,78,74,301409
64,52,68,83,78626
123,89,96,58,4792
47,73,82,43,182380
153,72,96,60,4213
176,77,42,74,6144
131,49,50,88,42522
27,41,72,58,180526
67,71,69,40,177648
115,88,48,53,33526
138,79,94,92,4159
77,58,45,78,96414
172,66,51,88,1005
147,35,98,35,5964
0,80,94,77,188667
37,36,46,57,58814
8,42,84,96,167270
92,93,44,46,27276
115,64,81,75,24182
6,86,79,72,156064
84,92,80,99,47761
103,38,76,83,19136
116,41,43,61,48434
87,70,77,42,28913
120,70,82,80,41647
134,46,89,57,45340
52,97,85,92,35094
118,84,58,59,32571
35,91,71,86,195854
6,94,71,55,224673
45,55,86,63,82068
166,61,44,70,5702
15,70,68,71,104471
67,93,63,65,13649
88,37,56,87,22207
75,81,76,38,99361
41,77,76,37,62261
80,45,69,84,19339
98,40,66,45,45468
12,73,80,68,93331
103,99,41,37,19159
48,92,62,61,127156
70,47,56,39,139109
126,87,73,71,8229
102,40,68,86,49069
12,92,87,54,162517
54,65,93,53,170517
97,62,47,86,24845
73,95,75,79,24033
85,48,70,42,139355
167,96,48,83,2540
0,83,51,69,376578
12,71,72,40,329785
62,83,43,70,105830
78,91,84,93,29825
134,81,90,42,3339
169,73,99,78,6645
121,47,46,89,20139
21,53,64,88,174249
14,64,63,66,378845
107,50,70,82,46070
27,96,90,90,174234
16,96,55,71,65218
161,63,94,45,8897
81,94,68,67,20811
25,59,36,37,369759
0,58,84,77,385079
43,67,72,86,181362
16,92,82,77,139903
43,67,36,44,152299
174,42,57,82,4692
91,97,71,46,21344
14,44,76,60,324720
150,98,51,68,1824
85,38,84,93,12509
112,97,60,35,41171
145,46,72,76,7080
66,73,93,72,45983
138,62,36,54,38363
71,72,90,73,38190
79,57,68,51,173754
23,69,57,42,366325
86,55,53,65,29782
111,58,80,42,10332
2,68,91,92,55282
20,99,100,91,118905
42,60,60,42,99316
81,52,70,36,154706
103,68,80,96,15304
137,52,67,41,41343
156,72,73,59,7436
66,58,83,55,155144
168,51,55,98,3843
35,71,78,84,158505
112,89,44,72,43328
71,36,78,69,116039
115,55,91,57,37935
70,67,51,76,80224
47,82,91,95,110924
43,57,87,67,99652
55,62,57,97,139606
110,36,99,38,26903
125,83,63,89,8518
5,58,74,46,360813
13,61,71,96,166546
79,48,73,39,54683
25,87,97,45,121712
40,74,80,38,66094
10,61,42,55,281120
126,39,96,66,35657
71,61,60,74,96620
81,41,55,44,140225
3,63,46,85,389668
110,65,60,40,42284
16,54,76,81,196505
95,36,71,53,19103
114,94,91,98,5100
145,47,70,53,7492
108,57,66,45,35281
132,47,98,69,8708
150,50,60,37,38793
123,57,91,43,31426
32,58,84,86,117883
88,90,100,79,24720
86,98,42,77,29079
28,47,35,63,280561
36,35,82,89,176657
110,97,56,45,42028
105,37,79,37,27737
13,99,91,49,110853
116,36,98,62,17005
66,37,87,60,130387
143,88,50,65,7230
129,79,88,93,1442
149,68,90,68,5450
153,79,55,77,3389
38,47,76,79,143526
178,51,97,41,9835
30,90,38,74,134079
46,84,57,85,152095
148,43,59,70,1622
170,62,98,79,5968
47,42,48,49,152566
152,97,93,63,2124
126,75,54,53,16490
18,100,99,37,125927
37,36,90,71,86843
131,78,79,81,9796
153,43,82,65,5570
0,93,45,36,231488
69,100,36,47,194210
46,35,52,66,85935
10,54,42,72,337989
1,89,37,100,315427
25,82,42,64,132842
42,39,54,86,189284
130,75,98,58,9705
43,75,41,72,114172
8,87,62,53,296195
131,47,45,36,19085
164,90,86,38,3179
176,86,68,56,1652
62,49,74,72,124600
54,78,100,100,44631
165,63,90,40,8573
173,65,55,72,6427
146,44,80,100,4501
162,77,64,97,2904
82,63,100,56,44722
169,58,60,65,3390
129,73,46,78,13370
87,72,100,74,35290
18,54,77,92,52897
104,88,74,61,16599
111,57,93,41,11383
65,37,73,41,64006
7,66,53,46,299209
90,55,54,38,177634
28,98,45,67,103664
25,70,45,64,104879
56,68,88,85,114739
5,93,88,51,130727
136,36,54,40,49665
118,89,82,92,2248
169,55,40,64,9342
35,37,68,64,56608
114,76,55,38,29888
175,85,58,80,7771
26,85,54,52,81623
154,48,52,99,3551
158,54,79,35,7438
118,61,90,50,16093
6,54,65,59,239277
0,51,61,58,385021
51,85,100,91,36093
54,87,53,47,173676
133,35,58,40,41973
75,89,52,55,14031
164,53,90,96,2041
157,90,76,87,2737
85,84,38,97,27776
55,83,56,46,103678
63,51,68,73,170263
128,39,74,97,32434
144,94,35,38,22680
44,66,48,85,146729
150,80,61,70,6192
169,84,91,98,3477
110,88,87,63,22708
68,48,61,39,196037
171,49,35,58,9651
108,96,91,54,11977
13,87,69,96,102727
146,76,78,35,2639
77,80,85,66,19939
146,73,48,63,8181
115,45,81,58,30885
176,89,89,69,6419
163,49,79,96,6581
12,65,39,42,263628
168,51,66,39,4965
136,68,35,74,29893
125,66,84,93,7619
10,57,60,97,191892
89,40,85,77,14632
129,48,51,74,20534
152,82,83,67,4866
44,65,97,72,191518
107,74,92,99,20506
142,91,59,73,2308
10,47,55,37,220377
160,56,96,39,9471
166,95,82,84,4901
180,55,72,93,1016
68,78,97,57,20905
93,82,81,80,36583
33,47,44,79,114127
88,42,39,54,104616
99,74,50,38,16703
19,66,100,94,137059
22,69,51,44,260135
37,66,88,91,110376
24,48,79,78,85445
37,70,73,73,132188
161,49,92,93,4891
68,39,77,42,187456
77,97,69,66,42746
96,58,84,93,49872
127,72,72,55,31677
157,74,76,52,7074
12,55,95,72,96009
42,54,69,89,96637
78,76,52,49,103569
140,91,43,100,1493
143,36,50,35,22497
104,60,78,39,26916
34,88,84,78,62628
3,76,75,70,215639
132,91,45,79,1607
21,45,72,93,80595
137,53,62,51,20112
4,66,87,91,183332
170,73,68,39,2809
131,45,81,65,22566
64,64,65,81,110303
170,37,46,45,8695
156,55,92,77,6105
4,86,47,46,252176
0,42,50,49,247378
152,65,36,93,5824
30,46,51,63,114469
163,97,49,64,4565
178,45,91,47,5822
54,97,36,90,172357
6,77,65,95,174605
27,59,99,66,61480
175,58,76,70,1414
127,61,100,79,3870
108,49,68,37,36108
23,77,61,43,66727
144,73,89,79,5251
100,63,63,45,10385
137,61,69,84,4657
1,51,58,91,283526
82,50,70,79,20249
62,77,85,37,103737
162,70,83,35,2961
168,91,54,48,1745
179,88,83,64,3946
11,65,71,61,351534
115,58,75,98,44650
72,50,48,81,60397
109,58,47,43,25024
153,83,76,79,7747
151,76,75,82,8502
76,77,42,97,29700
119,97,40,86,30968
20,48,92,59,65698
8,70,91,39,206224
93,41,40,86,47573
105,89,48,35,24048
164,83,46,39,9773
115,45,87,89,45150
49,87,89,37,121567
172,70,53,38,5922
88,46,97,90,45866
124,58,60,56,35618
100,68,45,79,28468
150,74,77,38,3385
14,57,46,86,265192
104,93,92,93,34007
150,35,90,38,6916
16,83,85,83,113091
168,91,90,66,1414
143,66,76,68,8650
164,50,47,100,8328
104,69,71,74,29335
53,41,36,90,66352
103,91,83,42,39523
81,80,80,76,33935
72,87,41,41,150003
115,47,54,87,49165
85,86,95,95,37191
93,74,97,91,42503
131,60,96,88,4311
145,44,70,36,19688
174,66,85,90,6901
143,100,67,47,2565
25,47,67,49,247877
4,67,88,50,213229
151,39,84,75,8350
80,54,84,69,17630
160,44,75,74,7277
160,50,58,94,7520
73,45,78,37,176934
119,53,74,87,43014
163,54,62,91,3434
85,71,52,80,47994
122,91,60,67,15468
21,51,78,86,177211
128,64,73,69,12814
88,45,85,97,23653
122,68,89,54,34783
16,68,96,68,147251
146,100,76,85,1198
176,63,64,59,5035
112,96,72,51,41561
128,52,97,80,2426
124,84,88,65,3144
45,69,83,68,124496
26,46,38,86,102095
10,86,60,62,222855
103,61,89,88,30131
127,55,83,68,20617
86,68,74,41,12137
51,83,71,96,106718
1,45,51,79,308151
173,66,53,38,9796
88,48,56,82,40927
10,93,48,41,327684
39,59,76,78,92756
103,62,94,55,25711
48,90,91,95,97972
37,36,37,77,103282
167,92,68,59,3025
31,56,99,55,161336
20,62,53,48,370198
23,54,66,86,194704
51,92,44,49,91178
9,55,53,56,390270
37,49,78,64,78253
173,38,40,72,9705
67,81,63,98,29023
139,45,42,94,26025
159,73,38,78,2458
178,63,70,94,5718
54,46,84,96,54484
154,43,69,47,7892
43,80,87,35,157478
140,39,59,44,19348
21,76,54,62,196652
68,71,83,67,36247
115,40,49,49,27140
136,95,90,39,3429
153,91,69,44,1020
139,43,50,88,47246
22,73,56,89,169529
26,82,73,55,178782
80,79,53,87,42853
104,83,95,94,46059
75,58,73,95,27640
113,57,73,45,43405
152,68,56,36,3738
143,45,96,53,2961
150,94,52,89,8135
141,93,67,70,8078
119,79,59,49,16163
33,92,94,64,175836
92,79,74,72,26586
46,63,68,45,140358
112,59,67,65,40080
15,93,100,37,189807
177,94,42,41,8645
9,94,59,76,180606
95,66,59,50,25759
93,72,39,41,35292
7,67,96,66,50858
147,89,97,40,9243
1,73,66,85,263172
91,66,37,96,38684
69,55,95,48,120470
106,56,66,75,12473
179,88,96,77,998
165,73,79,80,7072
68,77,41,78,176123
101,78,74,77,18509
170,53,83,99,9524
152,75,57,92,3263
42,74,64,68,133593
104,94,35,46,46269
92,51,92,72,38093
137,60,92,51,7349
4,54,85,80,362178
150,43,45,81,4836
176,78,47,42,2470
21,72,61,60,51302
119,99,81,95,5269
131,65,38,63,32600
78,78,37,93,40858
133,81,41,35,47559
76,77,62,63,11012
106,40,50,35,12325
45,96,57,55,199810
127,72,62,78,28778
166,76,76,94,2848
76,41,85,66,138999
142,93,46,76,1284
60,63,72,41,152941
114,90,70,76,15119
3,39,80,36,270655
104,88,93,67,38206
133,58,83,85,7517
40,36,77,66,61659
22,50,78,36,239430
20,92,57,94,83144
24,69,79,41,74004
31,87,59,36,191628
136,85,36,79,1543
79,66,42,54,90596
6,43,36,53,333435
68,79,96,44,22666
25,94,52,93,136164
45,46,66,73,143136
54,44,69,40,63950
67,96,43,63,70038
133,78,98,78,6747
141,43,57,91,8571
18,40,85,73,156688
70,59,57,92,177242
161,65,72,80,4467
8,47,98,54,321493
64,94,75,79,41045
172,92,57,66,7663
119,59,67,100,14457
143,89,70,41,8687
130,69,70,64,15902
86,92,62,76,19312
145,39,43,43,40737
142,96,69,74,8402
123,94,90,75,9629
16,59,43,90,275992
150,36,79,99,9107
6,100,96,64,171395
93,70,69,100,32633
75,38,89,86,22474
19,53,42,61,245703
17,63,80,70,176850
136,44,100,35,20883
175,52,79,49,1178
3,53,45,62,378161
74,88,99,81,33287
117,38,68,88,43084
100,54,37,74,17574
68,66,58,85,97986
169,69,66,88,5396
175,83,68,50,9714
146,63,88,87,1194
75,66,90,97,16275
138,37,61,78,49581
69,81,68,76,17139
39,49,91,48,89630
139,69,59,36,10785
34,43,45,72,118176
65,75,58,84,111700
20,40,38,43,260740
67,43,52,93,107679
28,82,85,76,50843
104,79,69,40,17403
21,97,53,52,99009
72,51,75,67,98465
151,74,62,73,8700
164,36,40,86,4332
174,77,74,45,6261
1,73,97,97,100806
145,35,51,88,1121
123,73,82,100,3069
19,77,90,58,144689
42,55,82,100,68703
167,55,86,42,4838
85,92,39,76,25982
108,64,43,75,21058
60,40,60,40,94084
60,67,79,74,57447
91,79,72,63,30103
63,85,40,81,174592
84,66,88,70,15976
98,53,71,51,13023
15,92,78,83,190594
4,92,80,89,51096
144,46,58,90,3742
121,50,56,78,14174
20,42,83,40,224656
103,81,70,57,27822
109,96,91,99,1292
67,51,41,86,136145
167,71,91,44,5688
173,39,39,61,5356
60,42,65,55,198706
20,85,93,36,145645
57,54,74,63,184532
88,44,95,35,32446
97,91,48,59,31721
20,50,66,79,52632
59,53,81,98,65406
32,55,97,76,148408
125,77,60,67,32123
32,83,75,70,85783
94,56,81,54,36454
151,77,50,61,1300
164,47,85,36,6707
104,93,48,83,17965
109,43,58,75,40651
31,81,55,76,92094
88,36,65,90,12717
14,52,66,48,208381
51,56,48,68,198943
55,87,83,97,48287
79,74,72,52,23055
109,82,80,56,39052
53,74,64,89,74759
41,76,96,87,136609
52,98,35,61,168288
62,75,92,91,42421
121,100,79,57,41657
149,94,45,62,9748
123,56,97,65,37932
150,50,53,97,6681
42,53,52,40,174429
63,43,69,36,86194
120,59,84,41,22699
1,99,93,58,67341
37,96,99,85,56621
51,97,45,82,78656
100,88,84,72,12005
135,40,40,66,30005
114,91,98,88,5017
174,88,53,73,9128
125,94,67,66,4223
170,80,81,48,7361
117,84,99,98,3070
124,93,88,60,7699
75,47,88,74,10259
180,35,40,89,9257
117,52,63,87,26032
130,54,38,42,38117
104,62,100,60,21553
70,83,83,61,19504
71,83,97,66,18722
177,56,43,69,3886
78,38,71,62,74354
111,59,43,95,38128
144,43,88,39,8164
123,81,53,100,7357
105,67,77,60,15615
34,87,44,75,199873
125,51,100,45,24142
173,54,47,51,9693
159,50,57,45,4195
141,79,67,79,4048
50,57,63,40,145142
132,74,55,93,2752
147,58,37,91,6212
70,97,81,53,39922
140,79,66,64,5265
108,76,41,37,16914
145,76,43,91,7918
96,76,92,90,20169
145,73,84,67,9375
24,48,89,41,52435
157,96,91,71,4254
84,99,86,37,40342
69,68,50,42,118500
120,45,84,40,11133
142,45,61,79,9357
3,79,44,88,376540
139,90,74,71,3835
11,72,64,81,68761
41,39,82,85,109172
124,100,48,81,9048
179,60,81,37,4457
168,64,71,37,2543
8,51,58,48,205045
79,52,73,81,26922
91,68,53,40,35245
91,46,49,73,21110
63,98,49,92,21074
0,41,43,35,263534
99,44,36,57,26742
146,72,81,86,4835
48,57,84,51,64200
1,96,47,95,132186
96,61,69,52,42212
67,95,75,77,23232
138,85,86,77,8353
69,63,65,62,195002
177,70,53,46,9675
75,58,99,55,21741
97,60,69,92,49324
156,43,36,36,33697
68,91,57,53,154303
176,79,62,84,8050
54,43,48,55,136575
57,43,52,46,101414
123,50,71,54,34339
142,59,51,46,42038
180,81,59,84,4445
32,63,37,73,93102
133,44,46,100,32720
63,69,58,81,53379
33,59,63,98,66308
40,85,52,75,160946
106,58,81,62,34611
20,90,60,88,105766
43,67,60,56,115939
1,75,88,91,53985
132,80,55,56,32530
8,36,62,68,251380
58,44,36,82,113275
35,42,44,67,65332
101,53,52,85,33936
58,37,44,83,110215
89,50,73,78,21783
135,79,45,59,46830
82,89,90,78,29184
162,73,36,59,5035
79,66,75,41,183649
16,93,45,85,68330
36,39,96,89,137951
91,90,85,80,22348
103,67,89,52,34459
73,55,60,55,184037
45,75,39,78,90955
162,39,96,60,2340
178,90,84,70,6015
29,82,56,67,150606
49,57,44,70,180929
16,87,42,78,175061
70,71,88,57,14314
50,92,53,61,137768
24,55,59,85,172914
69,84,49,58,169363
6,88,72,79,172214
136,89,86,83,7372
69,37,72,83,179778
115,79,63,83,42667
159,56,96,40,2344
21,85,91,89,137268
169,86,95,53,3472
47,66,84,48,63584
95,64,85,96,41777
110,99,67,92,41761
110,46,100,36,14581
27,76,37,82,110393
86,47,91,37,32206
37,93,62,60,59811
90,99,95,91,35503
31,61,47,51,172779
88,86,70,81,49361
159,66,89,74,2051
80,65,65,60,13558
106,92,57,94,44218
153,89,81,93,3020
143,92,35,79,1605
133,86,53,77,5370
38,66,99,81,147676
73,70,61,58,100261
8,73,35,45,318888
0,78,85,51,392358
106,100,57,75,49226
105,59,51,53,26081
81,80,69,57,34940
43,43,66,93,52237
146,69,42,77,2526
44,40,47,45,77749
134,89,89,53,8941
8,54,59,84,378148
165,100,91,56,1823
35,85,35,82,61927
176,92,82,91,454
180,94,77,75,462
153,93,83,98,7315
17,91,74,80,111241
84,58,62,80,23895
32,69,73,81,65430
4,71,35,90,251078
112,98,42,98,28104
27,60,68,56,53219
141,57,53,73,6218
128,53,49,35,45102
179,77,80,84,6651
104,96,77,39,46814
65,46,91,94,15302
70,100,61,62,40798
18,85,47,79,63533
128,59,60,47,20514
137,79,49,65,2917
135,64,35,50,21121
10,61,74,78,180885
119,91,82,74,3816
22,96,68,51,160170
52,95,45,49,61353
117,45,41,81,27616
86,100,97,55,39638
118,46,45,88,28384
137,50,49,92,5214
83,38,56,69,103901
93,65,45,70,31449
79,58,74,76,47100
20,85,89,38,132655
141,75,91,72,6821
40,79,50,53,127034
84,95,60,98,17658
124,47,68,57,42505
147,88,92,93,7035
38,66,75,55,119344
151,50,66,60,7118
81,41,50,87,46867
172,66,92,47,4323
43,78,64,57,131386
13,70,79,58,133574
130,85,89,72,5305
19,36,60,36,262402
41,74,43,36,145643
2,50,38,57,385309
101,40,89,42,27224
97,98,75,74,38662
52,74,86,71,50066
146,68,100,44,1955
1,35,84,70,365728
21,70,37,78,77765
143,45,44,85,1724
24,40,78,42,304353
40,35,37,86,166979
76,77,81,53,40789
46,39,98,79,56179
136,57,66,79,9970
146,98,99,91,2601
131,63,38,35,13675
17,47,83,81,199589
29,61,62,36,97635
77,58,78,55,44197
72,92,45,87,40914
99,86,47,35,21159
132,100,54,98,8946
150,35,76,81,6112
37,36,79,61,185662
60,45,63,59,172189
175,80,75,75,7588
100,45,78,66,15381
56,40,81,97,67328
149,53,89,68,8464
104,41,91,50,49994
165,43,68,80,3980
42,81,40,72,142527
122,95,38,39,20821
59,90,93,41,60691
30,82,76,64,189124
125,85,69,96,5566
119,84,64,53,23791
49,88,38,46,140766
142,44,95,53,2204
56,43,63,41,116247
104,51,50,72,43099
174,44,58,84,9899
125,77,71,79,8657
53,77,71,75,172495
128,50,71,71,32406
39,85,98,56,105869
154,63,50,45,7420
136,61,57,85,3524
79,37,50,42,74373
102,70,40,46,12150
64,84,77,77,48576
88,89,84,55,37223
12,76,49,84,163792
50,68,76,96,57774
159,95,88,92,8395
151,61,55,52,8923
54,81,88,52,80591
48,69,73,92,74632
5,54,84,43,327117
119,57,82,90,12424
39,73,77,65,110771
130,38,61,61,28792
99,81,94,70,44165
173,95,76,41,3461
49,81,74,39,133269
171,66,74,91,8591
103,81,36,86,20613
119,83,93,72,7007
87,61,62,100,41904
127,94,84,80,6666
40,92,89,39,61524
149,68,99,93,8568
50,83,43,49,112060
156,87,59,62,2538
32,51,68,42,91143
69,56,67,84,126998
111,80,86,100,27556
151,82,47,98,2028
145,71,88,66,8451
85,79,62,99,47445
41,67,50,47,116452
58,81,73,77,140882
75,41,92,54,53698
141,83,71,40,3309
27,47,47,44,367503
166,57,71,42,6593
85,39,61,53,149114
34,89,95,81,181729
52,45,35,42,59106
15,100,46,96,164261
97,92,55,71,11951
66,44,96,71,100224
23,60,89,41,99130
168,36,64,54,8959
107,46,49,82,19788
27,37,50,70,305442
8,46,78,100,164188
64,37,59,86,81247
42,90,42,78,67046
5,77,78,57,388559
8,43,92,99,120970
150,53,69,89,5561
39,48,47,87,69535
94,73,99,90,43063
173,41,79,56,7278
121,86,37,92,24199
99,88,43,88,28383
178,50,46,54,2460
30,55,37,55,298395
27,39,81,54,59125
115,71,92,51,30702
96,66,96,55,17072
133,100,66,98,7015
73,83,96,94,34780
1,93,59,76,377606
165,77,87,55,5414
18,62,56,85,59559
122,97,96,63,9777
31,59,50,49,141578
47,52,57,89,108242
102,86,45,89,45042
113,59,75,71,40929
8,70,91,97,97441
19,81,54,40,262058
92,63,83,40,44086
31,83,77,62,147073
53,85,77,98,52526
29,76,72,100,177556
14,95,40,58,207764
141,46,89,78,2364
178,72,75,78,6599
91,50,84,72,27145
85,39,43,73,132518
154,66,98,67,4417
145,39,93,38,8183
74,82,100,42,26148
25,69,49,74,141471
12,35,77,62,351680
167,68,47,95,7616
140,70,95,92,8764
142,46,95,76,2497
159,36,42,88,3135
140,63,47,92,5670
86,81,72,74,27280
129,63,41,91,43590
163,41,44,73,9505
89,74,48,35,45300
143,41,49,55,16209
175,84,44,86,2748
157,68,99,94,1448
68,91,79,83,17369
61,73,55,87,95432
155,87,43,95,8672
94,64,49,49,33348
22,50,99,79,94460
38,84,83,82,109899
48,74,73,91,95649
62,90,36,60,131784
17,94,36,83,150254
167,87,98,67,5153
49,98,37,95,124107
137,100,85,64,6290
119,98,93,96,9418
9,98,94,54,116535
98,61,85,91,18526
164,37,63,81,2871
68,55,76,55,122906
34,64,78,80,179020
0,88,35,97,248566
85,61,49,43,73364
58,57,45,58,56215
110,88,65,56,30493
4,51,78,83,369726
64,38,43,70,78338
121,66,52,49,44323
57,74,100,47,101674
12,96,62,80,60126
92,78,57,100,17729
140,36,68,74,26636
68,95,59,97,28586
25,49,84,40,135059
131,64,43,76,38429
39,37,75,67,59294
59,98,96,41,92732
75,84,73,81,22392
69,60,92,85,24643
143,82,61,67,7316
99,56,76,67,27004
137,81,73,80,5935
50,59,49,92,144229
109,71,48,38,19024
65,47,61,51,106791
56,52,50,85,178863
39,73,90,88,135163
45,66,82,95,59125
42,38,39,92,79081
8,49,60,97,229910
104,61,88,65,32757
31,36,52,62,78742
116,59,73,83,39676
51,91,47,99,173873
70,59,57,64,137740
134,88,51,94,5659
179,66,43,51,7269
81,74,88,88,42411
177,52,47,67,7142
165,40,79,93,4446
77,82,75,89,34305
115,36,44,73,48520
64,100,86,78,39424
105,79,66,39,48349
109,97,88,72,15000
60,55,70,35,61734
142,80,99,40,7055
162,95,57,54,3001
134,83,58,47,17062
123,94,44,85,19535
105,90,66,57,48344
90,95,54,87,22430
28,99,96,50,59525
96,41,94,44,44311
125,71,38,57,31896
165,79,79,52,4247
16,50,79,82,179175
94,99,67,38,37392
32,96,37,79,91208
72,91,74,96,46472
173,58,58,44,9290
67,91,78,82,33372
154,64,80,46,4131
146,88,68,41,7535
149,60,97,80,5267
163,75,61,75,6636
156,46,59,68,7474
23,97,97,44,95053
88,87,62,99,49873
176,74,100,42,5836
144,78,65,39,6179
88,53,76,57,20872
108,51,92,83,13576
130,79,69,36,27653
156,54,68,74,9759
159,100,75,63,4187
86,85,46,78,24034
89,43,63,63,26356
91,95,98,37,16870
114,38,89,48,34421
76,62,97,73,35451
147,62,48,92,4622
142,37,39,76,13470
2,69,41,58,206132
158,38,37,43,24453
87,94,45,70,34700
71,36,84,37,126861
13,57,50,52,342604
124,90,79,74,9038
158,66,35,69,5955
65,63,77,63,137594
18,98,65,53,83247
28,41,92,94,94722
81,84,55,43,20401
33,81,58,62,68605
50,40,97,87,54667
168,45,38,48,7798
112,42,45,57,38910
108,41,66,78,35181
121,78,85,95,6938
160,54,64,78,4541
85,63,55,87,49945
34,60,78,38,123423
168,70,38,47,4141
6,62,93,71,154334
29,46,64,35,316199
122,55,66,97,44769
140,71,78,55,5497
45,81,60,39,183764
30,62,99,47,119788
155,79,45,85,1058
83,47,81,77,28095
62,51,88,48,124696
137,56,47,99,8821
43,73,69,99,106602
172,91,56,68,9072
49,88,92,96,18787
26,98,37,45,135271
28,42,53,82,121269
143,98,42,39,9647
152,87,83,55,4391
22,94,93,42,168463
53,49,86,85,97521
100,58,55,36,34515
34,60,52,98,154182
121,90,89,46,41720
36,86,53,49,157390
85,86,60,79,40740
80,87,63,82,30437
112,53,88,36,28034
31,96,41,56,65341
156,37,56,87,9028
137,74,54,45,42391
92,70,59,73,22641
110,96,55,53,41128
86,39,46,59,71508
75,61,38,79,156926
105,62,69,50,15003
79,77,62,53,40666
73,89,70,96,14970
166,75,94,100,1954
96,74,53,89,45629
3,96,59,97,56133
110,47,38,36,16210
109,64,38,82,25914
92,79,47,81,33782
27,71,62,61,52949
119,43,40,63,15590
69,100,87,39,44187
101,42,92,83,16207
177,73,74,65,2282
71,64,63,90,29393
86,97,64,87,19701
45,43,41,97,85371
176,96,93,47,3796
157,77,85,42,5850
36,98,73,42,158595
56,55,57,38,105434
83,53,99,36,17272
176,68,38,73,4572
48,37,60,75,84937
143,92,69,50,4104
158,56,95,98,9354
38,37,47,48,93911
110,53,48,84,12979
66,79,41,56,79029
136,94,76,93,5326
28,89,98,76,87916
20,97,97,72,55825
139,67,35,62,22989
77,93,83,79,42971
122,40,54,50,30220
51,54,92,79,198593
1,68,60,67,231325
64,42,99,44,145160
167,100,65,97,7467
11,65,57,67,282299
79,49,75,86,47785
77,46,61,64,130693
94,68,90,52,32702
105,93,36,50,38373
139,39,73,49,14588
71,53,83,73,29598
122,89,90,79,1066
5,65,56,72,277113
156,90,45,82,1827
178,73,40,64,8018
128,43,79,42,23263
135,46,77,90,4102
169,67,53,89,4331
11,62,92,82,193223
123,35,78,97,24942
37,43,40,86,190610
95,50,36,70,48504
34,64,79,80,162220
128,91,65,59,37438
0,71,46,54,232029
78,98,52,66,43170
93,67,96,56,31207
3,84,38,39,203816
166,91,65,41,5105
156,47,65,43,5786
87,50,93,92,47539
0,55,78,71,212037
141,35,42,78,37514
86,61,70,76,28951
45,86,60,69,117259
130,38,96,98,1731
146,77,48,48,8580
130,39,39,79,48826
170,85,47,41,9964
174,82,81,42,4476
87,58,47,49,178248
109,87,65,85,33038
174,73,91,84,6432
34,41,87,44,104491
38,92,69,93,107087
99,42,92,56,32763
94,74,62,80,26650
149,81,47,79,8417
77,56,69,66,36021
57,74,55,83,143536
91,73,95,44,49908
167,92,79,51,5852
67,44,96,66,130553
172,55,61,64,9576
8,37,87,76,228165
134,77,70,73,7052
155,84,73,36,7012
164,100,53,78,3956
149,41,36,96,5597
88,39,54,88,43726
163,50,91,98,1354
101,85,61,41,13162
40,47,100,37,58173
91,98,47,88,46491
145,52,51,73,4212
44,53,53,55,120167
157,82,69,93,4600
47,89,43,48,83689
179,78,45,85,8849
162,98,52,48,8031
48,51,55,48,136686
46,78,51,90,89378
26,36,96,40,160016
145,89,91,53,5681
138,89,71,38,7492
129,94,66,97,4737
149,38,50,97,5000
140,80,47,67,1122
13,42,80,35,338554
59,83,95,57,90020
119,84,70,54,43322
135,75,59,41,25474
85,95,67,72,33051
123,78,87,48,39638
91,86,86,80,24248
129,83,62,66,36203
75,56,76,63,87024
173,43,72,60,2789
42,87,61,45,77981
56,35,45,64,119719
131,67,67,100,8683
178,61,67,66,7850
115,62,91,53,37735
159,43,85,57,4568
173,78,100,62,8138
77,58,90,84,36980
2,57,68,43,240529
58,100,56,69,86766
77,82,87,66,44295
87,46,96,37,46463
11,87,54,40,245139
141,90,75,83,7336
83,65,62,46,30751
162,78,44,37,6342
115,99,39,39,38737
14,99,55,45,122233
65,95,94,48,10119
132,65,82,66,2790
161,61,39,51,3250
116,90,72,88,34623
48,75,56,91,66321
18,36,67,93,110504
133,45,61,79,31534
90,97,78,75,21822
78,36,49,54,56761
38,44,74,47,186916
43,66,64,35,80516
75,78,69,74,30524
123,97,44,81,22695
17,91,80,77,189663
141,43,95,45,9082
63,72,44,50,56620
68,76,78,87,20146
163,56,58,46,9994
49,74,56,81,71487
74,100,44,77,18644
93,59,81,41,11068
100,46,45,37,17996
55,60,68,89,153115
143,73,40,86,7482
146,61,39,60,22701
77,69,87,67,30734
69,62,70,83,33257
52,36,98,55,66674
173,82,56,40,5600
119,67,73,77,27816
145,75,69,58,5278
103,74,63,44,22425
63,63,52,36,158029
84,85,56,43,14954
88,38,55,64,33712
42,36,65,38,82344
44,99,100,40,109826
17,75,59,90,197968
130,88,66,36,15568
7,92,87,78,51307
146,90,54,90,3594
146,97,41,61,9477
22,57,81,82,66478
62,43,57,97,60441
174,100,71,72,6457
34,87,59,76,55384
154,85,91,70,6025
12,89,80,86,189035
85,64,79,72,35107
96,81,93,48,16953
58,42,91,56,88739
20,62,83,57,52775
53,57,80,62,98736
49,97,44,71,126061
79,45,35,52,157107
10,44,82,95,62644
121,94,56,43,41630
82,71,78,37,48787
55,74,67,67,78356
118,79,91,74,22669
126,44,100,99,3205
81,69,87,73,12069
66,51,53,94,58519
123,85,82,91,9735
78,62,38,95,31643
14,63,47,72,273913
109,69,74,39,38161
29,44,72,93,64429
118,69,46,76,49009
176,67,47,54,7560
33,84,84,43,104152
105,60,36,39,37248
65,44,65,67,93627
110,40,48,49,31214
170,54,55,98,6916
72,98,78,68,43070
8,94,64,51,219770
118,38,74,41,43829
31,90,54,98,149447
144,50,45,47,23909
124,60,76,95,9870
129,91,84,50,6002
126,97,64,88,1853
80,43,36,83,60806
79,65,60,100,38061
100,35,56,88,22429
13,53,60,93,184476
73,88,53,44,142964
144,89,39,55,8164
117,73,54,49,46942
52,67,78,100,92673
31,89,62,37,128761
1,56,59,66,358699
134,96,65,97,4364
67,43,80,68,163515
59,47,70,82,171436
5,39,99,84,354697
112,58,41,92,19876
160,78,59,49,1412
82,86,51,70,39090
167,57,68,92,6621
81,95,62,94,29615
57,78,68,55,195019
0,89,83,55,295586
154,54,50,82,1287
180,87,36,91,6612
21,86,92,68,197420
144,57,67,63,2144
68,71,60,58,161157
20,44,76,63,85573
162,62,46,92,7782
171,41,50,69,8942
13,93,96,100,66149
143,77,54,44,9594
11,44,90,45,344369
60,72,51,88,104444
152,65,99,73,9467
72,77,100,35,22598
107,85,39,46,37405
102,74,43,76,14905
32,59,43,78,194082
57,59,66,56,169350
107,91,95,36,24264
120,67,97,50,15504
84,98,51,74,31861
128,47,52,48,22271
132,96,67,60,9950
29,96,96,91,185416
90,70,41,99,12892
40,66,48,67,130925
5,44,54,46,339541
75,48,82,88,43037
1,36,95,40,312024
22,62,59,99,79735
22,83,42,41,275810
100,95,64,43,48160
42,91,47,91,133132
61,53,64,47,115200
81,85,43,63,14956
109,42,49,68,42691
177,39,43,39,4184
116,81,96,79,1488
65,57,95,77,48045
66,44,90,68,123477
170,50,97,99,6656
26,76,89,60,149087
108,62,64,79,28188
74,57,48,57,66551
63,93,54,66,192103
45,52,82,48,51973
148,39,65,93,7315
63,76,72,41,78986
68,83,45,36,75310
109,61,50,98,46033
176,50,86,39,2187
6,95,63,64,381159
30,82,40,96,51308
136,88,45,53,33684
102,52,55,49,45770
5,58,94,62,222235
73,57,80,71,45981
47,70,94,88,161182
112,97,82,56,30522
40,51,97,52,101527
2,88,48,68,259006
125,35,82,44,28002
138,100,37,49,38403
104,98,81,36,36781
165,39,40,39,1407
152,60,89,80,2979
160,55,71,46,9292
148,47,67,95,5581
119,64,71,50,29072
180,62,87,78,8846
9,85,48,40,296236
79,82,59,67,17762
101,99,74,59,39795
131,57,56,67,45368
165,90,97,89,3393
64,91,61,91,18118
71,38,99,90,20539
15,57,65,62,246436
15,75,43,36,246943
76,83,55,53,184511
56,94,53,98,110962
125,67,82,94,3028
44,49,49,57,190378
141,36,77,50,14853
27,66,36,41,333413
175,36,76,76,9272
147,40,45,74,49009
144,60,87,82,5890
45,53,99,70,95122
82,76,83,71,32265
45,90,97,64,67759
62,60,57,54,73909
45,65,55,85,53750
62,54,57,76,81106
26,58,43,36,355013
70,55,63,47,100678
110,76,35,54,33210
0,74,41,69,362593
177,63,35,92,8360
16,96,76,62,172611
2,39,100,88,393445
43,91,58,93,101290
89,36,75,90,44032
105,56,52,75,30290
47,57,36,38,173440
73,87,40,96,23952
143,86,41,69,1717
67,49,91,57,171421
124,45,38,92,16111
167,92,72,36,7998
39,90,69,83,88506
95,78,65,99,27227
125,52,70,96,34280
150,37,64,79,2200
112,53,98,39,13815
55,68,82,60,194628
132,65,58,56,25973
149,91,64,81,1969
166,100,63,48,4331
4,78,58,62,254423
127,39,47,89,11488
29,83,49,64,51563
131,49,68,77,25586
60,97,36,86,71043
14,74,62,89,107265
21,63,46,72,136785
139,89,46,43,40158
31,42,62,90,60531
116,71,66,73,41792
145,57,67,85,7314
3,36,79,74,234294
129,66,35,52,13519
159,43,89,58,1376
10,62,50,46,349955
89,38,100,65,42177
88,35,73,86,41226
139,95,45,48,2498
135,67,38,64,31331
93,88,40,39,33245
50,48,68,75,198824
166,52,54,42,5633
84,61,66,76,31584
176,99,97,61,857
99,69,72,72,18361
176,91,88,44,8355
39,35,98,46,69640
88,60,74,77,31216
71,47,90,51,84839
75,92,95,62,25298
96,85,73,100,14044
100,74,47,53,25505
8,88,84,45,97030
117,76,45,36,39209
75,71,70,50,82577
20,41,45,90,394613
92,91,92,71,31879
175,96,73,98,715
67,61,94,78,44543
157,92,70,39,6346
146,46,94,45,5936
83,61,92,39,41112
76,66,88,79,37131
26,62,52,65,75604
20,40,79,69,182738
160,72,50,42,7527
18,41,84,40,369348
60,92,56,91,148294
31,51,92,75,198501
79,76,42,80,34962
76,64,62,59,103156
178,73,35,72,5086
179,97,86,94,624
16,64,72,45,258778
37,62,60,67,92399
152,58,74,61,6933
83,73,63,65,15350
64,49,43,47,167623
44,40,78,36,145644
175,46,84,45,9196
44,81,40,97,135934
161,46,61,62,1495
172,36,43,65,5771
112,49,96,65,39594
1,77,35,43,323777
100,92,99,46,38598
137,99,99,95,7238
34,45,72,73,175076
119,70,54,77,13581
148,69,98,66,7947
104,86,38,41,42737
83,58,55,91,35032
146,62,66,68,3292
15,72,38,90,159687
49,74,83,82,55765
125,39,79,50,26016
119,90,69,42,33138
60,61,54,91,98069
22,36,61,66,229148
177,98,74,67,6660
32,51,99,77,151310
116,92,77,71,32573
24,85,72,72,86800
95,56,95,92,17166
18,68,78,86,169268
21,63,48,96,97374
141,56,41,41,11296
31,90,96,92,71102
130,35,54,96,18759
180,99,90,79,946
95,52,82,72,17445
72,35,76,63,155591
11,73,46,67,379967
82,87,53,92,24164
127,77,79,53,16308
10,90,59,79,92301
94,48,68,94,17487
178,76,55,39,8621
113,95,42,100,45670
61,54,38,49,133165
19,58,43,55,389694
40,47,39,98,68989
77,93,85,50,44295
50,76,45,86,150296
137,97,70,79,8418
5,40,100,98,194677
77,97,54,98,14048
36,70,44,68,77692
62,47,59,78,120880
73,58,81,84,40579
163,67,37,65,4612
171,79,76,55,4995
174,81,51,63,7944
127,97,73,39,47187
51,86,63,71,60375
147,75,70,66,7660
103,54,56,65,16056
4,44,71,90,231573
151,50,36,49,19384
62,83,60,100,17452
39,45,86,98,66739
130,45,62,96,22335
27,80,98,89,98129
143,45,37,89,35796
91,65,59,40,47819
115,56,75,87,32715
38,89,64,36,82369
62,93,62,72,159073
96,57,99,74,28180
98,52,72,63,48297
59,70,63,65,186894
105,47,74,36,46981
135,77,83,56,7818
18,38,53,54,209968
3,83,60,37,219251
127,70,75,85,9806
15,81,80,89,122033
123,73,40,95,39680
138,99,93,41,9559
121,95,91,68,4116
14,43,80,80,62323
45,76,64,45,53834
125,74,77,73,42380
38,87,65,97,173637
40,84,93,83,149869
44,87,60,74,146239
139,35,35,42,39295
32,84,40,94,184846
179,37,40,71,5786
26,80,51,51,59077
22,73,67,100,66551
72,49,77,46,125281
61,95,94,73,42712
149,48,41,69,1318
129,79,97,36,38915
50,75,39,59,83516
0,43,100,38,375164
25,78,71,44,71209
81,81,57,88,16842
146,59,47,55,44990
28,83,59,57,99146
75,83,57,39,191980
4,73,69,64,315127
1,49,85,57,396841
25,45,58,43,257805
70,44,91,49,163546
146,76,92,52,4093
88,86,78,65,13336
49,95,53,86,113286
24,47,68,59,56737
137,51,39,44,41898
134,63,83,73,8109
8,95,88,43,133771
51,45,69,70,77830
130,87,62,87,4508
64,87,74,75,35628
158,95,74,36,3095
0,93,66,36,223098
130,83,68,96,7433
22,53,86,94,186574
95,62,83,79,23899
106,94,90,38,21665
156,73,89,92,1686
30,62,61,64,128505
74,35,78,71,130544
148,74,95,47,6276
180,98,70,39,6596
138,62,83,75,5253
127,48,90,86,1193
28,61,69,44,162254
25,95,90,98,133240
131,100,71,68,5037
89,76,35,68,48148
89,78,53,55,44680
161,63,74,52,9058
48,95,99,70,113711
69,41,95,98,28519
157,51,78,60,1656
162,80,39,79,1143
57,76,94,90,40259
137,59,79,35,42211
24,43,76,97,163512
152,82,89,100,9145
23,78,90,69,138240
143,47,46,45,45886
59,83,86,95,13546
39,87,95,56,132663
37,95,81,61,72140
19,76,75,92,108826
118,64,46,96,21709
86,49,41,40,76906
1,40,95,66,374236
64,49,44,44,178287
35,98,49,50,51896
82,80,78,69,30860
50,92,39,72,53213
175,46,86,93,8604
30,69,38,43,316332
142,76,93,66,6420
4,65,59,90,340544
60,76,93,84,26844
33,88,48,66,132373
106,42,69,58,22880
35,85,91,93,103853
21,71,46,55,382539
85,90,50,67,12218
48,52,50,74,81577
78,61,48,100,45838
154,88,94,74,7828
98,97,74,75,16332
0,43,49,93,325121
9,83,45,64,290034
41,63,79,67,82678
64,84,82,71,32405
90,89,78,84,47173
104,50,81,91,13713
164,57,47,99,1303
6,65,97,79,147335
21,97,62,78,123830
141,53,94,36,5914
77,68,85,53,44467
117,60,69,97,16228
2,39,63,53,360656
33,54,62,44,176952
115,38,56,96,11547
138,56,63,95,3364
26,81,48,41,154334
173,62,77,44,5786
2,78,88,68,264960
88,59,97,79,48681
25,60,96,95,141885
13,71,36,39,326821
129,35,82,56,20280
152,80,43,95,7473
2,42,59,70,383082
177,97,68,44,8706
88,47,85,50,20520
176,50,36,69,5245
47,98,56,81,148665
180,37,40,48,5728
134,63,37,47,30643
104,72,94,56,35236
122,67,38,78,44237
149,93,71,57,4744
112,56,98,96,35973
139,52,94,35,12680
88,54,51,83,36005
113,67,60,61,30155
161,86,89,95,8601
13,85,61,74,130648
38,49,52,86,86284
36,87,46,59,137320
148,41,83,73,2584
161,50,49,74,5046
6,74,100,56,184500
132,52,45,42,42458
58,59,92,53,153292
129,92,100,41,2074
94,67,47,44,28234
37,54,48,74,57814
5,74,87,43,274744
105,99,54,40,43375
38,55,71,46,62790
14,55,80,44,225169
65,73,56,76,187892
5,63,85,61,341014
164,80,59,71,9342
153,86,37,62,1207
33,99,63,38,110099
118,96,72,36,16747
75,78,66,37,107872
118,46,98,97,46941
40,36,87,68,51148
87,74,99,89,21901
73,85,39,90,34693
148,92,65,80,6829
106,65,75,79,31923
1,96,55,68,371093
12,53,67,83,282946
165,49,72,59,8484
177,44,84,76,2222
179,80,74,92,588
23,74,54,63,183156
19,52,38,45,227902
85,86,77,48,37257
172,62,38,50,9613
150,54,55,76,3829
69,39,58,63,192593
5,68,56,38,332076
112,40,97,68,14708
161,91,71,40,6702
172,75,39,94,4728
108,99,89,43,30099
169,80,35,51,5317
127,41,39,86,23427
102,87,37,96,31023
1,87,46,39,361079
79,98,79,94,41028
72,50,64,54,176387
35,56,35,55,63999
4,74,79,65,355790
57,87,79,76,172080
151,72,85,58,2996
90,67,53,59,33520
48,51,55,77,76315
81,56,97,58,17888
16,82,78,59,98638
106,94,63,46,25230
136,87,95,65,6739
78,81,67,98,21517
144,78,39,96,3034
78,73,76,55,13758
73,62,55,62,117669
101,53,97,86,43581
151,79,43,43,3580
23,98,74,86,133074
140,55,42,35,46365
75,70,56,70,40718
10,59,65,99,115369
88,45,72,36,70230
176,74,79,88,8384
131,68,42,66,32417
167,90,71,89,8925
9,97,68,51,96970
60,52,95,70,175150
160,57,98,72,6572
157,50,88,93,6479
91,40,39,35,147037
82,65,85,53,32629
31,91,65,92,139060
153,82,75,59,9885
120,91,95,38,20871
95,75,60,100,39208
46,42,37,67,132287
155,56,64,81,2338
13,48,90,58,348193
48,77,37,57,52668
142,77,67,89,1637
81,75,52,37,58962
99,50,77,57,17638
142,92,74,72,7516
81,40,80,40,97572
122,54,53,48,47440
95,63,65,59,13814
45,86,50,45,60091
68,100,50,40,105932
119,89,83,90,7622
40,90,97,62,125422
179,100,80,38,2941
172,62,44,100,1944
94,85,77,40,46606
3,58,90,89,146565
2,81,64,75,232105
58,74,79,56,124254
16,93,59,77,81935
178,95,79,37,6880
163,98,62,79,3131
148,61,69,82,3144
99,57,98,47,36357
157,54,40,53,4657
9,90,55,90,65745
38,95,79,62,76125
58,53,75,46,113123
161,70,55,90,3002
40,75,77,72,172513
7,100,54,91,144569
145,94,36,76,9767
43,85,99,99,186299
94,73,42,83,36275
6,49,59,91,343909
36,50,35,81,50435
36,79,48,91,133617
158,78,57,100,2418
176,92,63,85,1640
132,68,53,74,11985
94,98,51,72,35049
170,74,79,74,8031
87,64,69,100,23739
131,98,39,82,1321
94,61,58,90,18515
155,39,81,39,4844
175,81,96,61,4760
90,99,95,54,44768
99,42,47,71,28909
42,90,84,54,52915
18,51,62,70,278245
81,60,35,36,105330
126,61,90,80,3042
7,60,96,67,197772
147,63,80,71,2124
89,87,39,100,17661
7,71,91,48,378428
72,77,83,78,44743
47,64,67,71,124988
6,77,74,66,273961
104,89,43,43,30031
172,95,72,80,1581
102,98,69,46,36927
62,79,40,79,82868
159,37,36,54,2746
38,46,95,70,74041
91,43,78,87,32593
37,72,67,89,172452
22,48,83,79,157212
154,83,36,94,8388
59,56,80,87,114048
16,61,53,64,382349
173,98,66,87,9086
35,44,93,63,86106
165,66,86,35,5109
130,64,65,35,10685
141,70,80,89,8594
104,77,49,72,48232
43,89,89,92,127930
56,90,36,68,54348
86,42,92,77,11400
51,67,54,93,198158
111,90,71,94,35449
104,85,63,43,41699
39,77,57,42,79257
63,57,90,48,181663
102,51,54,46,49547
121,75,66,71,43645
17,63,41,74,331172
119,40,54,89,32344
180,67,56,84,4822
26,82,100,47,114641
45,45,60,97,183168
62,55,83,43,100612
115,89,75,40,49680
94,98,39,60,37392
0,72,75,62,337348
148,97,46,40,3807
103,95,69,86,36912
152,48,87,95,4575
12,49,89,87,65150
172,98,49,55,1197
152,78,35,76,8098
32,66,100,59,144503
96,98,53,62,48857
79,76,84,82,36808
8,64,52,79,312343
109,100,45,49,18399
85,67,36,68,20255
13,80,84,39,101754
145,82,98,60,2477
141,100,95,55,3923
1,37,47,55,299219
124,52,72,59,31669
142,63,98,66,4015
42,47,59,83,158631
119,42,62,45,25369
58,99,39,54,115115
132,64,68,35,14463
154,97,68,66,4270
173,91,56,63,4553
97,79,79,55,36107
148,94,63,67,8846
89,79,92,35,19717
159,83,64,94,3441
101,55,40,72,34444
115,92,42,97,26033
176,74,63,43,9374
170,44,83,47,1085
40,65,66,79,198492
120,59,49,98,10724
116,42,51,39,45348
116,78,87,62,42148
104,91,89,36,10605
64,37,93,97,97937
89,52,43,56,186635
139,71,76,88,5985
66,90,80,39,189414
61,47,93,62,132896
5,95,95,79,194988
11,69,96,39,256385
67,99,100,75,43540
132,47,43,82,14946
35,49,43,50,133705
5,67,76,93,141119
35,68,36,47,62202
56,41,93,93,158654
115,85,37,61,19933
53,98,68,57,96134
16,96,95,95,124283
70,37,42,60,161479
142,39,47,46,45554
62,42,68,56,125449
81,53,39,50,72896
168,53,99,56,8202
166,89,39,45,5717
167,38,92,99,5055
63,68,92,41,56377
162,63,59,62,8748
154,42,72,43,9815
42,59,100,51,55740
134,56,44,47,38699
99,93,45,43,23136
54,39,72,100,102717
63,59,86,72,188060
18,59,82,95,61810
178,49,83,64,9084
88,75,37,58,38526
144,42,40,43,42270
63,84,45,80,110716
76,93,59,46,36196
25,71,57,99,74137
162,82,62,35,9863
86,41,89,77,49309
13,75,48,62,299613
78,88,93,46,36993
119,73,49,38,35697
101,78,73,71,48329
159,62,38,44,3899
163,39,84,66,6474
150,95,35,65,8073
131,82,82,83,9363
161,90,40,70,1930
24,83,89,75,143496
149,78,63,82,4687
2,79,54,70,364429
17,100,65,43,74723
147,81,35,48,2664
9,83,48,94,68406
41,93,59,70,53053
34,45,44,42,373160
150,40,98,80,5133
152,36,58,95,5111
118,48,60,80,46452
29,90,66,57,93129
151,81,45,75,1213
90,86,68,94,29604
151,54,94,80,6152
30,68,56,64,175044
12,43,69,52,234955
118,75,50,47,39563
145,85,67,88,4312
54,84,100,49,66944
165,42,42,71,3003
120,59,88,55,39796
126,93,65,40,16825
118,86,81,62,43768
163,74,47,83,7787
97,98,57,92,39838
88,80,73,81,42292
168,79,64,41,4424
46,81,94,39,135449
149,57,79,86,8597
37,74,49,46,115720
120,53,64,52,27396
62,41,94,97,67751
74,73,77,90,46714
19,98,73,62,173293
57,96,35,59,128246
138,93,71,63,1337
136,80,43,99,4430
41,68,62,95,78199
58,79,73,76,177229
165,91,46,76,6029
56,64,60,88,88687
21,42,100,48,108380
86,58,69,60,43353
165,68,68,53,4842
115,70,38,60,19930
130,83,43,80,18706
1,67,44,87,251166
162,56,54,42,2689
50,99,60,81,102266
136,69,53,82,3193
12,61,74,73,162919
118,56,85,72,22767
126,95,83,57,7915
75,71,40,62,114135
147,50,47,96,1972
110,100,87,62,42006
20,75,73,44,114030
41,93,72,77,74449
133,63,64,74,27506
36,41,84,52,173590
99,89,82,92,28140
15,59,63,42,304403
99,89,86,60,46888
91,60,81,35,32923
151,64,48,57,2153
130,40,55,54,30116
39,59,67,85,166176
89,54,53,90,15687
0,73,71,52,246023
78,40,56,45,126505
71,43,47,37,84754
134,80,92,62,1500
30,86,43,42,191141
17,83,45,36,296156
52,60,85,40,158387
11,68,98,71,85847
164,80,65,45,5547
144,50,64,73,4568
115,71,60,55,15650
99,45,53,36,35202
89,64,51,52,44414
91,74,40,77,25529
146,89,63,88,5038
7,42,77,84,315412
3,70,39,53,397033
109,49,92,48,34879
71,97,89,66,15867
163,91,78,68,2202
91,44,46,75,16244
39,99,64,77,118094
90,64,75,78,33588
116,40,71,35,11240
9,60,51,98,307229
154,52,84,99,3554
19,96,93,59,138955
82,99,99,92,29679
174,77,42,96,3807
161,42,59,60,8605
168,97,41,84,1938
121,51,55,40,48508
74,72,97,46,33799
149,37,53,77,3902
120,39,63,39,42732
172,88,58,55,2311
132,96,52,69,9037
79,39,43,38,124272
90,56,93,45,30610
142,71,74,51,6874
131,68,68,62,17396
115,70,69,75,27737
144,64,88,86,9647
150,53,71,93,1874
35,60,61,96,106875
32,97,68,61,167155
131,87,71,84,1409
89,59,67,71,48621
26,47,57,89,168581
19,52,41,36,389749
7,67,80,76,58949
127,97,67,38,27121
156,55,60,75,2441
171,35,66,66,6170
117,58,78,71,42013
144,49,95,83,6255
2,61,43,49,328253
10,37,60,41,245494
38,38,64,72,182306
112,94,85,83,33566
90,62,59,70,39443
20,99,44,84,142884
9,50,72,54,313262
68,59,88,46,181648
66,55,39,92,182739
18,89,95,58,117799
146,58,88,55,7480
18,87,84,57,143988
27,55,55,75,189298
109,35,38,35,28324
98,86,87,90,15081
102,100,67,57,37397
84,81,92,39,38108
82,43,37,95,12270
45,90,73,47,139128
138,75,81,83,8616
34,69,38,58,120749
95,70,90,38,25067
167,77,92,96,8816
21,38,70,69,370784
134,89,81,96,6314
63,77,52,37,183491
38,98,94,76,121422
45,38,48,45,177931
21,39,87,46,307668
78,58,47,60,104553
172,64,98,72,5821
127,72,55,46,43913
10,61,97,100,113056
106,99,68,68,26447
16,85,90,82,54323
138,54,68,76,6544
144,46,75,48,7369
76,48,43,77,76624
107,51,54,93,33000
140,81,84,74,5486
54,85,36,48,177337
144,35,35,60,44419
173,47,68,96,5680
50,75,89,62,95244
134,36,36,62,31451
93,92,81,95,34935
167,52,48,59,1393
99,82,82,95,20292
136,45,61,93,2209
140,99,45,91,5545
109,58,83,74,24069
83,36,88,49,33393
45,91,89,94,149837
94,64,62,86,36720
168,55,76,47,6420
89,88,53,61,30391
134,59,83,70,5678
118,58,95,86,11699
178,67,87,72,2451
4,65,43,66,257768
4,85,88,62,168698
11,51,42,52,390194
116,44,73,75,35034
110,82,53,55,11450
128,70,40,80,49393
150,54,87,72,8970
161,84,81,70,5111
107,83,99,97,16216
59,51,72,63,96873
140,91,53,61,7886
12,86,98,92,183138
82,37,60,40,149354
104,44,50,57,36926
11,62,52,92,358337
173,51,98,99,6835
13,78,72,92,175288
176,50,64,71,6060
54,73,91,83,68784
98,68,91,96,46169
66,96,63,65,19531
38,35,90,92,78250
148,88,77,88,6773
105,37,48,39,16310
128,77,93,49,1557
6,76,41,81,297274
87,53,87,50,22349
64,85,70,69,173626
23,63,35,91,180170
136,49,50,82,49715
52,37,53,75,117266
135,48,95,69,1911
70,69,42,94,107339
67,69,79,75,47100
60,49,93,36,65993
133,91,50,57,49281
40,64,89,38,170173
99,62,84,62,19850
180,60,73,47,7214
53,47,93,38,197535
59,81,39,70,110946
29,75,82,62,156270
170,99,43,46,4723
41,87,91,50,79794
177,38,47,94,7539
151,35,68,37,16677
84,61,55,47,148669
23,80,51,39,367461
58,61,88,89,115862
170,72,95,79,5459
156,88,68,55,7281
93,62,95,64,26155
156,65,65,75,9873
43,65,45,70,96315
31,73,94,59,131435
146,63,84,53,4985
172,75,47,58,1352
72,89,37,37,169441
170,100,61,53,9985
13,81,52,62,365742
146,64,55,55,2206
157,76,71,75,2211
87,35,88,69,21919
4,65,71,59,347818
112,96,59,72,37567
129,98,54,45,17582
34,78,89,79,179172
179,54,43,43,2746
2,73,46,50,341516
177,61,63,86,6783
39,67,43,83,173157
71,42,53,72,196659
133,86,68,45,10554
34,45,74,66,61184
89,91,99,82,12012
179,73,88,59,8015
172,63,66,46,1953
19,84,42,65,132828
41,60,72,72,54534
96,44,45,37,114317
40,75,38,37,65358
50,89,97,83,146327
69,42,42,53,87321
71,42,91,41,70525
149,78,39,59,2198
170,49,98,65,4038
174,46,98,57,1049
124,70,45,81,11591
68,71,44,90,85541
41,64,56,89,66549
55,70,45,41,125103
81,68,97,36,12749
134,77,52,54,19734
51,71,80,76,184527
103,66,72,73,11305
29,75,43,66,138759
52,41,57,86,118756
75,57,52,71,59862
60,37,35,94,104149
123,92,65,42,42717
118,49,41,41,23216
168,91,41,93,7470
177,48,49,44,9674
124,99,89,62,1353
175,37,94,37,2098
67,73,88,66,35994
99,66,61,39,35432
91,52,37,62,27185
85,56,64,82,26960
146,86,75,99,3481
40,67,51,89,81446
173,93,91,54,4822
74,72,61,43,187637
112,59,48,71,18881
91,76,88,69,13962
30,80,51,87,176229
168,37,97,100,8379
135,73,59,81,9609
67,91,59,96,13110
113,41,40,88,48010
82,53,81,53,48433
170,47,70,59,6216
55,55,68,59,60346
10,53,83,83,170737
129,64,72,49,37978
59,38,48,42,156198
92,45,84,72,23463
94,72,96,90,20560
89,51,51,61,46184
24,83,92,35,156420
20,35,65,95,152146
156,82,96,59,6915
3,55,55,54,341949
168,87,96,65,2348
16,54,79,84,181250
119,67,63,56,29138
2,40,74,39,362818
3,97,39,95,272158
56,76,90,62,115334
165,57,41,72,7348
108,91,71,40,27545
154,91,50,93,6531
2,91,99,64,133218
96,42,96,53,29491
111,94,68,89,48373
154,73,76,76,1175
158,56,75,58,3471
159,85,67,62,1208
89,97,56,52,36836
1,60,73,51,377390
15,61,83,37,249449
62,63,36,48,68699
23,62,52,40,397612
29,68,92,62,55063
74,87,50,60,92680
158,61,83,43,5742
12,83,44,77,258477
176,52,45,44,1667
52,88,59,40,152249
138,67,80,89,6866
50,59,57,84,126077
171,47,82,51,8112
13,64,64,67,393143
30,57,86,88,100862
176,90,42,56,4645
53,69,49,39,199083
116,37,53,71,48244
50,88,45,99,76457
112,77,70,91,48633
119,60,94,56,21799
139,94,55,70,4004
52,62,58,87,79452
77,35,75,93,38597
174,61,74,66,9106
51,68,40,82,100687
6,40,87,35,387377
28,83,93,47,124567
110,47,87,54,15697
138,80,64,41,16551
94,82,77,70,19673
128,41,78,95,32041
106,64,35,97,24606
54,91,54,56,179368
177,70,71,80,1748
154,53,50,88,4796
94,68,85,70,42189
158,38,46,87,6180
146,90,43,59,2135
174,75,85,84,8284
134,61,82,89,8870
106,40,69,66,17629
5,97,52,65,313971
143,90,96,86,2680
158,50,91,55,7824
38,71,75,87,51823
24,87,98,67,65606
91,42,35,93,15410
15,48,39,55,218745
56,45,42,48,145408
107,67,58,72,14842
88,98,36,73,35229
139,85,44,78,5582
39,94,65,71,191256
170,72,42,68,9720
93,87,49,98,28028
56,54,95,59,121194
174,62,40,75,2338
77,95,83,39,42223
10,74,73,54,264899
12,83,43,93,96047
10,39,69,58,316712
81,40,76,77,32413
24,52,58,97,111662
105,35,49,88,23313
163,57,58,66,6933
140,48,51,50,41647
106,46,37,87,23354
132,81,61,86,9399
103,49,53,60,37342
172,44,60,42,1095
44,89,46,82,83382
73,71,65,37,123540
97,93,67,70,15634
130,93,88,62,8048
25,63,44,61,78606
108,96,52,87,49253
144,83,60,39,9520
43,58,91,41,114531
107,53,98,77,25147
152,51,73,59,3914
38,73,93,100,186422
9,36,47,88,337217
169,48,85,83,2445
161,63,98,57,9747
59,99,53,79,192464
11,59,44,100,334048
129,38,57,75,28646
55,78,98,58,65677
142,96,44,63,2950
62,52,41,61,68451
116,84,95,51,39332
159,82,72,62,3513
69,92,87,44,17136
152,72,35,47,6120
158,90,53,38,1764
27,78,64,70,62409
3,45,87,88,370835
44,51,98,92,170844
178,86,49,38,1849
106,43,91,63,42686
115,39,98,93,40498
4,84,94,49,266411
114,58,55,36,12476
81,44,79,71,18616
64,95,40,99,42935
165,79,51,47,2545
30,84,57,79,54302
165,45,42,47,5821
161,99,44,70,7147
121,55,95,72,17256
53,96,53,36,122285
56,37,57,38,122269
69,75,71,41,77596
0,68,86,44,259766
133,82,79,46,2646
69,55,70,57,68687
154,54,49,76,5071
48,88,67,71,167964
134,58,89,45,12270
107,78,99,40,43274
30,77,46,99,118339
179,64,89,73,1969
81,40,90,42,147078
104,50,36,98,11034
87,38,37,49,179383
67,77,43,59,135607
65,89,79,67,44837
41,61,45,76,133405
77,56,43,91,17966
17,46,74,79,54528
128,41,36,38,14091
172,80,43,91,7415
50,86,43,40,51140
133,39,80,61,15745
44,75,62,88,69999
52,64,87,65,67928
66,71,62,60,93412
100,44,58,59,19907
89,35,87,58,22570
106,61,99,73,16739
101,70,39,44,41503
180,48,63,62,5725
116,51,100,70,36097
103,80,79,43,33715
4,84,62,61,361645
174,67,72,42,1387
111,70,65,83,31160
135,64,48,79,40434
109,80,50,44,27731
179,84,36,94,7272
96,71,57,83,33535
116,98,51,49,41130
8,98,97,87,144712
92,76,69,51,47850
170,78,72,75,9251
1,99,37,48,283884
161,70,49,71,5233
8,84,69,80,175949
152,69,85,89,6391
87,46,93,71,33839
21,79,46,39,393305
115,54,95,42,33989
79,92,100,79,24852
158,57,55,46,9195
36,43,60,61,54330
177,36,60,80,7114
69,57,51,98,189420
51,58,69,81,141236
50,36,55,74,157624
68,69,78,69,115527
82,59,65,86,39090
150,83,50,92,6453
63,86,74,88,46448
144,38,90,64,2643
161,78,99,87,7341
86,67,70,52,14982
50,91,78,44,137020
38,90,83,92,163995
101,57,41,79,26728
54,89,72,53,185788
149,45,37,53,16746
134,68,45,39,27395
70,70,39,90,76010
159,49,88,54,7903
161,68,80,55,3784
166,74,78,70,7966
49,92,72,58,169147
58,79,60,99,114480
10,84,92,68,74293
15,93,35,75,182110
79,80,66,73,40280
92,45,68,84,33380
159,89,59,86,5722
123,56,81,85,24917
118,99,56,75,17500
174,94,56,38,3091
40,72,51,51,73516
172,80,42,49,5328
160,83,44,96,3404
138,69,38,100,2952
72,69,72,91,10683
52,54,97,85,146909
34,79,67,95,107825
114,84,49,76,16001
19,41,100,57,191859
139,57,45,35,14300
38,65,43,90,144828
130,64,98,36,26848
28,43,38,74,260300
133,60,75,76,8228
61,55,65,77,183012
106,63,89,92,29607
44,43,100,36,140276
45,40,82,42,118090
100,62,74,50,20296
54,73,89,64,76756
100,79,98,66,40305
11,100,86,66,146487
162,40,56,81,4862
171,43,93,64,9531
43,83,50,87,157240
129,76,98,42,7216
91,55,94,68,25859
131,96,36,84,6231
116,60,71,89,40487
29,51,76,46,83818
3,69,99,63,390023
75,70,68,70,47302
3,45,93,37,219723
112,55,56,52,40955
5,99,89,74,88963
119,78,96,63,23306
155,53,65,88,2725
141,84,93,92,3294
8,91,75,61,186249
80,92,58,96,41989
100,37,85,91,48304
170,84,61,64,5241
157,49,96,55,2931
176,35,89,59,9904
38,61,84,89,79851
56,50,90,69,179947
45,50,83,56,198501
105,50,90,37,14601
122,87,69,55,47568
56,81,68,82,154614
86,64,84,50,48402
60,36,60,52,89233
39,37,51,58,123285
167,60,91,83,9719
5,68,93,75,89314
156,66,44,98,8542
92,54,62,61,14044
152,63,49,79,3341
31,84,69,39,122810
118,65,87,35,47339
64,49,86,72,74087
150,81,41,65,9198
3,88,86,82,113838
65,88,88,79,16951
34,58,69,71,178202
108,68,58,38,30840
177,58,70,69,3332
35,45,89,83,90248
98,89,90,38,39548
152,36,53,42,48207
133,48,91,64,2031
141,82,62,40,8581
131,44,61,79,23411
34,47,89,77,103576
67,77,74,65,135030
96,53,56,42,21715
127,52,40,38,44216
178,46,71,36,7740
38,88,52,47,88157
40,74,82,44,78376
120,88,69,58,12352
169,84,55,62,9411
154,40,92,40,5944
146,95,51,83,7530
109,68,96,94,40915
86,68,63,94,40891
142,79,43,69,9969
103,72,63,80,41449
115,79,87,36,11734
18,45,66,48,228592
68,59,48,73,52699
123,83,52,35,38522
3,46,60,66,340644
78,86,49,42,134699
29,88,42,97,130988
144,50,79,44,7607
146,73,84,94,1579
126,66,98,58,16294
62,90,100,72,37419
153,94,94,89,9575
24,55,59,92,92352
99,38,53,96,41189
54,59,99,46,92132
146,86,88,69,5384
6,61,35,74,291810
80,73,45,79,36570
130,86,94,92,7629
110,68,62,95,25224
109,100,71,50,19671
124,79,49,38,24023
79,50,87,44,96497
145,87,50,96,4763
114,91,98,57,27743
17,70,73,75,188752
80,76,58,99,20769
89,48,53,41,55951
1,41,62,64,302653
84,70,56,61,35213
9,56,57,86,328169
168,82,85,35,9032
70,58,49,78,143776
48,83,71,76,188623
9,87,76,42,221834
83,58,85,94,20388
107,87,40,65,40347
100,47,83,65,49860
114,85,61,74,21065
142,73,42,69,4358
169,100,75,35,3889
32,71,91,45,191870
88,38,89,46,31412
150,89,53,57,4089
11,69,61,77,212877
94,98,86,51,49634
32,86,69,54,56723
49,92,64,36,58654
120,68,86,50,45707
170,98,61,99,4623
159,48,92,80,3516
125,93,99,67,4629
81,88,100,38,18049
3,51,89,82,390682
176,57,61,59,2116
151,54,87,60,5866
102,90,100,59,22497
134,75,94,78,2985
150,98,40,97,3567
164,93,62,87,2911
123,89,70,96,2340
96,88,63,61,25568
114,46,57,84,34906
87,61,93,43,31061
178,74,40,38,3337
180,81,42,42,6833
31,55,98,57,139944
70,76,69,36,170807
75,86,51,43,138066
21,88,70,73,101551
140,51,95,52,2719
47,50,59,99,67690
13,84,63,62,197432
148,58,80,94,1866
147,86,56,50,6780
171,96,55,45,2979
36,78,56,100,131322
20,67,51,70,71645
164,65,38,40,9369
84,72,39,72,21793
92,66,64,64,21011
178,43,89,67,8454
107,88,95,100,7859
113,95,70,54,15036
99,80,52,52,29442
33,37,45,80,177455
169,51,81,64,9106
135,74,54,62,32586
79,88,41,58,27761
40,88,48,78,101518
44,41,37,81,120173
4,41,73,36,286698
139,62,53,62,25458
75,53,98,43,193409
9,88,44,41,342695
159,88,97,68,2156
146,88,48,44,3608
10,65,100,44,266068
128,80,54,55,48797
56,91,58,94,141798
46,72,86,47,74050
7,66,51,39,399495
122,84,46,78,27356
67,93,44,82,61012
43,65,50,57,168126
20,36,57,45,394682
129,47,79,44,14698
80,55,35,50,182266
133,45,100,83,6466
10,52,79,60,280765
58,40,77,86,174774
16,80,75,47,177712
160,38,84,82,3842
5,92,97,35,299099
28,62,75,89,110026
149,91,56,100,2960
42,68,36,93,81779
7,67,67,52,295807
60,44,84,56,157293
132,60,97,80,6662
168,46,51,52,1471
91,73,67,42,29034
25,69,91,55,187092
16,59,95,71,159523
108,100,47,74,43449
83,59,76,44,12346
127,62,58,75,35916
123,39,45,42,10479
4,68,43,72,387434
95,44,46,52,11494
139,65,45,61,47396
127,47,79,81,13148
63,62,54,75,55123
83,58,51,39,112617
99,51,90,42,16079
9,84,89,48,51882
26,39,62,39,221845
139,42,93,99,8394
59,89,77,75,70705
115,41,55,78,34798
87,71,78,99,21517
113,40,72,77,48602
69,99,89,69,10279
37,37,85,95,121847
53,100,94,49,89637
173,89,38,58,8261
102,74,61,86,34100
0,43,52,73,240394
29,54,49,98,96454
152,83,60,79,3779
125,40,66,51,21437
52,38,62,50,50717
100,73,64,91,34119
166,76,52,56,3435
2,95,58,86,191598
52,95,92,69,152174
75,44,52,90,91266
146,45,39,79,3147
172,82,48,62,5852
8,93,72,59,181119
146,36,40,64,18961
178,47,83,42,5872
150,50,50,46,42472
120,45,47,69,15329
106,77,64,94,10322
28,59,100,39,137675
94,39,83,60,43889
155,48,52,91,2259
24,39,87,73,120072
113,45,59,64,35089
35,71,36,81,163754
95,93,38,80,43644
101,70,99,90,11739
34,57,78,35,121564
154,54,40,42,33828
102,55,79,78,19546
0,44,59,48,328130
167,67,41,37,5726
164,60,59,74,4698
93,78,63,91,19067
136,56,40,61,24591
121,86,83,57,38564
73,42,88,48,178542
178,96,52,81,3129
179,71,64,64,1303
166,61,50,66,3761
93,49,78,57,11071
150,48,88,77,2452
149,95,52,78,3789
85,52,91,49,45528
105,92,36,48,32036
170,79,68,46,8290
6,62,59,100,323592
161,80,81,66,7283
124,53,81,72,20505
98,75,89,77,32181
154,66,82,60,5503
113,80,92,66,38047
89,99,47,40,38389
139,43,93,58,2294
62,84,55,35,166990
125,45,56,41,40064
176,35,99,97,7794
124,44,100,66,14111
111,60,90,43,37140
6,99,46,82,155159
24,47,75,44,281575
32,69,71,50,172183
32,87,69,89,87195
78,51,61,55,130794
75,82,78,70,23336
46,57,84,99,103502
15,84,47,69,91073
31,59,77,62,184137
108,100,67,81,23429
34,98,46,87,93051
173,45,80,93,5500
51,82,53,38,108911
89,62,92,75,40496
141,87,76,70,9115
167,96,43,55,5276
69,35,65,79,134968
155,37,74,38,7137
139,96,82,41,1578
140,86,97,75,9934
150,81,99,65,3030
35,48,71,66,128126
79,66,58,48,52126
115,35,53,92,16609
76,98,52,97,23617
67,50,48,96,119197
134,90,48,76,3090
56,65,85,35,162299
177,94,37,88,5636
15,93,45,58,186863
73,88,90,77,30532
113,35,95,68,28789
60,42,88,87,149445
92,65,60,97,38949
56,91,60,51,151208
100,61,90,58,48424
113,44,70,79,23712
57,57,42,84,166111
88,77,80,83,48247
14,83,55,40,250230
82,49,45,73,54914
164,83,91,99,1653
37,59,71,90,79947
110,41,45,69,40957
112,70,86,76,34334
148,35,45,44,47804
146,76,75,54,1123
154,46,98,72,7713
113,45,64,98,28302
82,82,74,55,26629
163,41,94,90,9478
24,90,68,78,198330
6,85,59,62,203753
154,71,89,72,5595
55,68,63,82,143255
76,80,71,37,69167
76,84,55,82,17966
6,91,70,58,325463
55,95,62,66,73372
77,79,52,36,177969
130,63,82,99,5229
58,53,86,95,66257
78,57,53,84,44397
149,37,39,94,9859
128,56,79,85,5710
80,85,62,64,38200
152,93,68,73,8893
173,72,67,56,4482
154,55,87,69,9441
46,84,44,62,128567
36,75,95,85,179543
113,92,95,67,37154
29,48,70,41,127939
106,68,84,66,13232
118,48,62,73,19309
30,58,38,43,387747
69,58,99,51,148724
49,79,54,93,115850
89,45,89,99,31739
76,92,78,48,46811
124,86,68,97,2013
11,72,90,99,125367
148,66,46,60,2039
161,58,73,98,3252
156,65,97,77,1018
137,90,94,77,7439
33,35,53,35,254359
152,62,79,58,6163
129,57,96,49,15918
58,35,48,57,171318
113,50,43,65,27964
125,41,91,98,8173
107,95,68,51,22569
75,54,75,92,49277
98,88,63,82,18030
89,56,39,86,44048
44,74,98,45,133325
179,41,85,55,9742
43,91,75,73,137699
21,63,80,37,74776
132,90,66,75,7684
102,100,45,93,26515
92,88,36,82,12548
67,78,96,53,15803
158,96,49,63,5270
83,41,35,56,180397
124,92,61,72,43015
127,47,49,82,19742
98,74,64,57,12312
159,69,83,79,5879
31,59,71,71,90610
44,42,81,70,81349
81,44,35,49,188958
91,37,66,54,12103
77,76,94,90,35262
151,75,38,85,5062
137,70,76,82,2553
88,94,62,87,46338
8,58,54,61,315675
100,74,88,49,36720
102,85,74,77,12879
134,36,64,86,26228
102,67,43,45,23691
75,44,88,54,87380
23,66,65,78,74781
146,58,46,84,6490
24,85,48,63,146867
139,84,46,82,3993
18,87,69,61,160146
50,53,77,69,159199
98,75,88,99,20269
146,80,94,58,3224
13,73,42,82,304437
79,75,69,98,35780
53,71,86,52,62052
41,99,42,73,183436
9,97,41,69,344218
41,63,61,72,122449
24,100,72,93,62483
107,75,85,58,32292
26,89,39,93,58481
51,40,48,93,51080
119,71,92,66,24036
80,95,91,86,45428
157,94,52,81,2254
125,46,84,74,36198
99,61,86,41,24390
90,65,45,51,22517
65,66,58,47,92642
180,73,55,50,3537
134,60,65,74,8450
136,50,47,94,10887
124,66,89,59,14264
25,63,70,37,88970
161,40,65,66,3857
56,80,90,84,35210
157,70,60,84,3177
105,41,61,83,36669
153,99,36,98,5963
59,43,49,71,139644
75,62,86,69,31913
147,96,35,87,9165
29,94,44,56,164972
68,42,87,45,175842
157,70,76,90,5742
17,43,40,79,272085
78,66,50,36,147320
178,48,83,83,2352
163,44,38,36,9603
88,60,64,43,30791
55,95,79,47,93657
144,51,65,80,6680
89,52,45,89,46447
130,50,43,79,44817
118,56,83,55,49753
86,89,38,92,26581
117,93,60,73,32887
128,91,82,55,9399
90,41,83,65,18316
174,69,68,92,5436
70,76,52,72,58511
28,44,51,66,105379
80,80,90,95,43638
43,72,84,66,100521
52,82,35,64,76376
107,67,60,76,17465
95,73,95,81,35513
47,86,67,61,88044
146,62,44,50,40819
0,38,38,54,253566
34,79,91,58,64611
155,72,58,58,2125
126,59,51,92,17624
147,36,43,97,5199
82,40,45,55,175213
81,55,57,95,28429
157,80,94,52,2645
149,58,85,99,4951
155,76,54,77,3750
170,36,57,46,4371
152,69,69,99,3206
155,45,66,100,8165
178,93,51,72,8999
130,88,78,64,1877
87,88,82,69,38483
25,90,98,63,163632
104,93,59,61,18725
46,89,43,88,91333
108,73,42,61,44244
111,67,44,50,40730
18,98,86,49,108921
99,72,83,83,28254
149,77,84,53,9969
49,83,75,49,148679
22,61,40,58,347848
66,76,94,82,42854
132,88,72,53,7596
70,58,44,55,177982
142,98,47,74,5487
104,72,86,36,31988
149,38,86,41,4773
93,100,89,47,29288
173,37,37,75,5519
18,54,55,54,215195
46,78,36,77,65959
146,98,80,75,2346
90,48,54,69,38118
152,38,91,36,2902
86,55,86,49,11822
61,68,70,78,180750
76,52,79,73,37611
25,58,92,84,132470
110,65,70,73,25071
20,57,88,70,155102
129,72,99,84,6359
86,35,55,91,35234
28,84,68,88,87367
131,64,52,63,15515
14,87,69,86,187101
102,52,72,72,42310
138,87,78,59,9637
141,81,89,46,2286
176,48,63,81,3290
141,42,99,71,4544
147,66,64,54,1185
28,58,35,61,393496
20,51,66,78,75697
21,76,96,82,134353
132,62,38,87,36467
128,40,89,86,48220
23,96,90,58,182715
19,68,49,85,76868
126,38,87,48,16193
62,84,70,84,23736
97,61,64,66,17378
21,55,90,65,149172
94,77,88,52,15627
28,95,85,46,157100
70,50,46,96,85540
105,94,62,98,49350
111,65,39,47,33441
81,84,70,86,46128
68,64,56,93,166999
36,90,95,99,174518
169,83,43,42,2010
105,88,82,88,33912
155,100,65,47,4130
81,65,67,87,11630
121,70,68,95,23499
2,40,54,38,219044
52,96,72,70,142961
5,100,52,61,288614
50,53,68,58,75240
75,64,88,59,48780
4,36,97,88,283877
123,51,65,35,15189
35,42,44,58,56590
167,36,54,67,2037
54,71,40,67,127395
78,85,100,95,43947
99,78,46,91,20715
14,87,99,88,153894
166,85,54,98,6130
126,86,88,41,26257
102,55,70,55,48910
146,37,94,68,7300
115,91,74,84,18906
146,56,85,83,3227
122,56,96,94,7352
6,87,65,38,294556
6,37,59,68,356448
94,72,38,82,14041
100,95,99,95,14224
5,55,62,100,245707
64,80,74,43,60321
61,50,74,69,79310
82,94,37,87,21875
163,100,71,78,5530
123,40,55,91,20395
84,58,97,56,47229
33,71,75,77,55909
90,49,55,86,17598
145,69,41,75,2673
139,62,92,90,1657
177,79,96,99,666
37,38,49,55,113636
178,69,38,66,7363
139,88,64,43,5882
79,64,99,79,37926
75,39,100,77,39651
1,82,92,74,165298
180,93,97,70,907
133,48,67,53,33506
95,95,47,76,21488
17,99,82,70,164262
172,44,43,80,5240
32,99,54,100,141776
162,35,77,89,3959
120,97,56,90,8663
154,98,79,60,8564
157,64,78,82,5709
8,82,90,40,358912
88,55,64,91,19270
1,82,56,47,300440
111,77,83,71,17384
107,69,53,62,13954
170,94,44,58,8325
114,79,94,87,4864
101,38,65,53,30227
78,72,67,52,23159
159,67,68,85,5414
46,100,47,86,189315
170,95,37,93,9117
68,36,78,72,152587
154,49,73,72,6813
62,92,96,52,40648
23,72,40,54,231477
169,56,67,80,1497
104,76,85,90,33349
139,69,43,47,47397
39,70,75,41,139310
54,47,54,92,62566
180,71,54,53,1235
145,95,80,82,8699
71,68,41,84,148356
72,45,42,66,59910
62,51,60,85,176240
25,56,97,51,54648
75,73,67,66,39844
180,98,100,83,426
30,75,70,73,106172
103,75,75,39,45540
5,96,50,53,321938
122,71,98,93,9800
68,41,76,59,187676
177,67,60,51,8700
1,78,100,70,161149
177,37,67,79,6144
164,70,69,53,1736
145,61,65,73,7978
149,86,44,42,3281
180,52,46,98,9577
16,86,36,61,364504
139,51,99,74,2540
27,86,48,40,93793
36,98,69,51,107906
111,86,98,67,24944
16,83,41,99,114957
9,65,59,91,66810
130,89,82,99,3794
112,94,48,48,41404
1,66,42,70,261657
164,49,68,55,6640
39,60,56,47,197654
114,49,79,55,40808
39,81,95,48,126487
87,81,50,52,23306
22,60,100,36,77250
165,76,62,97,6392
111,93,36,84,13217
76,72,42,54,145675
25,69,60,52,191995
134,69,46,78,35728
24,49,37,79,295607
44,85,76,73,69414
145,73,63,54,1937
78,46,90,46,60200
52,42,92,58,96956
60,35,79,43,93631
128,58,94,82,6030
17,86,36,70,186495
116,69,76,72,40873
30,86,94,42,51703
107,86,46,61,10658
56,88,49,71,101900
145,78,55,63,9974
85,98,48,71,49414
53,93,93,89,40122
179,73,53,90,6419
45,74,87,91,83170
43,54,78,77,142221
1,80,72,35,385262
106,47,94,98,31955
54,65,48,39,132806
180,71,91,37,2512
138,76,89,72,4976
140,52,44,46,31747
46,44,35,91,177046
118,45,87,38,38899
85,44,39,95,24575
123,64,91,67,29281
22,41,53,49,285364
85,66,93,40,21083
131,91,95,90,6988
141,41,88,92,9043
71,62,89,87,25579
82,78,62,80,21440
122,61,73,61,37682
46,86,100,75,63873
44,54,70,58,148979
132,54,87,74,9801
102,84,69,98,43260
37,61,99,37,61493
99,64,50,63,20181
99,58,41,83,42356
45,82,59,77,67974
161,99,62,75,5508
159,68,93,95,2854
153,46,56,90,5101
35,93,93,86,99271
76,85,60,75,19930
132,87,72,87,8639
18,99,87,53,189841
175,100,52,73,7856
50,57,67,94,170417
153,51,87,77,6935
81,54,69,67,12640
98,36,68,66,10532
4,62,82,74,324933
141,45,73,75,6143
170,60,63,36,3813
110,91,93,53,13013
119,57,67,100,24993
64,66,38,70,183596
113,67,48,82,47156
132,84,95,72,5525
97,49,71,61,37247
0,63,41,63,238181
7,71,93,88,176451
95,60,82,45,21798
161,67,36,95,3025
106,76,91,84,28566
124,91,80,56,43461
147,39,48,37,41345
26,38,98,76,149919
162,53,65,77,8774
148,99,68,95,4023
40,68,59,91,147355
123,56,94,88,9056
21,95,100,79,120880
68,98,44,45,84037
155,39,46,78,7764
92,63,70,69,22656
7,50,77,50,394615
40,42,88,39,118581
70,64,99,64,49726
94,65,94,43,39387
60,98,40,79,55068
36,51,59,84,161099
122,65,66,82,17378
144,95,91,91,1248
160,53,49,69,1688
163,88,70,87,1699
73,78,67,78,10310
43,85,85,41,174288
140,82,81,81,7169
49,81,78,35,133088
144,73,77,75,8182
128,92,88,39,2266
126,80,99,62,4449
83,75,57,66,41673
166,67,92,66,7705
178,53,37,51,5394
156,78,86,62,9403
108,68,88,36,19455
145,62,62,86,4343
160,39,79,71,3257
51,98,96,39,103743
106,45,37,85,15609
59,100,91,51,182482
130,74,97,85,7450
3,38,81,73,215955
48,91,73,51,189918
104,62,50,40,30760
38,51,80,87,84161
50,52,54,39,74063
61,46,64,50,78673
124,37,42,71,49924
58,94,80,97,19854
159,100,38,63,8344
92,57,37,88,48651
148,78,54,91,9644
179,51,100,46,8097
132,90,80,52,6419
42,56,94,97,136513
23,99,63,35,78539
0,55,62,52,279866
96,86,100,96,32546
1,89,91,45,382927
84,96,61,56,14866
148,77,71,90,6011
64,69,77,55,79705
44,37,77,86,181368
120,75,43,80,22923
112,81,62,62,47194
93,45,63,90,31195
56,87,93,69,90739
76,92,36,62,136497
69,97,86,94,22121
163,96,77,73,9394
177,50,86,37,2112
137,85,66,39,4318
117,77,46,65,28896
149,93,86,81,2896
48,90,65,93,188474
69,77,39,38,89566
129,83,90,42,3771
23,89,88,94,173038
19,88,43,68,104607
143,40,69,37,31780
134,64,56,48,48838
88,39,93,43,37132
175,71,54,84,5987
125,83,42,40,23863
80,88,51,85,25263
49,50,89,91,69917
44,86,81,67,177359
97,58,69,98,43876
87,94,63,52,37833
47,45,37,76,102369
15,75,99,77,143610
90,65,62,85,32042
8,72,70,94,60458
56,81,85,92,28735
58,81,49,36,139934
39,77,82,91,65871
11,85,63,63,167074
114,47,91,80,39715
58,70,35,37,99334
59,37,97,65,89984
43,86,65,83,119933
138,99,51,62,6596
73,43,68,54,116178
128,94,84,42,1913
29,56,43,56,59097
66,43,81,74,77939
146,36,79,67,2790
153,68,97,62,6845
91,40,45,80,48819
112,50,79,82,45425
108,62,64,63,48697
127,84,37,99,8448
34,99,73,52,184140
99,35,96,43,11192
94,56,100,79,27683
120,46,98,66,29588
119,78,63,67,31859
12,84,36,62,318266
17,100,80,51,183280
98,67,64,56,16268
180,80,78,68,8963
162,43,56,95,8384
84,59,75,41,13898
32,99,94,92,83839
124,71,59,59,19016
12,46,97,96,182095
27,89,76,95,158581
80,39,82,69,47167
13,88,60,77,89661
41,52,89,84,77260
85,55,68,74,11654
110,64,59,63,38629
66,91,81,51,35649
89,39,47,97,46134
172,51,93,93,8648
121,42,64,37,47264
122,85,58,98,5169
122,83,54,63,44758
107,97,67,58,28511
31,38,96,56,144358
25,83,78,56,149522
169,86,51,48,7847
157,47,60,66,3017
50,68,62,53,95743
97,68,50,61,26946
83,88,51,35,46109
134,98,42,88,9630
128,66,35,100,30393
136,58,53,85,7992
1,44,40,96,229959
67,93,84,70,46861
94,51,93,42,26761
88,77,97,46,46179
97,90,83,86,43306
136,70,80,63,7222
40,62,98,58,61876
143,56,81,51,1896
158,46,54,53,3301
14,59,69,89,93070
46,98,56,36,120781
113,59,95,39,45664
14,89,72,57,195933
31,78,92,38,196416
58,63,53,51,170323
171,38,93,46,8920
46,41,46,88,154889
62,49,71,90,79792
101,65,49,36,26900
175,67,66,87,5607
20,100,95,88,58416
40,72,67,42,176755
32,63,91,95,100545
179,77,60,36,9793
17,84,79,49,97338
134,61,74,51,33711
143,97,94,86,4064
79,83,83,60,24634
69,43,78,98,41745
163,37,88,55,5587
8,46,71,71,234151
55,97,60,80,58538
174,95,38,36,2686
54,75,71,45,105203
14,64,91,96,160400
0,37,43,66,243820
94,91,55,57,47836
153,64,58,98,2442
149,73,89,41,1550
147,90,100,49,3761
148,68,69,39,1823
82,41,87,78,26745
41,52,40,38,139540
141,75,81,87,7337
142,79,99,80,8824
19,38,49,91,314092
26,54,40,52,330389
48,58,45,52,141702
94,62,70,58,30978
115,71,47,50,25983
170,84,47,69,9683
34,58,87,73,110844
159,39,40,41,10722
14,54,93,38,242697
105,74,99,69,18151
43,41,56,57,72871
19,66,70,52,199988
96,67,43,76,33518
126,38,80,58,19851
22,89,49,85,137162
49,81,59,73,91283
173,47,72,70,2444
169,53,71,99,7120
153,76,96,87,2329
104,63,36,52,32899
141,74,98,64,9210
89,92,74,43,18312
109,65,49,68,41473
61,91,55,88,168951
19,52,78,90,168489
16,76,62,55,137460
150,82,93,86,8440
37,35,67,78,61351
19,81,76,60,175744
105,52,43,100,28747
107,71,81,63,49486
14,43,100,35,265656
8,91,90,54,170045
120,36,35,88,23329
23,86,54,45,151051
15,47,87,40,321112
62,81,49,88,51663
13,68,36,54,286777
105,50,64,85,35842
130,85,80,74,9336
92,100,57,57,21398
170,96,68,85,9363
69,89,100,92,22970
110,95,72,62,14808
49,95,97,60,107332
106,57,86,38,42229
28,37,76,43,299152
58,72,76,84,55987
172,67,54,68,4411
66,73,77,73,22372
114,78,35,84,14553
119,96,37,42,41839
168,70,91,77,3531
27,93,63,72,87145
26,57,56,81,147764
100,100,49,78,14598
50,99,59,95,123872
96,86,92,91,22965
68,71,68,69,85110
173,50,65,48,6872
46,66,51,90,51187
116,76,53,41,45638
157,63,68,68,9021
1,61,81,91,272162
144,60,44,73,8944
24,54,49,45,328655
149,96,58,70,5497
147,42,49,81,5726
151,81,52,66,8650
169,71,67,35,2263
91,61,51,80,24686
161,37,90,46,6947
57,97,42,60,66805
48,77,93,55,165084
98,37,66,55,21399
6,93,36,78,359761
143,46,94,88,7826
149,38,55,57,44985
90,75,50,70,32137
16,88,41,75,83637
61,91,67,60,196202
48,100,65,59,141151
108,40,51,43,46108
134,52,79,58,28358
31,41,54,53,95421
13,66,43,83,335769
92,50,58,64,28137
78,44,70,58,51264
135,35,67,65,14172
61,69,78,81,174037
168,46,74,92,1099
42,42,47,90,83938
22,77,58,37,200224
141,67,61,46,35645
110,80,50,92,15460
170,59,49,64,6201
138,100,56,54,3972
89,97,75,82,41002
93,65,59,83,12629
162,55,81,94,7032
89,51,59,68,44585
5,44,37,93,222639
79,82,57,39,54005
75,41,51,43,87864
88,80,71,41,19744
118,75,98,91,3092
72,42,44,88,183931
47,36,40,79,64601
136,66,36,55,18066
92,57,71,70,35101
14,69,56,81,55411
14,92,65,75,176695
25,64,46,65,193214
110,36,54,92,36771
33,94,68,71,107538
126,53,86,78,19813
154,72,55,72,7156
92,55,76,82,26603
113,91,86,56,39792
101,60,73,97,45544
178,64,75,67,3097
166,62,52,93,3803
127,100,77,47,6376
159,44,49,51,4774
53,57,84,93,173811
5,100,66,87,164770
1,77,74,38,288650
173,54,48,48,5784
130,55,95,36,42373
146,87,83,42,8268
88,58,81,55,14359
146,64,60,54,7515
104,79,98,64,38596
177,96,76,62,4641
30,93,46,79,63507
159,75,89,39,4062
62,38,75,46,171826
164,89,79,62,8482
134,94,87,74,3428
51,45,84,84,150474
47,88,40,84,117839
81,37,75,62,148037
146,35,67,67,6563
27,96,81,51,112281
71,43,42,93,104340
77,79,67,72,17614
139,63,56,68,6957
98,73,50,65,24256
43,80,35,78,133795
86,80,87,67,24429
130,58,65,74,15584
177,49,55,55,5411
105,99,55,89,17886
109,60,89,80,20685
69,88,38,79,139591
53,87,78,70,113521
179,40,72,67,6066
54,57,78,62,195722
58,77,77,47,77178
12,69,45,55,284679
105,60,84,83,45313
89,47,73,89,40378
41,92,46,47,137819
37,37,96,65,176924
36,58,98,50,192097
67,74,92,79,16196
26,70,47,85,153611
105,85,48,77,33810
152,68,90,99,7331
47,53,69,67,83077
38,98,72,72,171416
179,81,99,76,201
54,93,100,88,32322
150,45,70,90,9802
51,64,46,55,65499
61,73,78,38,95975
169,83,54,42,5850
160,72,70,82,3270
135,94,58,51,1678
105,89,95,65,23412
27,66,41,48,257823
72,88,85,64,24991
150,65,46,37,21093
114,50,38,54,27452
140,36,65,62,16458
138,69,83,78,1228
178,51,38,67,2725
80,77,76,85,48053
170,82,76,91,6941
96,51,85,43,48407
111,90,43,39,11087
179,69,94,73,3693
87,55,70,52,42988
16,40,92,79,71831
122,82,84,90,3696
120,65,99,95,1125
177,99,48,57,9934
126,62,92,74,7847
96,36,77,46,36971
34,97,75,98,178785
138,99,57,38,8942
168,83,51,89,7777
26,46,81,68,58327
115,57,60,68,17927
159,40,99,93,1707
7,74,80,67,136899
130,61,99,91,2442
179,85,51,86,7969
75,60,61,58,197029
135,82,66,63,5703
120,39,83,47,42127
88,76,44,60,14889
150,78,73,77,5855
122,92,66,52,12345
1,94,67,80,138272
58,91,96,97,45656
158,73,56,51,5384
9,39,72,75,296467
72,95,49,86,48327
97,64,68,93,13285
140,85,93,96,8196
92,96,41,78,25493
61,51,83,58,140572
139,91,63,96,6197
26,39,74,81,162520
143,47,88,49,9856
143,78,81,67,2107
153,74,79,77,9135
22,81,78,76,97613
93,70,47,99,45447
100,61,54,52,36431
8,59,35,93,325201
46,67,56,99,79834
106,60,97,72,17549
48,51,91,48,187911
22,78,100,37,75012
140,35,55,90,24437
129,65,47,48,10997
75,91,47,48,94101
125,94,49,90,2879
12,41,55,48,308290
62,77,46,89,107845
117,54,79,89,15818
74,94,95,76,26555
133,56,99,54,5828
23,73,89,89,138261
76,53,92,60,16864
100,81,48,37,31444
126,48,42,49,49652
172,37,45,43,4331
112,84,40,78,17684
48,62,73,68,128269
11,88,71,67,182782
164,43,52,78,1230
114,97,37,52,48675
92,70,38,51,19954
48,87,44,63,183495
122,43,55,35,42163
5,52,45,55,263719
106,43,36,38,11803
82,73,94,68,33354
127,40,66,62,10330
40,61,87,45,76862
86,56,39,68,16461
158,81,71,60,6334
42,95,72,66,82637
126,59,67,98,8110
143,83,49,54,1533
9,89,62,43,225630
95,91,65,77,27481
136,76,84,71,3788
83,51,82,36,87161
105,97,45,90,36796
172,63,68,54,8239
69,52,94,89,36931
24,100,62,54,133269
36,50,69,89,104115
77,48,58,72,158779
81,43,93,85,35708
50,53,96,44,173301
130,82,75,51,47082
72,49,90,49,182466
94,39,78,37,18238
157,46,49,72,2051
176,81,46,88,7528
143,45,89,70,3333
67,90,94,51,41904
157,47,46,66,3140
33,46,38,60,174497
127,64,68,67,16911
158,90,96,65,4863
68,85,99,43,35593
106,70,90,80,13209
101,45,42,52,41993
127,37,49,94,46551
54,66,40,50,194368
15,48,96,52,111060
87,75,93,43,42755
41,52,80,82,68203
36,54,72,75,101055
123,96,54,57,36756
72,77,70,37,147212
35,79,63,60,59109
68,78,75,70,33965
48,51,64,38,112667
162,51,41,96,9249
171,92,87,43,7229
110,54,98,61,32850
10,100,35,41,221387
62,47,58,72,186969
157,61,64,36,1775
144,82,98,95,5236
148,36,57,50,32156
131,36,99,60,27181
117,72,54,59,25411
82,44,75,95,47121
80,41,94,95,12383
112,61,35,61,49483
52,70,58,69,88354
106,81,93,95,45302
26,49,70,91,83832
172,77,46,38,9640
118,39,36,80,19863
57,97,95,49,133369
177,85,59,56,9469
93,100,98,56,34294
154,81,55,65,2061
38,70,99,45,108387
62,79,76,47,171480
132,72,83,62,7341
168,78,63,59,7413
61,51,53,63,110109
99,100,79,62,39621
7,44,55,69,377155
180,59,54,56,1088
5,85,61,52,383805
11,62,53,77,257808
98,49,70,76,30058
125,79,64,73,24509
29,90,88,71,57146
89,56,58,67,27424
11,64,47,40,309506
124,45,94,44,33123
169,78,53,49,6670
4,65,62,72,342591
179,49,53,69,1713
14,81,90,54,139864
4,45,36,86,373301
147,55,85,64,1768
162,60,43,74,5628
79,46,71,58,119809
109,62,38,46,25268
3,49,62,71,314445
122,84,59,73,42281
59,86,60,82,54008
115,35,55,59,27423
134,39,52,52,42575
152,60,50,97,1455
76,92,61,83,14057
46,84,80,42,90961
145,70,76,45,3618
179,83,90,64,9118
27,85,61,86,84719
43,38,82,50,56958
109,49,90,50,23976
63,77,48,82,59283
13,49,51,86,271305
16,42,36,90,306934
118,70,43,48,40229
15,75,62,63,140816
155,66,86,45,2555
83,75,78,94,44785
94,41,88,97,44572
32,41,64,45,132052
105,69,81,46,39677
43,56,45,89,99268
79,89,84,66,17107
96,52,99,59,42985
146,52,67,41,34421
98,93,68,86,16386
87,87,49,62,10548
1,68,68,92,210465
72,95,88,64,26978
106,93,92,58,36510
149,66,76,93,7482
54,39,75,91,170379
75,80,38,49,134816
115,46,35,64,30169
133,84,36,40,48986
89,72,52,53,26027
11,86,92,56,173564
61,76,43,98,91102
157,60,56,88,7780
57,87,53,68,172253
21,47,98,90,183063
41,100,97,76,117617
28,60,57,70,94405
8,76,41,57,258783
22,50,47,44,353335
58,36,86,35,184853
53,53,62,39,64155
157,53,76,59,8458
8,73,90,72,162398
108,80,71,94,45389
30,64,100,41,86207
102,72,53,43,10133
164,54,64,52,3238
149,83,52,95,9273
77,41,41,99,172407
115,58,66,44,13110
130,41,46,57,45774
16,98,99,62,86153
17,78,98,71,149842
13,41,51,73,286094
51,60,73,79,66844
150,74,66,38,4664
83,80,76,73,16341
102,90,81,72,27937
1,88,64,38,301894
56,64,78,63,98985
35,82,53,97,111940
141,69,55,51,29953
81,66,57,40,55916
62,38,92,65,189243
15,40,41,48,235842
48,70,63,38,199990
167,75,56,38,7097
120,57,38,52,27408
31,55,72,60,90624
84,75,93,38,34716
60,85,69,99,40000
176,48,71,64,9333
91,61,96,37,29909
38,53,73,44,175870
127,57,93,54,29372
43,52,82,35,68528
6,80,58,70,282370
49,93,92,80,134467
22,46,62,92,148027
60,89,68,52,195271
162,82,71,75,7354
127,73,38,50,29056
18,51,79,36,376001
87,89,38,46,30917
59,63,95,80,136624
48,52,58,51,163657
106,90,86,54,36268
82,84,49,65,45895
18,62,56,62,269199
113,67,79,82,32005
114,97,60,35,19661
92,37,39,79,36891
47,48,87,79,117743
157,46,78,59,9160
169,55,95,100,9985
159,51,38,73,8163
141,81,36,100,9367
175,52,85,38,5176
160,57,87,47,2593
64,76,74,55,180130
160,76,71,35,2689
112,73,81,90,22272
70,79,99,38,11980
60,77,53,35,178050
63,97,63,53,108949
38,57,35,95,106451
108,35,74,55,24250
137,100,51,47,2626
112,44,86,44,29701
46,43,80,88,195909
67,38,35,93,160232
136,59,60,90,3748
8,44,45,70,227575
159,69,38,96,2342
135,95,97,95,5611
55,77,55,92,104009
143,87,52,91,5947
47,60,79,79,189235
145,65,49,49,40714
173,50,89,64,8644
40,51,60,98,191770
101,37,62,38,14152
174,68,79,66,6101
96,45,70,47,35912
152,71,38,60,7215
178,81,67,76,5310
115,50,90,70,21486
95,90,82,92,48798
148,98,41,86,5114
124,80,72,47,39995
149,69,37,50,5751
101,72,58,84,45030
107,91,90,100,8245
91,96,48,100,35787
20,69,64,73,133992
171,93,40,37,5003
111,35,68,99,22313
17,70,40,78,209767
29,65,92,89,174463
77,51,61,97,46237
153,77,35,58,1403
7,64,52,47,335656
175,94,60,43,8476
94,43,60,67,23176
179,74,38,62,7894
97,83,40,67,48020
145,37,36,99,2826
178,69,78,63,7477
41,41,47,56,67077
1,91,68,78,392068
52,96,67,35,164850
24,38,44,54,328295
74,49,62,69,185686
169,72,98,91,4051
82,40,36,73,70357
13,52,56,47,378911
9,61,48,43,224200
104,69,60,75,27772
105,64,63,48,40899
38,55,40,89,188949
152,38,68,56,8287
154,69,50,54,2806
109,58,96,78,34648
109,85,56,66,10591
114,59,83,57,20532
2,94,93,57,155141
38,59,97,93,164846
48,94,98,72,133020
86,42,47,60,77529
90,90,38,65,13856
135,86,71,54,1046
50,92,78,45,171838
11,44,88,68,270391
157,49,42,74,5595
21,39,54,83,209846
179,100,53,48,1262
79,44,56,39,157512
23,49,60,89,139441
145,77,40,79,5048
143,89,90,63,8552
123,79,60,84,37121
154,69,63,41,5157
70,68,82,39,134477
7,77,86,35,304997
6,90,80,58,92696
41,78,38,58,183958
146,84,52,62,6532
72,79,41,79,138408
153,83,52,74,9238
0,67,73,57,250445
171,71,71,62,5474
6,86,51,96,70493
178,89,91,38,2104
34,87,66,44,118346
112,96,36,97,25834
119,50,50,37,18721
41,66,84,83,69970
71,39,91,78,22952
22,44,44,67,291232
73,61,69,96,22550
9,61,89,82,52370
88,60,74,80,15321
91,45,85,66,10839
147,39,75,47,8801
97,37,49,90,43659
170,80,82,70,7582
54,88,99,85,27311
127,54,70,66,17708
173,69,86,49,4160
178,65,50,70,6414
138,54,90,76,3094
5,69,42,71,262641
122,50,43,94,39234
45,46,98,55,145236
5,77,60,88,383167
130,45,59,46,14672
3,86,99,68,186666
108,50,48,95,30478
44,89,67,96,162012
15,88,64,73,72335
69,46,36,67,67232
179,69,72,76,6883
6,90,39,74,388220
64,100,99,76,21544
5,42,69,87,243026
8,67,42,72,370143
22,68,80,66,192342
106,58,36,52,10617
99,90,66,44,36535
73,68,67,91,17829
175,66,79,36,8674
58,67,48,100,66348
14,65,63,81,181768
57,65,87,98,13409
1,94,82,82,82885
131,60,56,77,16520
94,95,57,95,40949
79,97,53,47,34394
0,75,44,37,321167
163,74,73,81,7473
164,97,61,37,6030
5,44,63,63,293843
78,100,46,47,35579
107,73,73,79,45028
168,77,96,37,1520
171,68,53,52,3284
173,75,83,86,1390
11,86,67,58,75854
22,49,72,62,100302
20,61,81,90,58828
105,48,55,48,15360
106,62,71,67,43009
11,46,85,69,303637
102,46,53,93,22148
12,53,70,38,204838
133,78,42,67,19592
51,47,44,68,194313
171,39,71,90,9687
169,47,68,68,9244
2,71,86,40,372180
44,39,37,54,57228
162,66,53,49,5937
56,60,36,83,100591
130,54,71,54,26955
97,93,76,57,29016
26,80,51,36,50762
14,91,75,48,128599
75,41,60,37,189693
131,91,80,48,3695
129,80,65,69,6693
173,58,99,78,7763
87,80,67,98,23054
57,60,91,42,138666
125,68,44,56,17324
158,40,41,47,8191
93,53,56,94,32293
91,51,81,41,29600
134,63,38,50,15706
40,94,92,74,176140
172,82,45,90,8655
22,67,86,62,157634
131,85,44,86,6896
17,100,74,100,53093
79,68,82,50,15168
97,97,74,90,29276
175,71,46,66,9555
150,55,46,83,9806
174,96,72,60,8823
18,84,90,63,117948
165,95,70,44,7318
171,96,41,53,6485
32,58,57,87,78525
148,71,83,59,2062
29,77,88,66,147917
94,83,36,81,14582
98,57,40,75,12559
41,87,73,44,151487
49,42,35,35,187666
26,95,82,57,132859
167,45,45,65,2979
54,58,96,53,164015
39,51,84,46,104414
166,47,53,91,5155
152,38,86,41,4651
86,79,43,43,18578
76,97,36,65,43829
6,44,93,35,286052
152,100,39,90,6582
41,98,83,80,118678
1,38,96,61,339605
66,51,86,91,19938
143,61,81,48,3614
25,78,72,46,115267
107,51,59,98,33639
138,52,70,37,12386
69,43,100,81,37569
63,81,76,83,31924
84,42,97,45,22543
120,92,68,73,16799
70,38,80,56,109078
12,76,68,47,246049
156,81,45,97,4941
50,94,81,38,96854
86,65,64,63,24032
42,56,82,82,143082
62,38,37,74,150690
81,62,49,85,23977
34,49,39,80,123751
1,93,70,79,198463
94,71,91,46,43401
162,56,61,41,3562
3,42,79,54,345657
132,80,69,99,3025
142,51,80,95,2194
121,56,43,81,40420
2,86,65,47,311105
110,41,63,38,21095
148,79,62,42,6512
83,75,63,88,29678
120,77,50,55,20400
153,37,57,88,6880
117,70,69,77,43184
4,38,92,86,382471
106,84,61,44,22666
61,54,66,82,116778
176,60,69,62,7841
5,84,83,92,156712
89,55,59,97,26722
65,69,67,84,186343
94,57,71,97,46599
62,53,55,73,80407
153,85,94,40,2723
132,42,67,91,42380
36,49,51,71,102201
156,37,60,79,3693
98,88,53,47,47098
72,91,80,46,42156
96,99,83,38,41692
27,84,46,52,139825
106,40,57,62,46042
39,82,68,96,177649
56,63,86,42,180154
103,50,64,60,48840
38,67,65,55,86017
127,40,94,47,41545
171,66,93,79,7070
176,95,74,68,9304
88,46,49,43,160311
147,83,48,39,7901
42,98,36,35,188047
71,58,36,93,72491
161,90,39,89,4363
71,89,44,80,18755
131,90,45,84,8868
150,64,59,64,9171
73,45,70,86,54612
75,48,54,54,191227
99,59,75,36,35483
27,78,47,77,121990
135,98,46,75,2067
10,53,94,61,245254
120,61,48,58,15877
129,86,46,99,5052
93,76,35,56,12253
37,98,86,66,142671
154,95,96,37,4533
90,65,98,76,15689
42,66,64,95,153835
44,44,50,65,52057
73,46,62,52,110339
155,62,98,48,1263
99,37,43,81,34638
167,58,47,40,2714
59,63,50,98,136356
54,63,89,94,117279
8,40,63,52,347735
50,51,55,96,74922
116,88,45,77,12773
120,42,57,87,26086
39,43,58,36,137290
69,38,95,98,21816
102,72,49,82,46585
157,97,59,38,2525
96,99,99,61,34270
87,94,93,59,13307
49,89,44,92,91048
130,90,61,50,13365
104,87,57,90,28126
87,87,53,38,46764
172,55,88,86,7127
145,51,78,58,8280
133,61,81,80,7328
139,63,91,89,9100
70,87,48,55,175748
114,82,90,73,33140
168,82,62,36,1700
79,70,100,83,37394
22,93,62,67,89238
10,42,54,96,293275
74,41,44,74,150552
101,53,72,56,25718
128,87,55,41,27133
6,57,94,52,255156
70,100,87,53,14799
141,59,67,82,4622
121,39,55,93,13148
13,97,88,79,83713
168,35,36,47,8678
50,36,44,64,189999
64,78,76,37,114420
27,85,47,74,95209
103,64,58,72,40056
109,50,89,83,43406
79,86,83,98,10329
81,72,51,75,25157
39,65,60,52,67889
34,90,64,79,89409
74,86,89,44,20234
33,97,65,98,117039
177,62,71,66,1993
34,91,95,66,105009
7,69,57,72,377964
35,83,94,90,91928
63,96,93,35,153520
76,39,53,92,94088
169,40,56,87,5198
111,85,39,56,30849
134,98,91,60,9216
68,66,42,43,117381
19,78,75,76,81855
126,77,42,80,36590
67,49,52,45,175768
24,56,96,71,77443
76,62,64,80,33700
142,37,42,43,36489
89,36,71,46,148834
26,58,100,50,154961
148,44,92,51,4761
9,50,35,43,398844
175,50,75,64,2740
71,89,45,86,47854
74,82,41,88,39782
31,96,49,95,75420
33,54,58,62,96834
157,72,35,67,2600
171,98,43,66,6941
124,60,96,76,1901
117,64,57,59,41884
152,51,61,45,6343
111,71,93,44,24060
51,52,39,82,100360
102,59,78,100,14858
152,79,57,75,9534
119,67,62,42,35312
156,90,49,49,3852
146,93,85,69,2497
117,70,87,46,40235
32,89,84,63,84397
148,39,92,60,4157
108,36,78,60,34172
43,53,83,91,136149
150,77,78,100,3348
18,38,91,43,236196
47,70,52,74,183621
64,58,87,76,198276
61,96,69,91,12187
48,56,57,41,150221
21,74,53,87,62441
122,75,56,95,33624
45,92,63,87,103918
31,43,71,42,96487
67,86,80,51,109951
8,39,40,82,343405
96,97,37,65,49526
134,50,49,41,24690
111,72,42,90,18801
128,53,53,38,10191
129,57,90,85,5944
158,92,70,46,5728
162,38,62,67,4998
4,44,59,75,233772
16,95,94,67,58369
158,39,80,38,1030
3,52,68,82,206206
13,67,76,66,114111
98,77,91,49,49283
70,97,43,47,71607
145,69,35,70,1241
45,71,63,78,197267
75,48,85,43,99521
80,68,99,61,23223
135,40,87,39,18629
116,52,70,88,49073
31,85,37,99,72269
84,47,42,78,77037
7,92,42,95,109127
180,70,96,53,7161
171,54,36,64,1434
171,81,77,45,4541
169,53,37,38,4554
110,72,68,85,37374
158,71,78,93,6339
104,52,59,44,28884
24,85,87,44,68608
124,72,80,45,41826
143,66,36,92,4545
84,72,91,93,37832
66,49,92,37,87945
26,49,94,37,188651
174,99,87,54,2816
3,88,94,62,94169
163,67,93,79,5863
92,38,76,61,26519
104,80,42,60,16656
111,95,73,43,38698
147,99,50,56,2719
119,91,88,42,41157
139,48,53,53,44380
107,62,49,97,22297
163,97,83,48,3813
95,68,73,66,20319
149,69,57,59,9438
89,94,40,53,38138
18,46,47,84,385026
75,65,57,92,12242
137,78,42,62,19708
66,73,67,63,98773
173,48,71,63,6339
48,36,99,80,166342
84,55,61,97,11814
99,73,92,79,47584
141,56,51,63,30975
37,65,92,51,140646
147,38,83,60,5600
31,62,85,74,72564
178,91,37,97,5302
110,85,45,40,12001
24,60,92,70,175859
20,83,94,96,163018
18,45,37,91,351765
127,87,100,46,2068
56,36,89,53,63628
151,39,60,69,4090
30,78,53,46,197289
116,59,59,47,11321
142,57,62,47,48059
179,69,81,69,5182
39,76,49,94,175753
32,74,36,67,159720
58,61,90,59,69698
61,77,70,44,198594
149,62,82,94,6694
1,57,85,62,361525
115,35,49,49,19432
42,39,72,97,70478
170,85,60,80,9843
92,46,63,95,20280
147,80,64,73,6298
1,99,62,85,169803
7,65,73,94,149922
143,57,45,88,8179
35,91,60,100,66985
3,50,56,98,321962
69,45,76,73,58221
157,67,64,71,7041
133,88,90,38,8992
79,50,74,87,49898
119,40,55,43,22520
170,62,79,92,1978
28,88,91,67,106773
107,38,50,37,14798
80,56,52,91,39401
152,62,74,57,7279
140,78,81,44,3344
73,83,98,49,12263
73,86,80,93,16319
117,73,76,85,30273
91,100,75,92,45331
176,37,66,81,2597
143,52,40,99,7078
80,93,68,71,14012
100,35,87,96,13214
50,48,93,86,78160
144,90,39,51,9977
88,89,81,83,36865
150,55,63,94,3733
99,44,87,41,22342
64,55,41,78,122038
142,36,37,82,14142
170,61,38,70,3739
172,85,66,36,1528
22,78,80,46,189788
70,100,49,96,40396
70,37,63,55,121733
133,45,61,94,41303
108,61,66,67,41236
8,47,40,70,344508
177,95,82,45,4457
6,91,65,93,155808
78,41,48,43,190808
112,36,50,36,17630
150,62,77,97,2046
107,53,35,61,37928
5,59,80,93,139142
151,58,37,74,4219
86,100,42,89,28980
89,48,82,66,23731
132,52,45,38,18573
147,39,97,88,4264
109,47,37,36,13467
87,90,92,86,26270
0,79,50,51,349221
29,71,52,45,81466
153,72,43,80,6673
22,68,56,99,86825
14,100,87,45,161161
41,67,78,41,159518
51,47,66,73,162205
62,54,50,64,149029
100,64,68,73,19264
100,39,77,81,13268
144,53,80,90,6273
141,86,38,37,42233
49,98,44,90,68273
15,71,89,56,161019
80,86,67,36,49524
60,99,64,61,109168
52,44,61,71,96977
93,77,53,45,42799
79,63,70,81,10170
111,86,87,39,35682
175,58,35,36,9073
58,40,82,70,95992
87,66,39,51,187297
85,40,62,54,114376
146,42,52,71,3558
37,36,89,49,157066
74,39,54,46,108224
80,53,61,87,15801
115,79,58,70,42736
132,61,71,61,19822
75,81,98,40,33627
127,48,56,89,18522
103,86,90,40,38051
53,36,64,88,112918
174,53,76,76,9450
36,56,67,83,181901
34,63,100,84,193373
47,78,35,62,119111
117,82,66,43,23558
45,92,90,49,64966
143,80,69,100,9047
33,65,46,99,70654
64,35,48,88,159449
66,84,70,45,114471
166,44,85,66,2971
71,81,47,87,22084
142,87,76,63,8924
46,64,48,93,159417
63,78,48,59,53162
43,95,36,77,131645
8,95,58,99,130037
132,64,96,41,27330
159,60,77,96,9606
22,98,89,50,190919
8,38,73,78,258664
12,46,58,82,214946
31,72,100,88,160356
158,98,86,69,8311
167,72,91,37,4683
1,37,81,61,222462
37,78,42,57,104917
152,93,91,92,2791
143,60,81,74,6266
116,78,60,86,34878
13,60,81,47,352291
138,36,64,58,49156
81,57,41,81,10736
121,44,64,82,16680
112,58,46,68,43154
133,93,61,70,4264
132,76,48,99,6643
129,48,48,68,48700
136,44,42,63,32588
166,67,57,74,3405
22,93,84,98,158343
170,92,46,70,3528
133,66,99,94,9691
151,63,42,47,5670
24,63,93,95,183719
124,60,56,41,48717
121,52,44,65,32553
108,59,86,52,27047
107,49,42,77,26600
23,99,60,60,132855
13,67,91,73,184417
157,61,94,83,5208
29,79,55,88,197473
161,55,65,44,6881
3,49,87,93,244086
169,62,41,45,8027
124,59,90,74,37094
119,97,84,45,48587
131,65,88,90,3402
43,39,43,38,105636
116,50,49,86,41531
163,36,62,74,9510
62,51,72,70,146159
24,48,78,59,184830
174,51,57,51,5097
10,50,85,55,323130
20,40,80,57,259193
38,79,63,65,189736
1,71,78,97,85296
74,87,37,53,188540
54,63,82,97,177636
56,47,61,98,184248
8,41,45,62,276901
93,61,56,76,40367
141,60,89,89,9364
29,100,60,35,190183
54,99,59,76,88187
68,46,42,97,67101
147,74,39,35,10522
131,72,51,66,29460
149,45,59,76,5582
34,93,82,37,106004
100,67,81,87,35542
56,74,37,83,69469
124,54,100,59,26630
62,82,89,36,107878
107,82,49,85,14247
19,90,72,59,101122
174,98,77,91,266
118,63,60,48,32847
46,54,41,87,156944
157,100,49,91,5760
22,46,82,44,268496
179,36,94,91,1492
80,81,47,56,23979
177,53,35,90,7847
86,56,78,83,47474
35,68,71,85,130024
85,39,42,87,14462
26,95,99,79,105785
49,82,81,48,164650
133,41,47,80,44336
115,75,63,41,25029
10,76,39,81,285505
42,38,97,93,86893
129,77,52,58,33204
157,93,57,64,2192
50,49,90,99,113705
75,99,36,45,151963
91,76,37,75,14177
36,41,72,92,99746
166,62,91,36,1667
36,89,35,37,130454
96,48,82,71,31122
176,90,94,47,9062
180,84,53,60,7134
165,43,80,38,3641
177,39,68,99,6265
26,44,36,95,137445
137,93,46,97,2777
165,40,40,72,1815
14,63,36,50,342777
87,68,77,58,47861
101,59,75,67,46715
42,51,41,93,170808
146,49,91,87,1196
1,52,66,63,340080
115,94,62,61,41696
135,57,66,49,28266
127,74,91,81,3660
117,44,90,86,22511
62,85,43,75,85367
15,59,44,64,300360
39,91,80,41,193279
112,91,51,59,29846
54,53,66,66,66455
21,89,91,42,152426
83,45,70,86,42841
11,89,65,66,112271
103,93,59,78,43934
140,79,59,59,7333
11,63,77,71,102647
106,97,56,49,30360
69,98,40,77,18595
124,77,96,86,4017
99,60,65,89,21075
56,58,99,60,83500
37,70,88,43,70063
103,58,74,42,22518
114,45,90,63,11833
5,37,99,46,238435
179,66,90,45,3010
78,58,58,43,198922
69,57,51,59,114367
37,37,48,44,204294
141,44,83,96,3223
130,81,94,59,4718
76,73,77,80,15418
28,100,61,37,183998
63,55,58,54,92803
12,77,71,64,152158
152,72,77,64,2575
150,78,35,75,5203
72,100,91,76,14692
169,100,45,45,7659
78,83,56,71,38488
177,65,78,65,9522
40,38,48,80,174725
91,67,64,43,45493
88,77,41,74,39012
118,96,89,69,5430
78,39,74,80,32036
136,61,51,100,2767
25,79,89,74,81967
159,69,98,98,5381
151,100,55,76,5583
99,92,36,50,33222
142,57,35,47,49475
140,89,63,52,6402
49,76,44,43,64850
85,72,64,48,28433
96,42,52,47,21915
39,72,46,59,50930
143,79,47,58,2020
1,44,53,58,287228
132,68,98,46,6484
108,93,55,81,29252
98,73,65,80,37064
105,71,61,63,42880
145,38,35,58,28729
110,58,90,52,22003
137,51,92,69,2667
171,62,45,37,7647
99,37,59,46,36544
52,44,53,81,139834
6,73,66,57,311921
146,59,59,40,11504
96,49,97,54,26873
95,38,40,93,32264
51,53,60,82,151592
88,93,72,39,25467
162,37,75,66,5125
115,73,94,90,6841
117,92,60,39,26055
160,43,66,62,9598
87,96,82,100,46029
110,90,70,70,41740
6,66,35,92,338741
19,68,85,70,170729
160,35,84,69,9354
58,47,56,90,66976
170,89,49,76,5219
70,91,44,98,29880
140,50,94,65,7710
161,38,89,100,8903
105,93,75,100,44009
174,61,55,45,4414
113,56,57,99,34122
88,62,59,35,131823
28,54,80,91,54747
166,42,62,65,1910
38,55,42,76,140554
78,54,95,45,41461
31,38,63,39,311850
75,73,57,50,175233
138,82,68,55,7909
62,51,68,85,191672
66,58,56,44,182100
30,58,45,85,55878
47,38,42,41,69743
85,56,70,63,35539
85,95,87,49,10638
175,88,98,100,277
46,47,48,43,104683
165,46,47,55,7582
37,86,60,56,148035
71,71,79,71,46877
17,41,94,92,137418
54,68,79,37,104266
167,87,65,57,1738
110,46,35,45,44160
44,65,87,79,140946
40,62,96,36,63127
64,55,49,89,144599
103,54,98,73,40854
158,68,85,90,9032
28,97,67,79,169813
36,87,36,91,87211
95,85,73,56,46686
170,72,98,71,3853
70,65,78,48,74574
97,86,39,76,21782
17,91,78,95,133424
62,66,62,38,75230
1,57,93,57,359458
90,60,68,47,43959
115,85,44,73,14995
81,86,90,61,17943
180,47,80,70,2706
93,69,85,97,26236
67,47,81,40,63685
7,75,95,54,99364
55,36,100,66,52170
21,75,44,73,83000
31,74,52,98,188833
93,72,51,96,48427
21,80,72,66,83112
111,43,84,71,49488
92,78,94,63,20068
62,60,79,69,190877
118,41,87,75,14611
1,69,67,84,350156
114,41,73,83,29842
16,59,48,39,380422
82,67,85,51,45900
90,65,49,74,27728
19,68,99,66,69695
149,96,79,45,3464
37,99,97,72,95822
12,82,58,70,59324
98,77,99,80,35797
104,60,63,75,27934
121,53,93,62,32713
52,76,62,53,190742
76,36,52,74,70148
135,43,55,78,40779
70,65,47,79,146257
161,100,96,81,4283
36,97,90,80,155022
7,89,77,57,121417
127,86,88,71,8618
145,93,35,53,6772
32,56,61,84,170178
71,87,94,84,44290
82,58,42,54,97813
58,81,70,36,184335
165,60,54,38,9151
64,48,69,86,154726
109,54,61,75,44691
25,74,100,37,113260
6,59,58,77,225998
78,74,95,55,25869
95,66,46,43,18590
135,55,79,74,6469
94,40,45,98,22201
121,93,42,89,43149
38,85,89,37,147196
79,50,39,74,95003
66,79,37,65,84280
28,89,67,85,71583
96,64,95,94,32178
6,40,49,100,354335
84,51,53,48,196480
50,68,55,82,148114
57,55,61,63,83957
14,49,64,66,389515
90,36,56,60,24759
135,70,60,41,24720
159,43,93,78,6696
148,54,83,67,9460
42,99,57,74,139635
177,64,74,46,4676
128,50,84,77,14027
132,55,99,55,3118
64,57,94,36,63473
56,50,82,59,86955
167,47,39,51,2094
137,93,69,57,3714
142,96,40,58,7276
85,87,65,69,11529
97,53,68,35,34232
121,87,98,74,6181
54,45,86,60,146073
86,82,79,67,11613
8,36,48,70,275327
105,59,43,77,15897
32,43,88,47,80887
127,93,90,98,9251
22,61,95,78,90504
42,96,60,98,78612
151,45,87,77,7503
154,35,83,82,2487
180,45,43,95,8800
87,56,78,64,43083
54,73,75,43,59156
138,38,67,67,29859
164,55,92,85,8823
163,84,82,63,4369
97,93,89,56,22907
83,36,42,75,101839
88,45,58,60,31026
132,49,48,71,44577
103,80,91,74,26857
172,50,96,57,1215
82,85,35,79,11112
137,64,48,64,18708
14,51,82,59,279347
18,93,87,73,149198
4,74,92,40,229207
89,53,93,95,27964
162,88,36,79,9864
22,70,43,83,74601
26,75,40,100,85434
61,47,58,93,124316
94,72,42,92,27974
173,72,51,93,4973
68,76,99,44,44727
179,58,93,55,3406
78,39,70,56,55511
51,35,62,65,136167
44,41,36,97,122232
88,57,84,67,45894
50,71,97,79,116808
70,83,35,88,119539
168,84,83,81,5907
108,38,98,54,47685
114,75,64,75,44141
135,66,74,96,3549
166,67,100,47,1284
67,44,92,61,194057
103,79,84,82,46109
96,78,62,95,23221
74,67,56,47,116181
105,88,77,89,35627
57,49,58,96,81257
109,95,35,80,49403
0,85,70,100,182706
29,42,36,59,238034
70,48,38,80,130672
36,64,61,47,123158
81,72,86,100,46263
165,75,39,98,9759
48,93,73,89,62237
2,42,50,60,391988
159,42,94,46,9890
161,64,78,72,1700
136,82,86,98,4176
147,84,46,41,4751
41,84,75,58,108084
117,68,37,37,33447
34,54,78,82,152347
80,89,60,65,12615
126,87,95,68,8213
83,84,45,52,22241
158,96,57,87,4645
73,51,75,42,164590
48,91,82,87,69389
105,84,89,43,11311
86,91,39,99,18689
177,97,92,91,982
136,60,97,100,7945
80,40,96,75,29253
163,36,61,52,8377
123,45,78,38,34146
42,73,93,59,109214
83,89,99,59,40427
36,88,62,86,165135
37,78,96,72,197889
60,62,65,91,76249
139,41,62,54,47184
154,50,70,44,9082
89,99,96,67,13553
164,47,71,53,8197
159,67,74,49,2359
84,72,42,73,26699
108,90,52,82,35191
148,90,46,40,9862
97,95,91,95,27267
111,51,63,93,22247
2,61,35,38,216387
123,67,45,91,11902
153,88,61,88,2800
71,98,99,55,34206
170,73,50,69,4211
51,53,96,42,162242
86,45,77,71,18344
151,68,46,76,2614
110,46,63,54,32914
79,95,56,51,21521
6,48,38,79,275966
9,79,78,89,60385
10,88,35,87,318479
32,41,59,83,127302
120,46,96,96,36187
165,51,44,77,8204
119,62,80,36,14133
20,57,67,77,92465
63,71,57,68,196794
161,61,38,97,2020
141,100,62,55,1875
86,44,60,69,15889
170,78,78,77,3035
51,39,53,64,101580
115,63,87,62,38884
180,51,58,99,4107
159,60,90,67,6286
83,92,46,77,49530
12,39,79,39,399190
34,88,83,71,134728
135,91,94,89,9609
40,62,65,55,144002
35,60,53,40,130910
109,83,52,99,10917
163,44,54,95,3404
58,56,38,63,195465
53,62,73,91,164267
29,84,88,57,135521
80,88,62,42,14511
106,40,74,85,39230
114,41,61,100,37701
141,56,90,94,5495
127,40,35,46,34599
125,77,68,91,6780
39,67,67,62,106291
64,80,67,100,48819
177,85,86,55,6755
29,49,43,66,152471
150,61,76,42,9970
148,78,73,67,8746
54,47,70,60,198630
135,48,58,74,42494
152,51,38,75,3619
86,77,88,86,26916
151,71,78,39,1956
43,40,37,99,54209
73,89,94,65,22240
38,82,61,50,86275
108,38,76,88,15256
152,92,52,78,2200
43,72,99,44,109104
1,54,37,70,269892
19,37,37,81,362917
36,42,35,79,130329
9,77,75,46,241708
7,79,35,60,276117
106,65,90,71,42643
71,78,83,74,34677
67,44,38,55,136611
115,40,45,46,46126
158,77,92,84,9545
40,70,78,100,148764
33,78,67,40,86324
117,74,40,48,18148
122,39,79,93,23801
42,87,61,82,156487
110,59,42,66,18278
0,65,49,50,313101
107,91,45,52,31932
147,48,61,43,34844
172,42,90,41,1398
103,90,71,98,25592
16,55,86,67,89657
94,46,80,91,31267
67,78,64,59,62926
129,88,48,57,36436
179,84,67,43,6470
7,41,55,87,278350
51,71,38,95,181733
176,70,97,72,2063
63,90,48,36,85812
125,97,53,43,31792
126,95,78,99,7200
23,78,40,68,82628
26,52,39,78,126641
92,39,95,40,21338
38,42,77,75,90395
111,64,93,57,31987
152,82,76,63,7740
70,79,75,97,12478
99,35,54,53,28633
35,57,63,78,90318
6,65,72,100,148045
21,88,88,40,159768
107,63,77,96,48446
14,39,36,72,271773
38,54,54,63,191727
16,85,42,55,202710
114,85,40,86,45463
98,67,96,99,12775
159,89,67,72,2281
137,100,49,95,2189
156,77,57,59,6096
155,35,54,63,1647
61,48,72,37,166482
54,55,69,78,77819
112,77,75,61,11115
155,39,77,97,7718
8,63,62,45,345620
98,49,58,69,14921
99,94,73,54,32101
87,92,98,48,39859
140,35,47,69,18071
17,68,86,92,107626
145,91,43,98,1590
150,93,56,84,3454
83,86,41,51,42642
134,75,57,71,3883
105,98,52,69,24686
134,95,83,91,5803
139,49,36,81,30938
55,48,61,38,94755
129,38,58,43,14754
168,84,99,46,9870
156,92,59,83,3366
26,92,43,35,62529
75,99,58,53,11657
141,48,66,40,46976
93,57,53,36,35289
168,87,61,42,9480
170,64,68,54,7461
1,53,69,54,333102
102,75,63,49,17558
121,88,50,44,45064
165,87,68,35,1718
58,59,66,65,135884
2,100,75,96,81711
120,67,47,73,25388
104,59,53,99,11551
71,94,91,79,39957
36,88,38,81,187556
164,76,82,95,7130
164,49,93,97,4830
41,65,40,53,102901
121,67,87,64,36749
74,99,48,44,55886
16,49,37,56,330289
55,93,60,84,101184
86,95,89,98,10002
157,92,47,58,9004
134,85,88,85,3714
11,75,67,65,267338
163,40,79,94,5644
100,64,72,50,43486
165,87,42,43,1836
18,52,39,66,255518
87,82,67,36,12869
102,76,69,95,16514
59,83,57,69,155629
2,44,75,82,385905
126,92,49,82,9817
5,38,57,79,305280
55,97,49,38,99242
103,66,43,91,18386
38,74,50,44,138756
64,84,63,52,108783
106,67,45,63,23023
142,69,68,54,6624
55,85,84,64,123565
3,97,56,91,145196
3,99,82,57,192788
70,39,67,60,149258
84,68,60,100,31749
116,42,92,35,26007
82,94,96,44,20001
92,100,86,43,40058
47,94,86,77,131789
49,48,52,68,61090
40,83,43,82,191631
25,41,89,93,80286
67,64,57,51,137937
71,73,82,39,193025
147,61,36,81,1807
35,47,56,52,76826
5,86,37,51,396565
126,100,91,56,1138
163,87,74,69,2836
120,75,98,49,45115
41,93,38,63,71416
5,73,100,61,189121
102,66,85,74,32406
0,59,40,50,256725
145,84,44,83,5489
38,92,76,79,79723
88,39,91,63,42054
150,91,52,60,9686
132,42,53,62,44499
83,84,99,42,26825
154,67,80,71,6868
120,49,62,97,29549
2,86,78,94,72585
94,48,40,53,36045
4,83,85,60,237489
107,52,79,43,21609
129,76,65,53,12118
174,71,53,59,1991
74,38,80,65,173521
166,78,53,75,4193
102,72,99,69,31002
77,77,39,60,54398
89,84,92,62,15214
78,89,92,74,31492
71,80,79,44,84149
47,96,62,54,70984
69,75,40,45,114541
130,67,88,81,1978
9,53,43,41,399228
13,36,56,94,289875
25,93,73,57,73759
152,87,45,59,7046
173,61,97,81,1141
22,50,54,37,353349
28,38,99,42,118911
83,50,81,65,16239
121,63,77,68,25547
50,43,39,98,151562
83,69,44,81,11526
91,69,96,67,26526
84,69,44,54,74158
7,47,93,81,199051
168,86,88,70,8500
98,47,45,42,38554
144,61,47,78,3461
140,42,98,86,4973
70,88,56,97,35079
78,71,90,75,27083
147,79,92,71,9413
166,37,72,80,4305
120,83,68,60,38801
122,90,41,70,40925
25,50,43,56,202308
119,77,64,66,43131
66,60,46,71,71816
11,80,61,41,352553
37,82,76,61,139993
41,92,75,43,153649
173,88,93,47,3901
15,79,66,74,135337
94,78,81,94,22578
74,94,71,56,43679
85,94,76,47,32687
101,62,67,60,15456
169,63,36,68,6541
11,86,55,74,159506
100,83,60,86,17165
61,95,80,63,43841
104,36,98,100,29941
101,77,44,87,38370
27,36,63,86,56171
0,93,78,77,185952
14,82,80,83,128243
13,37,40,56,394467
90,84,69,43,40876
26,91,93,76,135428
37,38,86,78,139622
69,94,38,37,167213
22,71,52,39,385896
91,72,81,46,44517
5,95,98,45,89869
120,51,54,60,30410
152,52,63,69,5197
14,85,37,55,200956
2,87,69,84,136535
175,37,88,36,4473
177,56,64,40,6512
51,63,96,63,142292
21,83,42,74,59306
151,47,84,79,2470
64,61,97,45,137270
41,72,96,38,102257
25,88,61,73,127495
97,97,76,60,36820
147,87,39,50,1136
24,91,72,42,59855
64,65,67,89,160161
35,58,95,62,106379
93,73,65,35,46876
41,71,91,69,99401
126,54,100,57,29889
165,81,64,77,6018
81,98,40,65,11531
86,63,37,54,65603
56,38,76,68,67891
17,99,59,79,136157
10,86,42,94,125049
143,73,76,52,5486
131,64,84,79,8454
45,88,80,39,179801
109,57,41,92,21054
91,55,65,61,25260
137,43,45,56,37495
89,84,74,100,35534
146,50,38,83,7838
13,68,55,70,300327
62,76,83,44,120607
62,84,61,42,158957
122,64,52,57,32523
104,64,64,73,38944
68,86,47,41,85543
67,94,80,69,32556
99,68,42,100,14957
56,38,100,54,173504
96,89,40,63,14431
99,39,71,43,12015
36,73,97,91,83014
39,98,37,77,131432
54,70,92,53,68525
98,36,99,93,36604
125,37,60,48,21415
162,40,96,70,4726
32,50,86,68,140316
33,77,95,56,117760
166,35,75,84,2287
66,100,36,51,178584
160,88,40,86,8268
44,35,85,45,72860
48,83,76,83,90204
93,48,70,90,35942
135,90,45,57,42360
154,65,81,100,1875
111,95,42,99,47272
16,64,58,86,158604
76,92,66,69,35874
167,74,80,37,9857
100,39,61,78,34789
88,75,92,63,26336
178,97,53,61,4165
113,87,79,45,37511
104,44,54,53,39527
129,74,52,36,26758
150,81,79,55,6550
31,53,52,58,167678
105,64,55,82,28408
172,35,56,90,3471
37,53,53,100,167340
113,81,92,91,7358
27,94,39,52,86047
24,72,35,74,99126
94,73,59,57,18874
124,82,72,58,14349
132,94,51,71,8873
19,64,50,78,155603
158,60,75,36,6639
77,58,74,59,49229
57,66,80,60,182014
177,79,78,59,3355
145,41,56,38,45996
117,74,86,94,5043
72,49,91,69,49892
140,55,60,90,3583
95,64,60,88,21120
123,55,57,62,20832
78,57,93,87,15940
161,46,36,59,8006
124,78,68,40,13934
38,84,58,39,139653
53,44,40,50,90507
141,67,74,74,7643
47,99,44,40,87406
5,68,96,46,390674
134,98,38,55,19891
134,69,83,45,15362
102,58,56,77,44287
176,56,52,78,5204
31,92,90,43,171323
88,38,72,76,10996
134,76,94,54,5076
123,55,39,64,22862
37,70,72,57,91647
133,80,49,35,44915
91,67,58,48,40965
95,72,45,97,33199
156,64,63,45,1703
121,72,94,41,20077
73,41,39,81,191454
38,72,70,36,143779
54,94,59,48,175416
136,83,69,39,47099
100,51,88,81,43502
176,96,57,50,1208
134,77,78,43,31318
79,94,44,39,90242
6,56,58,76,246229
162,89,37,53,5521
173,54,67,40,9462
68,65,40,35,88034
14,68,98,83,186273
173,85,45,38,5945
40,98,35,43,169104
115,51,35,58,42716
121,54,98,54,35936
84,74,64,57,27942
119,90,81,51,14457
32,49,66,68,156939
30,49,54,65,158801
12,50,49,59,387903
75,62,46,88,21632
143,96,44,100,8258
51,64,50,44,78860
14,40,35,69,386491
106,35,72,75,31951
137,61,73,79,5887
56,74,71,37,84371
120,35,79,65,18484
113,77,38,63,20083
98,45,67,87,24056
120,51,46,35,42077
168,87,41,100,9265
180,39,70,78,2389
121,45,98,55,31848
34,69,69,73,122480
76,78,85,72,14268
29,69,62,75,159929
172,82,89,42,5761
106,63,89,100,35925
47,41,40,71,139524
92,42,74,51,34957
107,81,45,44,21649
156,85,100,91,5264
93,98,38,35,18170
6,42,92,44,258477
105,56,86,83,20562
3,91,87,89,176871
82,46,89,81,15080
50,94,91,36,101181
100,47,74,40,39195
42,38,71,70,101231
139,52,95,65,7638
167,80,73,97,2334
39,63,45,73,195365
95,61,72,45,21939
159,96,50,76,1414
69,47,70,45,83403
125,82,54,63,27020
133,90,52,76,3619
55,37,73,77,189603
17,55,60,57,286921
171,47,87,71,6815
139,37,48,69,18349
70,100,52,60,41627
56,66,98,100,45748
141,44,99,98,4702
20,43,43,52,233911
68,96,50,38,63543
171,61,68,38,7122
50,36,66,36,198025
149,53,54,52,7899
177,48,54,79,6975
46,91,65,86,85939
45,41,83,57,190252
40,38,65,81,56499
17,41,72,79,135019
17,43,50,96,316607
39,92,100,53,184682
29,79,65,70,186497
93,72,45,50,26050
166,57,99,83,2205
140,58,83,71,2752
106,60,76,37,41336
170,99,52,48,1447
31,94,55,61,152978
168,36,77,35,4323
94,81,90,93,13471
174,88,81,86,8213
117,60,52,83,21456
109,41,64,59,31272
154,69,64,48,2698
33,49,41,47,399079
33,47,38,47,205167
107,47,67,57,39250
159,89,37,46,8479
32,66,51,86,150860
20,37,71,69,233312
2,82,52,37,379804
100,39,43,50,33217
56,51,99,91,76628
149,35,81,83,7037
87,89,66,100,33139
70,42,70,46,142673
110,53,83,71,16953
6,76,91,50,381874
152,72,78,72,9169
44,64,50,38,144557
34,95,39,75,76471
27,44,86,66,51227
44,50,98,69,87480
144,76,56,84,6652
45,91,39,86,149742
160,81,37,87,2975
17,62,49,84,100715
45,35,89,92,90397
148,90,51,41,2102
71,94,82,44,46060
126,75,53,96,5999
157,70,84,36,8684
173,74,91,45,9720
74,60,73,59,136359
115,64,80,75,28679
177,78,44,36,5983
148,59,56,45,2284
5,50,80,58,355661
23,57,73,40,238646
20,80,75,93,132372
111,76,93,69,39224
66,99,53,53,68654
93,67,74,46,26029
69,76,48,39,198922
59,97,83,99,17024
51,43,50,69,109248
15,67,85,95,64926
58,38,36,92,145293
97,59,59,100,46633
101,89,37,80,23980
138,55,77,38,29780
21,40,56,50,386531
177,92,85,81,536
133,59,37,47,21890
52,65,89,100,67692
162,69,84,64,2564
152,91,85,92,2675
68,71,59,58,142921
129,69,42,62,24523
125,78,44,39,32903
174,65,63,37,8321
94,36,90,48,37979
14,79,81,54,183243
145,95,39,92,2360
76,94,47,74,46546
179,36,87,45,9969
27,45,41,63,352512
179,49,41,89,7018
19,37,63,54,367931
9,95,71,85,77305
96,64,79,58,17582
22,87,76,70,127415
112,68,60,59,49466
133,88,86,47,2022
55,81,99,100,19283
12,64,67,72,273002
111,37,77,38,43257
31,35,47,70,100457
149,45,59,79,4489
31,59,93,91,144314
156,55,55,81,8465
10,92,75,59,180272
102,68,80,82,39988
21,41,81,51,384066
139,53,65,36,28156
95,52,89,38,30373
119,68,82,58,44860
122,44,80,70,44401
50,66,66,49,115672
57,70,56,47,189432
107,60,95,78,49384
85,64,71,92,36274
121,83,93,41,26418
166,40,99,61,2418
8,44,88,77,269239
49,80,97,83,164078
135,74,94,85,7022
172,81,48,59,3478
92,80,79,65,15683
126,38,80,63,13504
95,35,93,71,14473
179,36,55,63,9168
159,75,56,76,7968
180,51,55,85,8046
53,75,94,78,100508
28,77,71,95,54026
60,54,78,90,165375
73,49,90,90,29501
44,76,96,42,111267
13,60,75,63,201804
97,93,81,55,24859
105,58,55,38,40727
163,68,84,62,6833
43,66,42,88,69033
105,60,67,78,48383
31,72,44,35,121365
76,59,86,86,17179
45,43,79,70,76760
96,74,68,87,36732
44,67,63,72,172671
81,93,96,69,12478
58,93,36,94,138600
52,38,90,36,179168
47,61,68,75,65966
5,40,62,42,250816
79,52,81,45,180565
141,56,65,62,8570
114,35,47,85,26896
28,47,76,63,102061
143,94,68,74,1221
51,98,38,82,57022
17,44,48,85,334517
109,80,100,95,1897
162,68,99,69,7190
10,96,38,67,386273
94,69,87,62,14630
48,36,60,51,68016
58,100,73,60,109101
149,56,92,63,6234
9,59,55,95,236469
122,73,100,40,49424
27,45,73,52,92515
75,92,84,75,18801
145,68,100,99,1125
104,61,64,35,23304
112,96,35,39,36244
70,60,83,95,26642
166,83,48,54,2465
171,43,97,96,8429
101,77,98,78,32532
140,49,68,90,2224
89,64,90,59,25847
67,81,62,71,161433
72,70,35,59,72824
68,91,37,42,64127
58,70,89,75,116106
161,64,96,89,8667
100,56,56,47,11489
22,52,100,48,152906
157,53,82,39,7054
170,53,73,93,7893
93,86,84,44,18298
82,49,94,69,19216
46,97,52,60,148619
145,97,75,77,3001
37,61,83,90,63276
176,75,94,90,815
116,96,76,62,33588
19,69,88,40,168802
105,42,82,100,31876
109,58,59,47,15238
157,43,97,74,2743
31,95,94,85,142711
114,45,50,59,40409
137,91,75,99,2886
175,88,75,95,234
180,87,60,95,448
34,37,98,45,64213
129,99,74,49,3146
157,40,55,91,6814
83,97,43,86,14852
8,50,66,37,370893
20,81,55,76,75439
144,74,92,38,2878
56,70,86,56,107176
9,58,69,54,363324
51,48,73,68,142271
102,46,76,65,38102
136,85,71,56,7280
115,98,97,46,30250
115,81,62,69,10165
95,75,90,43,18578
50,83,69,50,181045
167,42,88,67,6554
129,72,90,54,9512
65,53,50,54,71354
51,48,69,91,153098
79,62,77,69,13470
2,61,38,56,258598
22,47,94,61,181702
49,46,44,83,100907
106,69,72,88,44935
19,46,37,36,299803
21,69,43,51,356301
159,93,92,70,6065
63,47,68,39,133076
110,52,52,60,46691
19,38,56,43,367610
32,41,67,100,177431
96,93,69,66,31248
116,86,69,74,46134
19,37,87,46,274606
121,45,60,72,25647
111,49,95,86,31974
112,62,53,88,22665
80,49,47,57,111775
24,66,55,35,386651
90,46,54,85,48297
84,77,84,62,26204
24,65,52,74,116902
66,97,45,61,113968
155,40,78,81,7084
150,57,69,95,9912
165,86,36,53,1878
96,57,60,64,43446
89,62,95,82,48494
95,47,45,74,17275
178,64,64,88,1774
66,44,95,71,50014
49,38,76,44,97859
122,56,65,62,26324
18,81,58,90,195930
76,88,93,99,17825
131,85,81,88,7552
125,44,41,99,44656
18,41,79,72,59862
173,42,37,46,3218
134,82,79,59,7147
131,84,92,99,4945
155,71,36,95,6840
124,85,65,77,27370
27,73,99,50,140690
67,70,64,57,165134
174,45,53,96,5394
74,43,59,65,173532
64,64,63,52,181202
34,100,38,75,97568
89,64,45,67,41981
4,93,85,99,53267
57,82,92,71,140683
58,44,67,85,173002
77,70,72,89,25773
25,76,81,53,176823
76,59,52,43,194855
110,51,38,89,38571
104,74,43,70,25549
121,83,76,36,20910
75,53,99,94,20557
97,50,41,46,48788
91,81,45,68,27870
50,39,82,65,169174
98,74,48,44,14945
48,51,85,96,154225
32,39,76,37,87566
165,47,42,95,3865
68,72,93,36,139350
137,63,68,79,9774
77,67,85,98,49077
11,97,99,94,176955
19,100,52,76,54553
118,40,100,56,14606
149,99,83,46,5722
122,96,93,45,44417
81,35,43,37,99607
8,56,57,39,207652
38,37,60,42,92452
51,40,61,56,81205
42,61,79,80,107200
32,62,85,98,97365
127,57,48,90,23902
152,54,52,51,3189
25,66,93,91,74776
11,37,66,49,339400
48,78,62,79,150108
46,55,84,81,170229
36,66,90,77,142133
50,82,87,82,192567
9,43,80,44,333155
9,61,53,45,355679
147,80,94,51,2540
81,89,38,86,23330
158,37,63,87,7791
119,39,98,61,40496
57,96,60,48,70474
40,48,82,82,55413
134,67,58,60,22337
169,47,65,57,6284
108,93,92,50,30167
81,43,98,56,17989
149,48,100,84,9668
107,51,35,48,39200
8,46,100,49,375652
52,75,38,42,120214
16,56,42,56,236135
149,39,43,94,9021
122,68,70,72,37586
31,80,59,98,66544
46,63,93,65,110953
62,92,83,99,40141
46,56,98,80,57098
159,71,86,77,5204
33,95,79,75,178886
179,100,46,49,3685
15,37,61,57,249056
47,89,61,81,190190
162,70,58,51,3401
128,54,98,84,1480
108,72,86,95,25640
28,69,81,91,73199
126,80,70,44,36413
97,60,82,82,48924
157,100,41,90,6405
54,67,76,40,153240
127,74,90,51,47207
134,74,92,96,1346
53,43,85,44,112000
157,43,80,60,7305
127,61,61,75,28218
40,52,95,87,190556
25,90,95,84,67087
177,36,40,56,2341
68,91,59,59,73413
160,42,47,95,3287
116,61,88,37,42478
155,86,63,95,4315
72,95,56,91,34620
80,64,48,82,31649
159,72,87,49,9100
121,83,67,47,38358
146,90,71,92,3056
131,47,97,97,7563
7,61,60,79,222441
13,86,87,85,156444
129,82,83,93,3127
136,36,77,48,21247
167,89,93,81,1895
163,67,97,52,1216
100,39,66,83,29363
72,48,98,66,42392
108,82,86,43,23268
107,66,44,45,43204
105,74,98,44,26938
171,91,82,96,465
44,95,36,81,169525
28,97,59,38,102804
62,40,52,70,181403
87,91,64,48,23185
121,68,92,69,19505
124,42,77,97,35342
114,96,54,86,25318
83,80,38,96,33391
145,95,91,97,8256
4,55,53,57,249476
160,38,69,93,2577
126,83,75,83,9655
83,80,98,84,41483
170,61,68,97,9037
100,61,41,57,41870
129,70,92,45,19990
65,65,80,87,39532
67,80,71,61,193340
11,94,51,84,129819
127,43,63,59,38558
136,47,81,78,7274
121,52,44,70,28299
2,54,52,83,224228
19,98,56,55,145456
79,69,35,46,79708
7,65,39,78,217202
99,59,79,47,33458
31,56,40,83,119627
10,49,74,68,277559
106,64,53,96,18733
31,59,46,43,184052
16,69,94,38,106771
130,43,45,95,49399
92,55,59,96,38183
168,91,100,43,8402
135,92,72,54,2530
46,62,94,56,109111
112,85,58,95,39185
108,89,38,92,39310
12,61,64,96,147802
86,83,51,49,39338
116,44,62,36,30770
142,93,67,89,2743
74,86,53,73,16897
9,100,90,41,54185
167,53,45,86,6475
139,96,57,74,2733
49,98,53,52,69866
96,78,92,96,44225
90,87,95,84,44869
41,93,42,48,85526
78,78,77,52,33198
131,73,89,53,8363
64,74,64,62,133632
92,75,83,63,41700
30,61,69,42,148233
133,49,55,71,41429
53,63,92,53,102991
33,92,47,38,137946
177,55,94,55,7188
41,60,65,83,87246
2,73,82,55,223781
17,69,66,89,157914
102,92,72,80,16269
124,54,60,45,16849
102,71,40,88,34048
174,81,60,59,9611
20,92,77,57,190888
85,98,67,82,22235
138,82,42,85,7535
100,70,64,46,45914
28,37,96,45,165898
71,76,40,89,84053
20,78,82,70,50209
124,79,37,93,32283
83,53,57,39,146818
146,46,91,71,5175
62,38,88,88,171222
33,49,47,71,125728
165,65,100,94,3316
148,78,62,91,8808
137,42,97,61,3833
34,78,42,80,63010
42,80,74,90,149475
56,46,57,46,185275
171,73,76,82,3394
87,69,71,74,29440
15,82,52,52,377887
126,76,36,87,35659
34,98,67,75,188072
3,55,38,90,216112
3,38,37,89,343044
82,66,92,68,19406
9,66,39,63,227782
142,36,44,45,47175
39,92,61,37,110838
21,95,72,50,118932
127,51,95,78,7883
40,89,37,47,80156
178,88,52,74,3144
119,44,75,78,23916
135,70,90,48,6660
134,76,64,81,4745
119,96,50,63,35337
120,49,85,90,30951
169,54,81,98,5097
109,66,88,76,48557
8,53,40,92,333888
140,40,63,100,8674
73,65,75,73,19016
124,62,65,47,32598
50,99,79,87,54536
25,50,46,50,264993
90,86,58,92,26038
0,95,82,96,144083
68,86,80,51,16740
29,83,85,67,68233
105,73,71,49,45932
9,54,43,54,205695
84,41,98,82,26575
66,79,51,85,187921
105,47,61,81,12087
68,66,79,71,97246
74,43,89,43,63352
14,70,70,99,97003
32,99,88,40,159950
74,82,62,50,132609
53,47,99,69,74222
11,66,44,39,327258
166,55,50,63,6702
82,48,75,75,16315
72,50,58,55,70154
118,73,41,62,13234
9,72,66,96,53169
87,84,75,81,30461
1,76,38,35,325845
10,45,48,93,203729
60,58,61,69,120644
21,45,92,38,387884
110,99,52,93,20995
108,74,74,85,21496
136,57,47,35,32859
137,61,53,56,46618
74,50,63,64,82138
56,99,40,69,123343
116,93,48,77,15805
118,56,94,36,23617
162,60,61,53,4620
35,74,97,73,151503
106,46,78,82,20062
160,66,56,40,3920
121,51,36,89,22398
11,46,85,82,77344
104,35,50,80,32078
58,81,50,80,136095
166,84,83,60,3013
160,54,75,45,8038
77,84,57,95,27678
78,43,71,93,35243
107,40,44,49,29573
87,38,92,49,26804
1,81,62,53,393799
30,48,63,43,86652
73,88,79,37,44891
35,45,40,75,66296
106,43,44,75,44825
48,53,84,82,157670
99,43,100,53,29069
178,45,37,95,3632
29,42,75,60,177725
151,70,51,80,5686
69,66,94,76,26935
26,39,95,95,180392
127,100,41,72,34754
126,35,83,54,41074
41,50,67,50,156383
175,89,62,57,3492
95,60,45,54,11835
17,68,38,48,337049
140,75,91,56,7793
49,50,45,54,148811
32,44,89,66,171018
101,65,86,44,48661
128,80,64,97,3903
62,35,54,63,178161
129,88,52,64,44055
169,63,85,58,4537
137,50,84,75,8483
68,57,54,73,109138
2,65,41,35,314359
154,99,73,37,2210
1,81,54,61,383891
18,89,97,77,54470
147,95,96,97,5245
37,46,95,82,193595
144,86,80,90,2352
178,60,63,93,6895
24,55,38,70,327058
153,70,57,75,1330
92,78,84,43,28135
174,75,47,92,9129
80,92,100,67,39517
26,84,93,61,151050
122,68,83,51,11272
115,72,35,72,28969
24,92,79,56,50268
96,59,44,52,32426
55,90,83,60,111929
115,36,94,72,25490
122,87,78,57,40235
90,66,54,40,28178
2,57,67,70,397439
139,96,60,71,8537
175,78,45,58,7747
93,53,90,83,42876
56,45,97,51,147951
167,45,47,62,6275
175,89,50,70,4824
167,54,36,36,2786
127,84,82,58,9912
136,74,74,36,33112
133,53,53,67,40580
60,64,96,47,136913
2,40,62,66,295035
158,95,43,88,5336
16,93,65,95,179887
39,37,84,35,190807
61,98,75,51,192122
1,81,94,83,90028
14,84,80,36,171556
156,63,95,100,3307
38,94,83,39,78609
44,94,42,84,150165
168,44,70,48,7987
110,51,55,88,32924
127,82,79,43,30022
49,54,74,35,78876
85,98,69,99,23559
52,95,39,94,98217
146,91,42,52,1872
138,96,64,39,4031
76,90,70,61,44335
141,75,100,38,2385
47,71,47,76,130282
65,81,46,60,58602
108,69,47,90,45268
170,93,46,63,4071
114,77,100,40,29726
145,83,81,36,5996
36,40,76,85,69922
15,64,61,76,89487
177,73,41,50,1266
136,35,78,69,21859
178,42,71,39,8371
20,39,57,91,111766
64,59,53,36,111323
169,59,82,65,5924
43,43,55,88,144406
140,47,86,62,8524
88,80,82,74,47878
53,61,37,93,189751
118,52,58,95,26358
124,91,78,81,2991
111,71,71,79,40439
115,61,81,81,11950
14,88,76,96,85851
8,71,43,89,323334
168,41,39,86,8292
164,94,70,35,1717
40,99,42,75,107262
122,70,38,76,48702
147,64,64,35,2858
22,79,56,83,171206
175,97,82,78,662
124,75,61,91,31259
81,94,98,38,33468
60,65,83,65,183673
175,54,54,50,3554
56,53,47,54,182334
153,69,75,44,5427
23,65,88,92,183217
59,45,74,89,158974
73,68,96,79,33134
4,85,92,37,346454
9,81,66,82,63399
53,54,37,37,144011
122,57,94,64,19428
44,71,56,86,96849
13,52,84,49,305252
129,66,100,91,3293
60,39,52,82,75439
55,38,51,86,85452
169,67,52,61,8118
24,95,44,38,103918
31,58,93,52,197423
116,99,36,55,29067
115,76,59,87,19608
169,62,71,95,7047
168,58,99,44,6599
91,84,97,99,18249
45,62,93,38,55755
168,94,96,45,3579
134,96,41,98,3691
141,57,70,58,6140
62,81,49,65,150057
3,38,78,95,256510
82,60,84,67,34451
61,68,68,36,199831
176,55,46,70,8034
0,76,50,83,248645
123,47,79,43,30123
161,66,99,86,3110
39,90,57,37,118991
64,85,59,75,173619
133,80,57,72,3948
60,36,37,41,117019
177,94,99,99,452
61,88,87,43,129704
107,70,44,84,41218
68,50,76,60,147537
151,74,97,93,4039
60,86,70,65,74288
122,41,54,67,26362
5,54,76,97,156238
40,41,63,50,180892
49,78,65,37,180497
102,41,61,41,33081
84,60,95,54,18412
78,85,36,64,133290
144,77,83,38,5807
161,43,92,58,6815
80,95,97,76,27266
16,100,82,67,130310
137,89,58,62,1091
107,85,80,63,46498
92,39,83,89,44861
142,73,56,96,5083
158,71,57,38,2061
142,45,59,60,15621
38,90,85,67,119743
107,54,86,68,47644
58,87,51,79,75805
95,60,65,65,11536
173,68,88,93,9797
40,85,39,44,112117
162,100,53,72,7705
77,68,38,95,40574
88,43,86,65,12901
67,67,93,69,42012
78,95,82,72,38608
53,65,83,56,55167
91,100,59,55,29940
25,35,66,80,161344
4,74,51,87,212508
107,63,42,77,46574
142,68,69,67,8444
146,35,85,67,1309
44,61,85,62,163566
4,45,60,94,302701
139,47,42,76,35588
101,99,43,38,25712
54,89,91,91,12470
155,60,56,79,7592
95,52,45,38,91263
82,82,74,93,26303
40,56,98,83,155077
91,49,38,42,132398
126,94,37,41,33374
144,44,60,56,16542
57,94,73,37,81163
180,58,89,36,9598
125,93,91,76,6259
74,35,88,77,43725
142,41,62,40,49849
37,96,37,62,82779
79,78,49,89,43886
81,82,40,98,41446
34,45,57,91,178080
69,71,97,63,21945
155,50,52,82,8568
73,59,82,84,28377
74,75,39,40,148690
44,95,82,58,156672
131,83,78,63,1281
126,95,74,53,45537
141,69,53,37,42177
139,88,99,44,7513
26,55,54,51,307821
161,44,54,98,6053
166,96,46,58,5916
32,80,41,77,79958
94,95,66,93,49246
29,38,68,43,274187
151,89,63,88,9370
120,56,54,71,33679
50,84,100,96,26123
43,57,45,88,162700
179,56,37,99,5778
89,95,87,67,31016
49,81,92,100,68949
84,76,69,40,22877
145,77,54,87,4692
47,61,35,48,123717
159,44,60,99,7687
82,99,60,60,14837
64,46,70,58,176774
88,42,95,61,35850
127,66,94,69,4491
55,64,66,55,184199
167,88,64,54,5297
128,52,91,93,7133
127,47,66,67,36048
2,39,46,67,375592
26,47,70,92,191631
177,85,38,78,2210
42,43,57,45,198302
16,84,87,48,146806
119,89,43,97,19498
162,94,64,73,9160
103,92,99,63,46793
169,62,44,45,1029
48,94,62,54,60207
139,39,64,67,21913
166,100,94,75,4620
114,42,91,62,49565
138,63,88,43,6497
163,53,41,51,3942
47,85,92,41,81293
142,87,75,51,7512
171,98,54,35,9543
120,65,51,75,48259
155,83,89,42,3738
89,72,53,40,12169
123,79,50,88,12207
28,86,63,37,84226
67,78,59,56,164762
7,78,87,61,165334
123,91,73,85,7420
89,91,85,51,32430
141,36,60,56,42361
27,40,53,90,73572
169,54,78,65,7961
80,66,74,86,21972
116,61,36,35,24087
137,100,75,82,3163
116,82,67,85,49761
121,57,86,77,17274
73,44,35,50,190306
75,39,89,96,41364
120,41,67,40,29589
50,46,38,35,71758
52,48,55,65,111368
134,95,49,43,20043
55,49,41,58,114053
85,68,62,35,89674
107,71,64,59,29186
129,62,82,62,10535
145,54,42,90,6692
38,52,93,52,120753
41,87,67,55,194827
141,67,38,77,4201
39,84,97,83,58301
93,98,84,44,37891
84,57,71,44,42152
32,51,58,83,75321
29,99,62,47,96776
137,99,41,94,5550
37,88,79,92,182264
172,68,92,44,1237
125,51,95,45,37024
14,38,87,81,165422
45,63,65,82,109522
3,53,75,56,343730
24,38,87,85,134173
4,84,84,93,82604
148,57,37,84,9501
90,50,40,75,14617
117,63,93,80,18421
156,83,74,77,8686
139,47,95,81,8018
119,74,46,65,22627
65,61,37,82,88804
114,86,41,85,36080
44,80,67,70,114901
115,55,72,68,25408
60,92,46,52,134669
5,82,45,67,343892
151,89,83,43,6237
37,39,75,68,78873
95,97,51,87,20275
35,47,54,85,137269
15,40,44,65,328145
95,75,81,58,29407
92,74,79,35,31786
21,62,82,69,53586
165,78,39,41,4544
169,91,63,97,6027
167,55,87,50,2709
136,37,57,47,13233
153,66,54,80,8269
54,43,85,91,60156
165,46,44,99,3315
179,85,98,91,704
18,64,58,60,377187
106,90,92,66,32785
81,83,80,89,14363
162,56,44,84,8586
143,70,95,51,7155
2,53,56,35,275316
171,44,42,51,2733
134,97,71,98,3822
143,48,70,45,30863
128,43,59,49,20809
23,80,52,97,145383
83,65,72,77,41751
132,61,97,99,9874
40,65,69,91,181835
101,41,43,55,22957
100,56,81,96,16654
30,38,44,64,339997
134,49,53,73,32362
2,86,47,78,393866
144,86,83,53,2915
33,64,63,82,148695
67,86,92,95,37047
95,51,49,45,35938
95,82,47,60,39703
25,48,75,40,279503
33,74,46,35,145516
81,83,50,43,76987
38,72,40,93,129362
146,61,59,100,2363
150,97,92,84,1391
119,85,76,97,4486
104,93,85,91,29332
51,99,46,57,98247
51,97,37,58,170537
78,76,55,59,36123
47,91,63,63,144445
8,66,47,87,210549
123,63,85,83,23224
11,69,38,79,315657
126,52,80,92,7414
57,57,57,60,91768
56,59,88,78,196139
140,88,61,42,9675
170,89,98,39,6356
154,53,99,100,3283
153,67,72,41,2028
136,47,74,82,6183
28,52,64,53,196607
8,35,73,89,316471
51,98,58,61,176697
114,100,100,96,9743
9,98,89,38,60713
126,57,83,38,39632
166,37,91,93,3671
117,52,55,90,18883
125,42,59,66,20103
69,74,63,69,178459
160,80,65,74,2220
41,78,51,54,107459
123,87,78,51,28419
26,57,92,90,188852
93,79,63,48,39063
45,61,41,60,66413
5,88,69,69,68436
101,40,57,93,29645
100,66,35,83,31739
27,71,63,53,80710
107,53,85,49,28280
52,93,41,68,75306
96,46,92,86,27616
55,37,47,97,147944
85,86,39,93,28200
79,48,86,59,25578
71,90,71,40,100579
22,91,87,93,125893
80,95,89,54,22546
64,71,69,50,67404
3,37,51,78,343550
97,76,51,58,15377
119,48,44,49,34889
173,87,90,47,2698
163,68,58,87,7682
73,46,49,37,64600
166,64,91,57,9591
119,70,64,80,31860
79,54,90,71,46048
156,77,70,51,2183
143,85,93,57,6775
31,100,96,64,148723
5,79,67,39,229211
134,93,53,96,1049
180,72,51,61,3310
37,63,85,49,187824
10,67,54,63,336207
93,51,91,71,28252
17,83,45,91,85346
69,87,44,35,138622
154,59,44,70,7061
135,96,63,87,4041
105,38,83,76,18821
74,99,68,48,21188
75,35,42,52,145620
126,56,40,61,19428
36,69,70,95,178758
123,35,82,73,35551
2,60,89,37,399451
170,64,52,39,1730
141,75,87,65,4386
36,84,100,48,57566
24,42,92,90,140612
141,76,47,53,18225
100,80,89,98,30439
96,39,77,51,25448
173,67,49,76,8054
55,77,68,100,90400
117,54,48,75,29642
49,73,64,71,182221
172,91,38,40,8054
108,79,94,62,24668
31,82,53,65,143115
43,57,61,35,133847
68,58,67,46,95631
59,43,76,87,87065
59,48,85,99,132453
21,98,58,64,111479
80,57,44,67,178583
4,61,96,59,287489
19,77,92,75,162871
63,80,94,49,92169
151,69,57,42,4963
143,95,92,63,4838
62,60,43,53,153023
24,58,73,81,58929
156,54,39,70,5573
122,96,84,54,31972
147,40,79,60,9342
132,59,38,44,36041
7,86,62,43,227635
161,93,51,67,7972
112,71,47,63,17463
102,89,48,42,34735
138,84,71,79,7941
76,72,61,85,39070
61,64,66,84,132950
38,95,50,71,58781
150,93,62,85,2745
114,45,69,45,47942
81,60,81,60,10312
119,82,60,75,32516
146,35,68,75,9023
64,38,48,97,63332
63,60,58,44,108978
31,65,49,84,73042
103,69,88,60,39266
97,69,62,50,38591
80,56,46,92,33334
163,40,82,42,9261
54,95,44,82,92861
106,58,62,68,25672
66,60,97,56,56762
163,71,37,98,1363
103,57,92,46,26213
51,45,43,39,141461
70,52,99,88,40088
70,94,43,78,20901
53,87,96,84,44922
25,88,75,42,73575
12,94,48,80,136556
18,94,96,82,123948
31,80,90,67,168806
122,95,38,99,27025
92,92,62,67,13667
118,65,82,80,29838
44,66,85,81,104449
34,49,71,90,117130
152,54,82,54,3958
61,48,55,84,125984
68,49,97,77,41101
60,88,93,73,48904
116,69,43,94,31565
105,50,50,66,18549
37,73,96,97,140165
142,52,38,71,33952
119,82,53,73,37370
52,52,73,94,55580
162,68,49,53,2098
84,97,60,83,19973
3,100,51,35,241548
80,43,44,83,99199
175,49,79,36,7457
165,37,93,97,1236
85,83,98,54,30308
172,51,100,56,3481
24,36,77,51,319955
164,86,60,59,9511
158,64,44,72,4707
84,62,58,63,18151
16,98,65,91,168163
173,36,84,94,1469
40,51,44,76,109854
143,72,48,70,1396
154,42,87,39,6764
81,82,58,76,18639
121,45,43,95,25158
107,59,90,61,16119
150,74,92,70,9905
159,57,74,82,9087
166,74,63,79,4948
90,68,49,36,40713
97,35,88,36,38393
163,62,54,71,8211
139,66,72,65,3460
90,97,54,65,23342
84,41,46,95,46394
48,74,66,97,151390
89,46,60,64,29292
157,96,77,56,5368
150,59,71,91,4540
98,56,38,92,12219
73,51,52,87,61538
85,95,91,78,49832
36,52,92,46,66415
153,60,81,76,6720
50,75,99,95,167194
34,56,74,88,184097
164,78,63,46,2428
39,64,98,75,171563
3,62,82,91,85704
15,46,89,70,84702
146,52,62,90,7294
111,45,77,79,14134
78,58,79,70,39547
3,99,90,45,154088
49,86,40,80,139813
14,95,67,46,152686
33,66,57,74,73930
30,46,76,54,141405
74,94,36,65,83826
26,39,85,50,110327
89,78,75,50,45444
41,54,96,62,122123
40,35,50,38,137349
28,100,58,75,74638
55,48,87,78,199162
128,45,54,55,33368
147,51,97,39,7317
105,86,70,83,27829
88,61,84,77,33906
69,43,99,64,63454
159,38,94,89,2825
119,95,72,85,1185
91,59,45,42,177777
26,56,96,73,57029
21,65,68,93,178775
180,88,52,42,9031
134,44,70,96,8218
30,44,69,63,107264
30,51,71,62,84469
119,44,62,41,19729
56,44,48,66,82948
2,82,42,43,331274
15,65,39,73,225615
46,93,54,55,155652
78,88,83,50,46111
22,71,58,95,100923
106,63,44,90,12667
72,56,44,54,129450
101,44,75,74,14341
4,77,58,65,332213
115,97,35,67,11100
169,65,86,84,2472
112,72,73,76,22667
98,73,76,76,36264
15,91,68,43,131570
26,73,79,94,138050
91,77,95,50,14187
129,53,98,54,19211
58,85,69,44,142783
35,87,88,50,175721
30,95,76,35,73247
56,42,96,43,112214
167,95,57,75,6075
10,35,83,78,262788
141,41,94,58,6358
154,96,41,88,8639
103,54,92,82,30377
161,66,74,39,1521
72,80,66,95,11620
169,60,57,43,7198
135,90,89,77,9247
163,52,65,42,7755
146,56,100,45,5290
32,87,79,73,188509
51,64,64,61,190582
169,62,97,89,2697
111,79,72,57,29486
136,69,59,73,5356
155,41,76,76,3872
82,98,97,52,44932
89,79,54,36,23051
105,68,69,91,17630
27,46,44,41,312976
19,81,62,52,179336
108,85,71,42,30221
103,78,99,84,39842
48,80,64,71,51477
108,81,64,68,19453
89,95,69,100,24348
59,43,55,75,167203
176,46,55,95,6926
21,91,71,75,186404
114,41,67,37,25910
95,70,74,57,46289
45,40,90,55,167344
79,60,59,98,30435
180,84,63,53,6214
57,48,49,97,80067
63,45,81,43,164586
128,44,47,63,44414
4,87,73,86,118314
102,80,73,76,39359
30,59,38,62,62289
25,77,72,55,97888
29,77,72,93,70523
75,65,71,81,25871
162,60,90,77,1402
149,91,99,68,5657
159,87,85,54,4628
177,42,55,52,1361
14,44,97,54,359864
61,86,64,37,155600
9,83,99,67,170996
178,88,97,80,529
120,84,41,95,49402
11,72,73,55,228054
171,78,55,95,5815
118,58,65,39,13536
164,66,100,68,6867
28,39,64,79,129405
123,37,87,58,49777
135,40,52,40,38779
166,35,49,48,2528
76,80,75,40,29523
39,53,36,78,173188
5,77,53,52,371293
144,87,98,37,1766
152,64,70,75,3808
177,50,64,94,7504
5,73,39,37,366941
79,45,37,49,168187
53,35,47,97,144118
101,64,75,45,44379
117,56,72,46,12865
16,66,79,71,199272
82,83,77,53,22384
14,87,54,39,358527
175,74,58,46,5735
3,77,86,55,357380
140,36,40,57,39001
88,70,44,61,16705
20,80,35,89,146308
148,66,48,73,2321
24,63,66,45,51791
24,86,75,85,92630
160,76,91,45,2499
104,57,85,39,31297
171,49,36,58,4765
9,69,75,81,114637
84,64,72,60,38179
35,98,77,74,59109
78,50,37,61,147382
96,74,38,77,10613
51,86,100,96,46434
62,85,98,90,31514
162,45,67,100,2015
128,67,61,99,1873
172,78,74,79,6761
168,86,51,84,9068
179,82,47,89,5918
93,78,75,36,20955
85,47,82,74,15563
36,55,52,89,141343
108,97,94,80,28645
171,46,98,62,3843
86,72,89,48,19977
158,97,80,38,9042
88,54,58,72,16472
151,82,79,55,9008
180,99,42,68,6257
108,35,69,89,23956
86,53,77,73,47274
149,83,92,93,6326
39,49,66,92,145731
55,86,62,58,107725
164,96,39,78,7102
49,35,98,35,164830
0,86,75,97,149245
20,99,86,65,163862
35,58,72,36,76049
90,91,97,75,42094
104,41,91,79,28557
92,42,37,66,28130
67,44,52,87,66971
138,66,40,72,22873
108,56,40,70,25998
10,68,37,84,253605
35,89,64,96,110596
106,84,66,43,46261
146,70,45,97,4668
123,77,67,83,13348
153,53,100,75,1063
108,67,66,59,17554
105,85,41,95,40550
91,42,59,97,38899
159,87,59,60,8175
129,53,42,93,18324
76,65,47,35,160965
147,66,37,86,3232
125,85,36,49,11062
33,77,100,79,198832
126,61,96,98,5850
155,75,86,48,9252
49,47,53,70,143509
11,47,58,80,384078
173,69,52,56,3840
23,40,70,44,260683
68,54,71,52,148059
96,98,64,51,15666
79,74,53,94,11917
129,76,94,45,5634
13,93,42,100,57172
157,59,59,96,6856
0,81,61,72,227026
39,46,100,67,158027
140,77,55,68,5893
19,70,41,43,395582
44,52,81,35,158515
77,87,71,54,44758
119,75,72,78,26618
142,69,61,55,7439
43,78,39,83,97623
65,71,48,68,199876
107,94,95,80,20724
148,52,95,68,9017
98,63,75,92,23009
157,67,97,68,2142
118,83,46,56,10311
152,100,35,68,9976
128,55,40,73,41674
147,98,58,75,2625
66,72,72,62,146061
103,86,58,84,48638
165,52,83,51,2398
85,87,40,100,14740
129,96,39,65,21344
73,52,91,96,47630
131,96,80,55,5780
107,56,99,40,49506
127,61,44,89,21725
161,75,66,85,2133
79,73,39,92,48800
150,80,41,96,7150
14,64,54,88,62102
94,83,84,37,30341
106,98,80,56,29891
36,94,82,64,125360
42,44,36,80,104644
168,38,42,44,8269
4,93,92,57,59104
27,52,86,92,77304
78,35,51,38,171133
69,40,57,35,74060
149,99,91,70,4096
15,60,39,56,383053
79,51,35,52,135578
10,46,68,42,307497
41,48,85,43,68514
97,72,63,63,19967
87,40,36,87,45174
30,71,90,74,80392
110,79,59,76,31649
157,52,41,64,6508
160,40,82,38,8820
105,60,83,54,46063
113,99,87,99,4714
102,55,77,59,23811
84,69,57,47,15182
98,49,60,95,34865
143,77,45,58,4542
152,53,68,100,8754
65,88,58,85,30119
177,88,51,69,9366
41,56,65,85,125428
87,47,65,48,42884
38,72,52,73,108962
66,75,80,83,40754
140,60,69,75,3611
52,42,81,98,142669
28,69,82,99,117010
102,48,80,61,14013
156,35,37,60,24740
117,58,79,63,41761
130,85,52,71,23175
107,53,57,89,14887
153,88,67,91,9048
136,98,93,50,4629
137,92,98,94,4926
10,97,60,75,91956
151,41,98,80,1461
50,40,64,50,160826
118,91,99,95,6054
6,69,64,78,352169
133,90,42,54,19672
29,96,60,100,146828
44,80,58,50,129185
143,100,35,59,6133
134,55,83,38,25883
21,68,60,62,140198
80,57,42,72,179053
6,36,56,39,357634
55,54,91,55,178016
78,61,73,47,73152
97,84,44,90,36795
27,71,70,90,51627
56,70,35,77,192216
106,66,92,86,18389
88,62,99,74,35491
87,44,96,71,42482
59,86,69,96,41115
28,64,56,87,183909
48,83,41,80,105306
15,88,91,70,83842
149,71,37,69,1624
37,89,75,72,194245
161,45,48,55,8786
101,94,68,99,21478
3,90,44,69,204311
137,97,59,66,7199
153,61,45,87,7842
157,43,45,51,3826
56,84,87,100,47034
38,76,68,59,85720
122,46,44,68,10587
25,69,90,90,120703
22,99,42,47,86587
176,44,37,62,2364
10,46,41,76,219295
137,95,98,62,3457
92,86,38,56,36889
131,41,97,64,29887
16,43,74,93,98964
121,75,82,95,1006
102,40,63,85,26336
27,91,97,72,195968
11,79,79,39,327040
162,69,65,70,9615
98,74,95,46,29163
12,64,74,51,294280
102,56,90,96,27038
92,88,50,58,37506
121,59,80,89,36496
177,84,67,62,4591
43,62,41,40,52524
44,48,79,93,157431
82,80,93,71,31585
64,62,75,49,52390
166,100,62,65,5747
12,37,97,63,215423
93,100,84,51,20295
113,41,70,74,11193
163,73,35,97,3890
101,90,65,35,47416
138,40,85,98,8404
77,54,38,73,161509
92,76,69,59,44418
130,85,46,48,39983
49,63,65,58,187854
29,53,70,40,105425
123,53,80,74,34721
104,70,80,90,17797
113,54,35,57,28691
123,40,97,35,16257
79,88,77,39,36485
163,69,79,57,8055
164,76,69,74,1196
10,85,84,99,172891
134,77,80,56,1166
104,96,61,83,23168
14,67,80,47,208884
166,84,94,43,2129
121,38,55,46,43868
125,84,47,86,38122
91,55,89,44,20331
156,45,64,74,9368
130,35,66,73,26030
145,41,39,63,42707
45,90,37,47,92050
71,84,38,76,83355
23,53,74,68,115240
123,41,72,53,15932
147,36,71,65,9430
41,40,43,87,106202
117,50,47,72,25377
143,75,84,100,1040
113,61,93,99,10930
22,56,61,84,92849
176,37,59,91,4778
138,37,52,87,36888
126,74,90,48,42073
107,39,39,46,12644
153,35,44,72,1151
115,81,36,36,13224
112,96,35,97,43978
111,88,89,76,47850
52,99,43,85,128197
15,87,96,71,187660
172,51,36,71,5009
28,99,74,45,188463
19,100,65,39,139137
136,75,44,87,5963
176,60,70,57,3397
166,93,57,57,6034
99,59,94,67,42928
46,67,72,58,149678
101,83,64,92,14448
120,50,50,67,31798
45,72,57,60,113280
80,58,76,61,23939
135,75,47,56,14672
156,64,80,40,8766
51,39,75,54,51583
122,57,94,84,3931
12,72,73,53,342003
168,61,57,53,7479
162,39,39,40,5136
40,88,78,82,101418
162,40,80,70,7720
59,69,91,63,139893
139,92,40,70,3099
87,61,59,74,29363
28,37,47,45,284399
59,36,47,69,136834
107,90,74,93,46788
115,75,54,74,11596
33,53,79,63,168506
26,36,74,99,186269
7,61,64,59,362352
55,99,65,94,15332
161,51,63,40,4415
125,40,37,65,19803
179,42,60,49,7327
85,96,47,80,43973
8,37,57,46,284520
171,92,45,53,7586
72,71,44,67,72220
147,78,47,97,5749
53,76,72,70,192031
4,49,58,98,321326
47,77,73,59,156837
113,39,94,41,40865
127,40,46,67,27889
20,92,76,80,198738
52,96,47,85,87348
146,93,96,71,9908
142,46,84,81,3413
143,68,80,98,5573
176,55,87,96,5048
81,37,87,46,183669
77,52,69,51,98088
53,49,45,43,180399
5,35,39,100,356629
95,75,84,41,36900
180,54,99,66,9679
95,40,75,67,17113
152,58,46,71,1945
8,38,88,40,383745
164,79,48,77,1449
110,41,89,71,24539
15,51,35,36,216734
83,67,47,99,46146
160,37,94,78,9295
132,81,77,81,6348
5,94,70,71,98587
5,64,44,62,267845
72,58,86,79,21637
26,47,53,67,99869
12,41,67,66,255852
55,80,53,68,124942
69,88,89,84,16444
29,95,93,36,152397
67,53,39,91,168323
112,93,94,54,24297
102,67,46,55,16649
55,57,54,83,65022
69,79,69,61,106783
46,66,63,87,141228
42,38,98,57,84077
42,82,41,65,71621
18,86,40,94,122028
117,46,72,47,39179
27,39,80,80,105705
61,46,86,71,83830
146,58,85,79,3823
172,36,64,79,1665
16,72,91,67,55981
71,98,57,46,68415
7,72,67,82,135344
44,57,77,59,120158
9,54,50,91,336237
110,35,59,90,25805
7,75,49,78,379454
128,99,68,38,12896
129,73,88,44,44089
44,60,61,73,75372
109,56,94,86,31076
148,42,100,52,8822
2,93,89,66,74586
180,63,38,43,7456
165,41,99,69,1430
33,97,43,53,75773
55,44,77,64,152951
30,81,71,91,60318
98,37,63,79,37222
72,36,49,52,154182
156,74,37,92,6446
93,72,63,65,11661
104,77,61,61,11653
68,37,63,47,81584
59,81,67,40,72975
77,85,56,58,23439
168,66,79,66,7683
96,48,47,84,21431
128,81,64,68,34109
0,68,93,41,270080
169,53,47,57,2109
163,83,91,98,8976
5,79,91,67,136033
6,63,50,63,388828
15,38,99,35,343865
130,98,100,91,2380
109,52,73,41,39622
111,51,70,35,39986
75,51,62,66,87613
34,53,38,55,106829
112,78,96,35,35817
144,71,70,63,4685
130,49,55,57,22334
33,75,81,65,199382
44,91,56,55,116918
48,81,61,44,85413
171,85,52,72,9428
73,79,43,47,189448
81,91,71,81,47386
155,40,67,48,2820
102,49,90,65,21409
29,69,51,50,112688
67,67,70,45,172487
3,97,39,98,93860
131,69,60,60,42274
36,45,100,65,166938
43,50,92,36,168330
119,82,70,42,25395
106,59,74,38,45814
108,77,61,72,46304
108,72,98,51,12382
111,58,41,98,41806
149,87,46,56,9166
166,81,98,78,2039
58,68,80,89,133708
113,58,61,50,41873
158,97,81,53,4639
10,42,40,65,259122
98,84,63,55,33720
68,90,62,68,20295
171,66,63,37,9188
10,82,87,90,132868
153,43,99,90,2950
81,50,93,82,41214
34,93,75,71,60269
81,50,81,62,45732
40,79,98,47,177197
170,92,54,97,2536
22,67,91,88,98577
94,65,88,50,17332
100,41,35,52,40121
38,60,99,91,141621
16,41,46,72,217622
175,89,88,49,6149
54,55,94,42,156231
119,70,60,68,17318
124,75,89,79,1416
179,53,42,40,9903
87,94,53,86,19128
90,72,50,73,21140
115,96,75,93,2780
91,53,96,87,28369
7,80,46,99,120166
38,94,61,91,99707
69,62,57,68,127359
64,44,60,44,82017
72,79,60,43,134003
142,58,74,36,17555
94,54,73,79,32681
67,65,41,38,128372
117,36,83,51,31520
167,85,62,80,7782
105,83,51,61,46541
10,78,70,50,245371
96,86,56,72,11600
178,57,49,65,3971
66,76,59,67,145840
150,87,50,71,6508
138,46,55,52,29092
153,59,69,97,6233
116,54,97,100,37390
139,66,82,93,6395
104,71,74,95,10203
89,68,40,80,24028
118,56,57,98,15291
10,95,90,85,136078
29,44,57,35,279407
131,62,78,36,11640
57,40,76,51,91380
171,57,74,78,4230
75,47,54,81,153177
51,97,63,88,155009
64,78,42,43,127846
161,50,96,99,9141
179,57,72,74,9967
31,74,100,82,77916
122,61,80,37,23140
60,99,51,60,116844
71,72,85,77,19415
7,59,89,79,56978
56,83,88,81,180751
101,58,96,67,16754
39,63,42,50,133834
160,98,45,63,6424
108,100,39,87,44347
134,61,88,57,2325
102,81,93,79,21325
53,47,46,36,154489
10,56,83,71,246883
176,92,37,100,1986
160,52,82,71,7691
26,56,65,74,158981
63,87,88,88,49136
133,98,88,99,7573
169,90,74,49,3333
22,46,64,50,356829
67,67,91,62,11742
25,48,91,49,183135
36,45,45,67,86097
32,97,37,67,66153
33,86,100,61,112278
115,83,81,55,11940
60,48,54,39,103406
139,90,90,46,1193
25,64,54,100,94366
50,48,89,70,160448
52,88,97,92,48042
1,57,69,96,326063
71,93,98,75,37552
136,83,36,37,24537
18,52,69,88,51018
136,86,84,46,4600
84,83,82,61,46749
117,47,37,98,38887
100,57,73,92,22817
112,88,65,98,47924
110,76,63,37,20385
84,63,86,76,17475
163,42,36,85,1910
103,51,47,88,17394
152,67,56,78,1643
107,60,35,44,24947
1,63,59,94,354273
34,73,76,59,63965
82,35,73,64,170452
158,41,63,85,9908
116,85,48,57,17722
55,55,64,74,76133
129,57,96,64,7113
36,50,54,80,176180
122,59,93,66,31721
137,51,36,100,45868
122,38,64,95,29385
161,58,59,59,1950
88,58,73,36,17343
151,84,36,73,5454
150,46,49,94,7463
129,98,70,47,6892
39,98,73,69,171004
161,53,76,51,3082
162,40,86,77,5502
115,77,87,100,9098
154,61,98,73,5304
72,57,45,38,143987
24,39,57,48,334835
86,82,91,67,13877
5,55,61,40,241767
152,96,80,82,3469
60,51,82,67,84690
88,54,65,55,28788
33,91,71,35,189574
158,57,82,54,4974
98,36,74,58,49270
109,43,77,85,23012
49,56,44,38,63341
149,75,50,90,7628
68,48,86,48,195962
67,71,48,75,59032
151,53,46,81,7283
130,64,92,80,7549
8,73,91,41,396097
53,71,62,93,126205
162,92,47,40,3860
132,72,78,59,8566
76,73,82,86,44875
22,86,56,59,79934
63,99,38,86,173508
159,87,60,69,5069
13,68,94,59,187982
154,55,82,69,6602
153,49,39,67,7776
179,78,54,90,3678
7,98,63,82,168241
67,97,72,81,11503
98,80,70,44,15558
22,57,78,39,298819
157,86,47,52,5511
160,92,96,48,2639
111,48,44,93,21763
38,80,52,53,150327
106,71,37,89,27030
70,86,88,72,47438
63,40,86,78,132852
63,82,61,99,28304
175,71,83,89,6158
163,100,100,36,7976
103,52,75,73,42409
103,37,83,62,28575
122,56,83,62,13307
143,98,94,100,8193
169,37,55,66,4064
23,99,57,42,177532
109,45,91,46,13143
137,97,69,72,4348
50,52,52,60,74083
24,79,92,52,140159
13,41,72,98,137324
86,89,79,53,16609
105,70,90,55,30192
62,36,49,96,149595
2,38,43,80,221193
30,71,45,95,160874
173,77,79,52,5913
5,47,46,41,346061
98,81,41,73,36295
146,61,95,100,7583
141,67,46,100,6783
172,89,87,100,971
18,85,100,79,83151
101,74,40,85,21944
174,51,57,74,8677
164,92,55,61,6002
38,97,62,81,147516
46,38,95,52,96769
92,70,35,69,44807
115,40,94,39,22959
166,74,76,42,5954
28,94,57,38,60483
33,72,95,61,108450
158,37,61,77,8981
36,40,93,37,105795
138,61,36,98,4303
171,89,74,57,2976
9,69,40,88,229405
123,90,94,48,4757
15,61,71,95,103109
147,59,84,92,9781
164,39,88,71,2353
9,43,67,58,274821
56,60,73,78,93439
47,74,80,37,131867
141,38,46,57,49554
2,76,53,62,327092
136,90,51,41,33670
53,62,100,62,80554
98,83,82,81,43184
169,61,42,96,3981
114,38,88,82,28884
143,95,52,79,9977
135,63,55,88,6678
67,82,57,51,169292
60,86,76,85,36349
128,55,91,70,24081
22,94,93,100,150794
106,70,94,38,23278
118,38,38,67,45469
136,98,96,41,9155
4,47,36,46,257434
6,68,55,94,287889
137,72,92,90,2236
114,98,54,84,30277
173,74,58,92,6918
117,84,44,48,28144
146,39,54,49,48437
128,39,88,95,7268
125,61,59,79,28561
149,88,51,95,2015
65,60,90,67,118135
170,78,96,70,1951
166,47,73,46,1532
86,52,47,53,112648
161,96,90,35,3488
109,62,38,74,16182
34,44,85,98,114206
58,60,37,51,118416
0,91,45,89,207253
40,93,64,59,152655
63,59,100,68,109065
85,88,35,52,25049
158,82,68,68,9567
59,71,74,51,164613
140,80,51,45,23863
173,99,66,86,4435
114,93,49,37,10249
136,42,42,50,36902
55,56,52,73,52692
90,39,53,95,32317
145,95,94,36,7141
70,83,52,50,149885
102,59,42,98,42021
115,69,85,77,48326
18,76,95,57,94751
3,99,38,93,259609
90,64,67,67,44782
47,61,66,61,64104
65,46,80,82,66596
111,71,38,95,24662
101,81,81,51,11823
137,84,93,52,9897
162,40,37,69,9805
65,85,68,73,24174
48,81,70,56,77468
171,95,43,82,8441
89,63,82,46,26146
23,78,83,38,118204
127,98,54,86,7435
47,91,91,75,169516
52,96,63,73,99745
9,95,90,43,150298
11,36,51,69,279789
86,69,68,45,26237
130,44,46,85,22008
96,93,36,36,46996
149,67,62,92,6773
103,84,75,49,37971
42,89,83,52,151200
94,59,46,89,45796
83,98,94,77,20660
159,86,87,90,1839
129,82,50,70,47001
91,52,36,74,48528
15,76,71,71,194070
133,56,80,74,2333
45,70,75,57,90106
60,51,99,37,180125
29,55,50,96,146827
114,43,100,60,24697
66,49,46,53,58717
142,45,97,77,3730
128,38,59,87,10418
152,37,85,84,8692
34,89,52,85,149357
87,99,46,42,24413
17,99,44,71,109053
103,78,70,52,28335
108,54,68,75,34054
97,69,91,61,40441
17,55,52,61,226523
96,49,79,81,40562
44,91,63,50,116709
71,89,46,50,144280
26,45,49,87,114120
90,67,56,99,35145
26,46,94,67,79297
136,60,79,89,1392
134,91,91,71,7472
77,64,85,81,19071
83,88,57,92,48199
30,96,94,71,82359
171,69,61,55,4409
22,75,84,56,75729
41,64,78,44,96526
151,40,79,52,6775
102,74,50,47,11987
49,63,92,41,196656
4,74,38,41,352527
36,93,84,63,102086
88,64,54,95,44359
78,94,75,74,13856
14,87,85,100,151157
124,64,89,43,13067
15,58,54,96,98461
51,77,44,100,116865
40,94,67,86,182773
121,98,44,84,22602
139,92,43,83,2468
80,85,79,52,34294
177,48,44,40,1770
112,36,35,86,47988
140,66,59,72,6988
145,44,87,68,8709
159,45,64,35,7149
77,90,92,53,43724
61,69,77,39,128975
45,69,70,38,88145
100,69,80,38,49674
127,94,82,38,13634
16,38,91,41,379119
91,67,90,59,47874
83,69,73,57,47258
78,56,81,46,89154
162,68,35,66,8575
75,56,69,63,110304
155,81,75,51,8208
133,78,58,88,4062
104,65,43,87,34577
147,38,78,96,6388
112,54,86,40,18188
63,70,70,37,83114
122,74,72,79,14285
104,100,58,40,46221
80,36,60,78,55092
0,36,45,64,326497
60,68,36,98,152786
126,100,64,69,4301
149,96,88,94,4184
37,64,36,54,180987
67,43,48,45,125741
56,40,51,47,93578
46,38,60,66,87815
138,92,86,63,2258
48,55,51,37,129401
175,65,35,35,5943
35,93,95,38,80504
120,55,74,74,18090
169,70,45,69,6620
84,71,46,84,46760
62,44,92,37,62996
54,46,79,75,164345
32,40,36,60,240671
56,80,82,75,156602
15,86,46,49,208404
100,55,59,64,47672
128,97,69,82,8206
147,72,57,46,4333
97,41,85,48,48627
15,57,52,41,359000
32,85,57,84,53732
62,55,61,60,67682
57,41,49,100,177425
174,80,78,43,2094
10,90,38,71,352436
33,81,64,80,149909
32,84,49,54,154444
126,74,66,46,20510
71,38,61,92,151370
38,49,53,48,69782
133,68,59,75,4889
110,76,100,56,40363
95,35,78,57,36223
98,49,38,78,37592
32,94,80,61,52075
173,68,63,89,1635
149,49,61,94,2354
71,55,71,58,132541
125,82,57,47,25590
58,39,49,58,50842
7,76,41,58,363098
126,37,82,56,49088
28,51,41,77,125042
167,40,36,73,7688
105,57,67,64,31256
93,96,59,81,15426
27,70,95,67,152903
5,48,83,84,370058
144,89,94,80,6054
175,96,50,99,1815
53,96,40,67,199702
71,76,64,41,192247
60,48,95,98,29883
57,68,91,63,152123
88,96,35,86,17992
65,95,86,83,31014
68,55,92,43,123926
81,92,82,95,20732
36,39,67,99,179904
6,76,94,38,322627
76,52,84,47,66870
41,45,55,60,138507
81,69,62,63,47102
51,96,90,36,100257
62,94,100,48,24379
120,94,55,68,41201
109,88,73,38,49067
38,99,79,95,78987
143,85,79,65,1646
50,39,100,75,84371
9,99,37,77,252140
153,76,64,58,7472
83,78,47,71,18452
163,89,86,68,4309
3,75,75,65,236958
59,85,74,59,126604
145,72,98,88,4406
176,79,96,86,130
116,53,88,62,49089
165,44,69,80,1609
114,66,61,60,32415
153,90,71,50,8425
157,89,97,98,8232
154,43,73,69,7816
140,87,35,84,5014
102,86,68,41,47335
78,58,73,96,38489
168,63,51,43,9054
14,38,55,82,331975
45,41,43,82,117635
156,37,65,97,4223
175,69,59,90,5750
130,44,84,47,13819
128,81,89,67,1967
15,82,69,85,93853
104,78,82,35,11898
93,69,44,46,24882
166,79,62,58,9661
10,62,54,97,65731
57,74,41,71,61240
156,70,69,56,4345
85,68,43,85,25569
179,60,53,83,5121
44,41,44,41,139557
52,63,45,97,96031
55,91,40,71,86108
46,98,78,82,86327
90,52,79,66,24257
58,37,48,50,114728
94,55,74,95,32578
84,44,75,46,189647
166,98,35,48,6036
148,79,96,79,6502
112,36,47,63,39851
7,69,58,41,279387
89,97,40,45,31541
31,60,66,69,169682
160,41,82,57,1336
96,43,82,69,46669
151,37,40,70,38803
9,83,77,47,262829
118,77,82,64,10810
158,85,72,53,3710
177,80,75,51,8436
151,64,78,49,4831
51,80,93,80,81892
28,64,41,76,62252
73,84,51,52,177213
132,95,73,75,6603
38,78,98,73,100060
131,62,37,61,42250
74,40,82,90,23852
74,65,99,43,27470
76,61,52,50,191187
165,54,75,92,7187
64,43,67,99,94649
8,96,36,63,270959
72,85,66,58,46281
147,77,39,53,8760
97,61,75,68,34233
104,55,81,62,16846
54,46,36,93,187464
125,58,46,40,24087
56,83,49,41,129068
57,87,59,95,140335
139,59,53,76,3294
79,46,94,70,49063
32,70,38,84,172935
117,42,95,42,14742
103,59,82,69,41310
145,45,63,50,12565
14,63,98,100,158398
96,47,91,85,28556
84,35,69,70,13597
61,46,48,96,107973
21,63,93,49,55720
76,46,95,81,35156
163,89,53,68,9894
125,84,51,73,31909
57,59,53,88,125086
21,72,41,100,115824
81,41,93,45,33936
120,35,61,99,34395
63,83,69,91,13663
47,76,40,69,167008
174,64,43,57,4116
64,46,80,67,82383
21,44,48,45,352882
27,61,45,56,85805
18,98,73,41,163912
133,43,52,65,46549
61,95,80,43,87342
21,87,55,69,159310
156,87,96,92,4132
162,74,93,35,4243
57,88,43,59,128757
152,41,80,69,5028
0,54,92,99,199104
132,45,69,63,44677
150,58,99,78,4603
65,67,81,79,18876
11,90,56,72,76338
107,77,40,45,33056
106,47,82,72,41571
37,83,99,84,181596
90,37,62,80,43069
136,96,79,67,7659
140,86,72,99,3520
128,66,83,53,26893
179,73,96,75,943
147,56,65,90,2857
65,72,73,62,107065
112,55,63,76,49563
1,74,97,67,52924
173,44,45,50,1263
46,80,38,78,102752
81,39,87,39,151410
22,56,93,100,124403
66,62,57,47,141629
68,64,90,94,22108
41,82,56,84,147982
175,100,89,70,896
97,81,84,43,17755
84,96,39,41,13317
2,49,37,48,331075
162,42,69,70,4149
171,98,54,91,7198
13,35,91,48,233842
91,92,43,82,41130
103,62,90,68,49926
23,83,74,42,134034
157,86,73,47,5737
14,93,52,64,55543
148,98,42,40,4673
57,86,64,91,53243
106,45,77,69,38036
114,60,67,57,47855
136,50,78,62,49318
139,76,43,92,2388
75,53,70,100,49783
56,91,59,47,109148
154,74,86,51,9370
1,46,62,59,299547
158,61,93,35,7178
96,35,43,67,22843
52,81,80,52,154335
123,86,87,94,7254
8,62,100,56,183666
105,75,65,97,31818
137,70,81,92,6728
21,64,57,81,59962
143,44,70,62,1169
94,51,82,86,31599
166,85,85,39,8673
118,98,70,73,43137
10,88,38,82,256352
128,68,63,58,14702
126,95,77,79,6922
32,46,66,58,88081
11,59,58,78,241144
44,52,85,54,181868
85,97,68,39,17539
121,56,59,96,18576
78,74,65,39,138805
175,85,63,85,6942
169,54,94,73,7076
150,43,87,85,3800
82,66,86,46,21073
99,55,74,45,33100
27,39,97,49,119456
40,70,43,78,107082
95,78,78,40,15007
3,98,39,71,208294
153,64,36,52,4949
110,54,49,86,33413
155,98,37,91,5150
139,98,91,70,7535
8,69,69,45,298679
133,59,35,43,12679
76,63,80,66,45033
103,40,63,65,27295
119,38,42,99,30893
151,77,45,95,1109
37,82,60,58,70693
81,46,51,87,42525
152,47,71,44,3421
72,41,48,39,122731
114,86,73,55,15829
109,59,53,45,49967
9,78,93,36,317003
85,99,51,87,24575
146,35,86,51,1993
61,67,86,40,188047
92,93,56,36,23363
172,87,70,85,8697
11,91,80,75,53960
116,54,54,44,23373
63,58,75,67,115466
87,44,39,71,118894
150,45,56,71,9730
0,97,39,45,302735
167,62,63,50,2920
62,38,85,95,140193
99,60,36,79,49227
147,53,71,49,8290
105,99,47,90,24445
2,79,62,67,329398
97,59,96,99,14842
70,72,62,64,111056
99,52,36,93,45761
17,41,95,51,371602
102,89,47,74,30622
27,91,98,39,178833
19,74,61,55,56776
19,66,88,70,72517
111,64,41,58,22577
54,46,92,93,65120
157,97,96,96,9596
162,51,88,58,8182
84,48,81,65,32627
57,74,96,88,42138
153,61,64,87,5866
73,43,60,69,53919
138,64,55,38,39664
158,40,73,76,7226
129,99,48,49,43714
149,92,96,84,3728
31,67,99,75,189346
101,93,92,38,29530
2,100,70,57,237770
162,63,95,96,8698
69,96,57,87,48794
96,69,47,95,12545
67,77,76,50,166600
10,97,65,58,188934
128,72,90,80,6588
133,66,46,68,28603
85,55,40,46,167323
72,41,81,56,80434
37,48,74,84,52079
68,100,39,74,80373
1,74,84,56,315590
124,69,58,70,16964
106,60,90,77,16952
88,72,41,74,44667
151,56,80,57,8678
83,41,68,45,161973
138,77,59,65,6375
153,79,92,98,2890
53,69,68,35,148312
104,55,56,65,37172
175,36,50,84,9572
22,40,95,70,187877
138,79,90,79,7248
128,62,38,38,14429
86,92,76,99,41474
39,41,36,68,127685
119,85,46,90,15963
15,42,76,40,281328
138,96,64,44,2622
17,96,43,40,326031
75,36,60,43,115885
144,96,81,73,4538
5,72,90,48,291983
100,66,65,51,49939
106,40,98,64,39558
74,43,58,54,194182
91,53,81,74,20333
57,65,79,88,189592
97,61,86,89,43818
96,79,77,76,37397
47,92,61,66,119973
180,61,74,69,7773
128,61,56,82,26534
180,69,61,41,6527
127,57,41,90,18796
147,40,65,96,5440
127,76,47,61,43359
46,91,38,56,187070
53,35,85,97,133546
161,63,91,67,3413
101,99,68,84,47717
48,82,90,46,115648
55,43,63,71,67920
75,99,61,58,42087
176,68,91,84,1265
127,41,48,49,13378
124,66,93,73,7574
32,67,72,55,141050
10,94,80,90,191096
106,77,86,82,49558
98,78,40,53,41119
138,93,69,94,1506
144,73,38,82,1337
107,96,57,94,47161
165,92,97,93,8153
20,84,36,47,297256
16,79,87,71,77277
112,75,90,78,12899
150,78,66,71,7393
106,68,35,72,13937
156,100,54,76,6688
114,42,93,45,33795
35,62,35,86,50770
12,57,68,60,236612
135,59,89,62,4847
123,53,47,60,21570
5,47,86,70,212394
144,99,77,47,9283
111,48,75,77,10702
81,75,43,54,165301
99,59,100,64,31887
71,59,64,65,124335
35,75,95,63,191295
161,53,39,54,5380
2,59,89,90,81644
124,75,36,40,18419
30,80,94,80,78946
0,52,41,66,307743
58,99,46,79,80359
3,58,57,83,344089
20,56,71,64,192622
32,61,92,35,98703
108,60,83,78,45370
48,86,66,89,111552
17,93,63,66,142842
168,42,77,85,5231
124,43,80,67,43081
78,65,82,45,34447
73,67,95,49,19756
154,54,70,48,9700
36,83,70,92,150316
14,73,39,79,254144
46,68,42,88,68659
59,71,80,52,177738
67,58,81,71,78871
42,59,52,85,169547
45,93,73,72,82880
132,84,76,53,6420
59,87,53,69,186789
102,46,83,37,28535
95,61,59,49,45567
26,49,64,93,68348
180,79,95,45,5173
178,73,58,40,3592
149,94,54,45,7946
162,99,83,100,7573
132,73,85,55,4853
160,57,72,81,8743
174,35,76,59,6747
111,91,86,41,31382
166,92,57,44,1675
118,37,47,82,41343
65,37,97,49,174912
129,95,93,51,1778
4,57,97,38,372176
162,82,82,87,6056
116,35,41,64,36480
115,72,64,88,44782
143,50,61,56,27453
128,62,67,49,24302
56,92,54,38,198442
56,40,89,65,139407
163,47,95,44,1449
151,68,84,35,4588
154,41,35,66,9848
17,83,47,56,250073
67,39,43,96,172952
67,36,84,85,114985
1,75,98,78,119697
91,90,57,73,14839
115,94,90,70,35472
97,38,75,87,24752
132,77,45,66,29822
128,77,40,45,26040
26,95,47,69,154984
35,55,89,70,143338
139,60,79,40,23272
7,51,72,75,250574
82,62,59,69,11060
154,39,93,100,2895
112,91,95,94,2238
89,95,68,55,45730
51,76,73,79,177658
82,100,79,38,42128
110,94,84,81,22117
162,42,90,94,5358
64,59,58,99,110718
135,79,63,65,1158
108,94,90,66,29037
60,95,98,44,128944
36,64,36,76,52243
93,69,44,65,49380
5,99,36,43,368528
79,100,93,47,19402
89,80,49,100,15461
41,51,57,49,62197
55,68,99,68,198836
177,76,96,46,2762
127,62,64,84,24736
137,45,81,42,18548
164,67,43,80,4066
130,47,62,86,13991
9,76,71,49,296617
155,71,99,47,5922
55,64,98,54,116658
26,46,75,85,125104
79,63,85,93,39271
127,65,43,64,18281
39,41,93,45,199379
19,39,68,48,369356
176,79,87,58,7365
8,97,90,76,118096
63,49,56,54,112403
44,74,80,97,96940
139,86,41,89,8556
46,72,77,42,120321
117,43,47,84,37743
77,69,59,95,46894
48,77,79,41,139588
133,84,79,88,9021
86,63,98,54,41196
156,41,68,39,3437
32,77,93,67,125624
145,48,55,73,2182
80,41,35,56,164878
45,91,79,47,125246
36,48,71,48,93905
180,89,79,71,7873
179,81,92,41,7191
114,62,79,90,13547
162,89,71,43,5977
130,36,92,56,30989
23,88,51,92,130057
148,97,97,78,4495
74,100,80,58,17144
178,38,65,99,1285
39,48,78,68,145447
154,76,45,66,6242
49,87,38,53,157085
124,89,43,96,33869
114,82,82,61,25670
171,86,91,43,5449
7,90,44,99,155841
44,73,80,51,174129
127,96,70,43,15058
51,62,92,58,165258
36,72,59,49,59359
54,38,60,73,104712
126,81,82,83,8332
37,96,95,42,144499
55,79,84,54,55025
101,66,77,47,29457
141,76,49,44,27847
116,87,92,96,3179
77,68,66,68,28215
34,49,85,54,195883
36,72,55,44,115635
136,76,50,58,13075
171,57,76,100,4700
18,54,62,58,216346
1,41,35,45,207858
158,64,58,52,9377
16,80,53,46,391825
139,84,100,54,3565
128,41,89,49,29294
151,63,68,71,3142
146,57,40,89,8116
38,59,38,67,151249
141,84,45,68,5315
166,56,76,91,8845
8,63,76,94,68887
59,87,42,55,63999
46,43,35,89,187039
90,45,100,94,15297
59,96,73,37,131775
67,64,92,87,28957
137,56,97,95,9365
36,55,37,53,113263
23,82,92,74,124886
45,49,39,93,178249
21,62,88,53,153536
13,82,41,66,339925
45,47,56,44,152381
109,78,58,93,30925
71,89,83,84,24289
57,82,46,54,79868
25,65,93,37,77475
115,55,91,76,12365
29,95,70,89,130495
95,91,97,98,48032
52,74,84,49,137111
161,64,58,42,5536
113,59,68,59,20208
13,40,70,70,381450
145,49,50,48,44485
57,64,80,50,167888
168,61,96,62,7547
54,85,68,61,198064
111,72,63,69,19491
146,39,59,60,17021
178,100,95,49,3604
5,92,35,77,354697
18,85,42,82,145883
34,40,45,72,113001
155,84,92,60,5011
14,58,93,91,109340
80,35,45,54,84334
98,73,97,40,47218
27,85,87,78,53136
108,46,62,64,11442
133,64,97,42,1730
127,67,77,77,1745
114,99,41,70,12840
36,46,66,83,149895
79,99,60,91,31389
69,75,85,46,61184
108,35,53,100,14438
71,38,42,61,126128
42,74,84,63,61604
116,76,52,55,32333
154,81,60,43,2402
139,50,81,90,5582
26,100,96,42,81351
58,53,90,62,64508
94,99,84,66,18069
61,100,53,38,188616
42,52,80,80,145956
148,64,98,75,8300
4,82,72,40,203853
88,47,61,59,12743
67,93,83,52,27360
75,37,91,40,100500
30,42,44,37,246091
91,53,55,48,37750
74,63,41,83,80400
6,48,50,50,373908
140,63,95,71,3832
30,93,81,40,116335
30,52,43,37,375076
70,60,47,68,66682
160,70,81,95,6348
44,82,75,72,130231
67,45,50,99,108848
70,35,38,71,84189
78,59,38,100,21434
25,49,40,71,338878
170,76,47,50,1553
37,100,99,39,147821
94,77,66,76,37140
95,93,57,42,14826
18,78,72,78,92479
79,67,100,92,29739
170,50,57,93,5454
34,75,56,35,171901
101,56,66,64,22281
110,46,61,60,22433
91,100,95,80,41391
142,94,62,61,7312
114,81,67,78,25921
9,58,68,54,282712
54,77,87,84,95110
140,83,44,45,45446
83,54,82,51,13360
19,80,65,85,177095
82,53,96,78,27100
165,83,99,45,1282
57,98,99,49,106850
33,98,44,94,176972
166,100,66,85,6688
83,94,89,40,37142
80,60,39,35,58531
129,99,44,84,5932
40,92,58,90,102601
35,36,90,46,172196
71,56,96,98,24363
88,62,38,79,14953
140,38,95,60,1107
101,40,90,61,14839
83,97,67,67,44343
46,79,61,41,50525
131,68,72,54,45839
45,53,35,57,77069
111,62,67,37,21982
15,64,59,35,346976
36,63,71,95,104279
0,97,99,80,194298
119,44,44,96,39781
178,79,79,92,194
23,99,89,85,50199
72,55,81,56,84087
130,83,59,45,25448
87,82,66,37,41320
121,54,54,85,40800
19,48,66,76,95689
166,72,98,38,9315
60,39,100,79,143206
138,72,90,69,3309
69,74,69,47,194920
80,81,89,77,45329
44,82,96,72,130387
48,68,78,90,82731
41,84,67,76,168723
99,91,70,75,39306
115,37,90,90,30262
167,73,61,99,4586
126,37,71,54,35994
82,58,99,66,48589
100,70,100,71,30237
45,90,84,95,188640
26,88,63,47,137472
24,57,60,82,68083
133,73,91,100,7537
8,61,80,97,191225
40,68,64,78,72062
157,56,49,72,6142
158,91,69,100,2262
180,65,60,65,8367
139,87,90,96,6056
140,95,85,96,3991
94,97,85,58,48997
167,63,51,35,9287
0,59,75,57,255569
94,62,46,83,17648
96,50,61,87,20403
134,68,99,38,4189
25,54,85,44,75351
145,51,64,73,9252
115,58,69,95,30938
97,49,70,89,13748
61,98,73,46,180797
135,75,37,77,12563
36,42,43,35,256562
107,47,50,78,16894
64,48,60,66,61239
129,50,83,57,47363
59,100,54,52,127693
58,65,38,61,196811
17,97,53,73,193181
99,80,72,63,30215
90,91,82,86,23999
175,42,48,81,8514
161,65,82,79,9310
156,97,82,46,6038
36,79,91,52,126087
19,63,40,60,253436
85,77,81,60,35040
128,60,98,96,5593
116,40,96,100,32185
26,99,64,99,163838
159,68,81,48,9054
35,43,69,59,114842
45,47,95,64,147889
31,64,90,89,157449
31,41,54,96,197092
91,63,72,76,31096
130,71,51,67,47385
36,67,62,76,74941
57,82,85,44,146135
15,96,83,49,79230
153,75,45,43,6642
6,62,96,89,110018
72,97,85,82,16723
9,60,87,77,126395
35,67,87,45,149582
92,63,72,92,12318
56,92,83,87,46345
28,67,80,88,73247
97,41,63,43,31552
70,85,42,89,25040
83,49,85,68,39252
11,79,65,88,80428
149,98,94,62,4988
74,77,61,57,169538
96,70,72,50,25945
170,75,78,86,5880
51,77,57,35,76716
24,40,88,57,198754
180,65,72,53,4456
120,84,92,66,5705
91,78,63,82,15163
141,86,66,66,9266
83,91,86,68,24574
113,95,96,65,14382
11,69,91,75,107370
142,70,58,58,2099
155,37,37,63,4487
53,72,90,99,71220
148,75,54,94,5553
2,48,79,94,369136
136,88,86,97,2780
179,56,89,37,2476
8,96,66,69,61822
145,70,53,59,5525
59,57,61,69,106246
35,43,55,66,101521
43,99,49,61,60255
45,82,99,53,92532
52,81,37,96,62326
72,67,57,68,112512
124,83,83,44,26735
65,73,76,35,185843
123,78,65,92,2076
102,91,84,39,27296
31,40,95,44,155652
60,53,38,80,148975
83,80,96,88,24332
123,58,100,52,16061
47,96,61,96,83125
77,99,86,35,49857
39,51,35,64,172572
66,56,69,90,55005
44,67,46,58,50952
136,36,93,63,38380
54,56,83,46,180758
135,50,74,79,2726
178,44,79,90,8397
72,47,98,64,26179
113,88,91,52,48424
180,54,45,74,2625
86,76,81,90,12848
97,60,63,94,12010
164,59,78,68,7155
92,73,53,53,10028
89,54,91,43,42758
1,62,68,55,324242
80,90,39,56,49847
83,97,66,79,27746
32,69,80,70,163341
82,60,41,39,179396
159,91,96,62,3940
121,100,75,100,3547
168,79,78,64,5005
166,53,81,72,1400
100,38,69,35,16608
84,92,56,39,21451
35,43,91,38,72438
83,86,89,65,36710
111,49,99,44,20839
78,82,55,58,15065
150,67,70,59,3279
89,100,65,78,21454
172,84,35,43,1162
140,60,79,85,4224
55,73,37,87,175856
61,38,93,51,111845
165,65,83,86,3928
109,72,83,61,39206
83,61,48,37,115639
26,96,48,78,142184
51,46,68,57,69947
0,99,39,91,255553
134,55,93,43,38791
167,83,46,44,9451
63,50,83,61,167765
103,43,92,66,44213
29,79,63,56,123502
127,51,88,81,1159
155,45,73,51,5939
114,73,59,60,18515
146,47,63,88,3632
169,96,55,43,6617
172,61,82,39,3887
14,78,81,66,135027
176,87,57,68,8313
139,36,61,84,18606
175,51,77,52,1193
30,97,62,43,100784
27,52,49,39,381032
109,100,85,50,18384
56,71,73,99,87296
46,74,48,74,117999
38,67,64,60,85371
77,37,41,92,91481
169,68,60,94,7856
44,39,60,59,106411
84,56,53,44,82227
158,65,70,100,7513
22,84,99,78,186189
164,99,52,39,5706
117,60,67,76,34791
154,88,58,37,5774
70,46,67,56,176882
13,60,88,75,83196
30,51,94,38,87129
118,43,95,56,10126
22,95,46,51,170167
108,55,88,81,47006
58,49,63,45,147000
114,90,87,37,17692
165,45,57,90,4336
122,62,53,38,32942
98,39,67,82,48047
125,93,98,81,5142
87,51,35,89,22832
63,92,54,52,61386
42,54,91,61,97377
144,94,39,40,3421
99,49,73,73,41892
12,63,39,55,209864
171,96,96,96,799
176,73,75,84,1993
16,87,89,90,75344
179,49,36,46,8977
1,96,68,51,274445
83,99,49,72,15473
64,43,76,100,116261
88,85,53,65,10193
159,42,66,81,5037
7,68,38,70,362987
152,60,67,43,4374
144,49,76,88,3026
177,78,37,87,1348
127,93,99,71,5092
36,65,59,84,141756
48,42,69,47,100964
72,58,82,67,10253
2,48,48,83,355769
32,38,72,59,189054
140,73,59,77,2189
34,89,84,68,165608
169,85,71,100,4105
165,65,60,60,9126
175,44,70,74,9372
85,87,73,95,30531
169,85,37,47,1363
140,95,58,54,2097
96,89,69,64,43874
160,75,100,83,1595
130,99,36,75,39386
143,43,73,98,9622
176,89,44,97,6739
25,82,64,36,173420
159,72,55,61,3775
33,57,73,79,77454
7,41,64,46,268371
156,89,46,56,3966
175,79,60,62,2608
1,62,87,48,347629
124,54,69,82,10938
19,90,37,45,255357
104,95,92,63,39093
83,56,75,97,12684
165,84,41,58,6118
107,80,59,63,27218
102,56,43,83,31375
113,70,39,38,47399
168,48,46,78,9357
95,91,81,89,21479
129,52,100,91,6363
63,61,87,93,23299
117,63,48,77,42112
28,91,67,55,123128
112,35,61,36,38338
125,88,64,35,37102
156,47,77,75,1040
5,80,35,63,219322
153,92,37,94,7029
97,57,96,44,46902
112,68,59,86,12318
11,35,43,93,325069
104,65,87,97,47107
137,77,52,93,2355
98,57,80,83,33190
139,63,93,87,7146
94,71,97,57,10432
85,37,56,70,142086
146,67,54,69,9570
30,84,80,44,171718
161,85,73,46,3969
66,36,46,93,164719
50,45,66,98,170748
53,40,60,42,164567
37,42,51,37,78468
109,96,87,93,8933
100,57,81,69,44061
64,83,70,35,137891
21,69,37,46,276522
164,92,46,36,4411
59,75,69,45,98910
69,74,43,51,100838
57,85,91,50,119804
11,40,38,69,350802
26,45,93,75,83342
66,79,58,98,46174
38,79,95,77,176975
91,76,75,81,39334
31,91,72,49,72657
60,99,75,38,87812
109,48,51,48,43511
40,96,86,61,82217
94,93,83,97,21002
79,40,75,66,80538
56,39,62,61,155309
180,82,92,43,8478
44,62,62,80,138345
61,68,55,68,169339
75,55,52,70,189731
180,54,37,42,5351
47,57,35,36,135577
36,85,78,58,144367
49,98,64,72,73670
125,89,37,59,28476
134,61,57,66,39185
161,86,95,68,2798
9,36,64,63,289325
59,51,90,85,94952
15,59,49,91,124935
81,71,99,67,12178
48,56,88,55,125885
104,61,38,35,48423
109,63,56,57,32740
77,42,92,93,34326
24,79,60,64,123921
123,87,73,45,24286
139,84,90,74,7737
116,79,39,78,16312
96,56,51,84,36323
158,47,85,67,3920
19,82,48,96,114638
97,55,72,49,13619
8,93,88,51,114081
3,47,77,42,297002
147,95,78,85,8626
127,64,44,52,43048
102,68,78,73,31982
89,77,54,36,24449
154,68,89,70,1468
106,99,78,77,13145
20,95,47,62,70637
81,36,92,55,27753
173,59,91,54,7832
147,68,44,67,4698
146,100,81,83,7082
29,93,65,55,57165
180,85,58,74,8400
97,81,54,50,10825
48,76,46,75,141707
23,47,68,95,141220
66,48,75,91,109037
44,35,86,54,96102
94,40,67,42,15251
140,69,68,90,6770
37,79,92,68,136637
74,58,97,73,37875
163,82,47,36,6742
154,41,53,74,4529
35,78,98,61,73175
89,35,57,65,47062
124,87,50,58,28605
156,64,85,65,2565
33,53,62,40,97267
0,50,81,57,310013
84,49,77,42,137410
97,78,60,66,30522
111,96,45,43,17727
133,88,96,88,8650
97,90,64,37,19087
60,49,37,49,75538
156,65,89,77,9039
24,89,84,72,159371
84,86,79,53,39439
132,76,64,99,2829
138,63,48,44,28470
59,57,56,57,183909
18,56,35,68,240451
175,79,46,71,1386
155,36,90,99,9302
171,52,71,88,5990
104,96,59,86,36352
142,80,90,60,5205
147,59,55,68,2011
101,59,99,63,16943
110,35,69,90,18735
132,44,54,46,49001
153,94,95,49,5767
95,56,56,46,29263
74,50,99,85,42470
31,87,37,47,78635
91,92,79,58,14018
12,58,39,84,319243
118,83,52,67,49838
161,65,61,93,3586
118,35,57,86,10952
86,85,97,62,33293
21,74,42,46,237479
148,73,96,92,6053
163,79,49,96,6106
63,43,59,99,180451
27,83,68,54,167866
101,56,78,81,11340
179,54,54,79,5238
75,43,78,49,119239
117,46,61,53,22489
107,46,84,45,18038
82,57,49,97,49571
88,44,95,81,24709
48,83,67,57,78964
21,36,54,39,282394
2,46,66,92,273670
69,74,40,97,156692
82,84,74,35,41405
72,73,44,83,139101
45,74,53,51,178209
173,99,72,51,5220
10,87,52,41,291554
171,73,45,44,4425
87,43,42,82,49008
88,40,93,57,10611
117,69,46,91,27052
66,95,95,64,19470
26,64,89,57,196329
163,97,71,85,6837
107,97,71,65,48605
152,59,80,64,1403
22,35,49,55,329309
10,86,64,43,272260
46,68,67,99,79134
158,90,79,67,4177
50,39,72,39,120480
88,59,86,70,35975
150,42,65,97,7676
98,84,63,94,30779
1,49,73,74,299502
51,40,82,92,158644
130,80,52,90,2883
160,51,66,36,3214
144,68,53,96,3463
49,79,88,35,118929
167,58,86,36,2946
86,67,68,96,24082
54,61,42,54,190560
108,67,89,50,32362
78,98,74,92,18786
22,41,93,93,131905
113,37,64,44,11121
12,73,98,59,138289
167,96,74,68,7478
2,86,80,75,164332
135,38,59,84,46094
150,59,55,90,1258
78,55,83,80,20621
118,65,80,78,25660
176,38,91,90,3309
81,58,86,73,11633
161,74,74,71,2661
49,45,93,60,192267
7,62,94,44,216958
74,60,57,97,36258
145,84,53,49,1015
147,53,53,65,6807
7,84,95,42,133145
146,84,57,91,4945
96,64,63,95,30002
136,59,98,71,3378
167,57,79,35,9112
8,74,62,42,388708
17,78,50,86,57893
17,74,95,59,144242
70,61,44,54,96826
79,45,93,100,15556
165,44,40,68,3608
31,63,99,67,140853
16,83,50,41,263203
12,38,97,49,374980
41,52,42,60,163477
160,56,35,69,6303
125,37,35,76,17155
95,98,38,51,21175
161,90,45,74,9157
140,58,68,42,13318
134,96,80,47,7891
1,63,92,36,211188
60,83,80,93,26687
136,52,84,61,9607
65,100,56,58,103082
140,49,83,51,4366
86,38,91,49,15290
123,65,40,93,44133
29,92,90,70,91261
128,46,44,35,28425
18,89,83,89,174739
40,89,77,91,92799
49,42,90,60,91046
92,93,52,42,15745
105,51,85,67,47441
173,56,66,59,1135
62,63,74,79,141903
48,65,43,44,82453
171,60,55,64,5806
142,93,54,87,4274
129,64,42,74,40438
98,64,35,98,12083
78,83,58,38,103626
109,96,43,60,47678
143,71,45,36,37822
61,73,40,70,162237
78,70,65,74,32924
92,71,95,52,36529
53,65,71,92,95951
95,87,96,41,10879
158,74,84,43,9384
24,42,73,66,72210
108,62,38,57,44742
70,92,53,43,104986
12,65,53,39,385327
166,48,56,56,5541
179,73,60,90,5491
48,46,39,85,116795
3,59,58,90,310866
22,80,52,95,61308
120,80,51,49,45144
33,42,84,45,80551
169,77,69,93,4070
139,46,62,80,4879
98,63,50,80,12844
51,74,40,61,53236
149,41,35,82,6554
141,46,83,75,2265
106,36,96,91,24925
174,95,61,83,6573
70,79,35,47,147680
99,72,35,35,48482
114,64,41,54,17211
12,73,54,39,387503
51,59,46,90,100759
176,56,65,35,1922
1,35,76,42,241506
134,57,57,80,31266
78,47,84,65,16995
126,72,91,42,20851
13,85,43,47,319499
37,55,63,84,71887
8,49,87,87,74518
2,56,73,43,343883
33,79,84,62,198262
2,81,46,77,331404
119,52,44,38,10267
52,85,50,51,131383
94,60,36,63,21613
174,45,68,63,3224
119,50,48,47,15026
51,59,93,76,107320
117,79,63,37,44479
95,58,36,37,187217
32,68,72,54,138019
160,79,94,100,5845
178,46,43,45,3763
25,97,53,51,110666
171,95,35,92,3168
114,75,58,77,28768
117,43,100,66,35610
115,52,42,61,40929
8,36,80,39,230379
169,64,86,81,7691
69,66,78,50,90799
144,66,48,60,8624
140,46,79,50,22784
51,55,58,77,76234
132,67,65,43,40960
34,42,51,54,120106
77,56,88,65,27748
140,63,44,67,30991
34,88,55,64,94911
173,76,83,58,4652
133,36,37,87,47399
111,67,56,95,28911
66,38,85,38,149110
30,91,64,73,71090
24,92,70,45,117885
88,55,36,73,43512
30,38,47,99,64508
166,87,65,47,5705
156,95,36,46,2847
93,75,61,72,19696
179,66,36,100,3195
56,96,82,41,146322
49,68,68,77,58223
174,89,99,51,4934
102,67,98,44,18665
109,85,68,48,44265
100,72,82,77,26411
119,75,90,99,3023
59,47,86,77,189995
167,76,71,57,5420
78,92,80,81,28192
136,64,95,99,2434
44,74,95,75,65561
87,76,96,72,26315
176,52,39,45,9315
114,46,83,62,39913
33,90,99,40,106224
174,58,68,50,6199
15,48,93,96,155177
146,95,100,60,8442
123,83,64,91,3727
27,80,66,92,166037
86,84,66,92,14428
126,62,73,79,38812
147,92,53,43,1146
54,73,51,96,139053
59,76,36,84,151359
66,54,35,39,135344
125,73,52,56,45613
89,35,85,95,33727
52,68,41,73,136820
62,89,49,96,120257
67,84,75,95,10155
34,87,73,93,154512
110,35,79,53,35263
176,48,64,99,1324
5,80,76,95,83822
153,92,67,86,3918
31,88,35,39,111845
105,39,42,97,28157
39,81,90,62,50055
0,86,96,76,148478
117,71,45,63,14867
138,64,92,66,8643
84,73,45,61,28212
64,66,87,35,171761
156,40,91,48,1970
68,96,85,47,22029
75,38,72,38,105965
53,99,95,83,34990
169,84,57,94,1055
99,68,75,73,30476
41,100,54,48,190453
36,71,46,90,192727
148,73,82,52,8791
62,43,64,93,134022
49,95,69,48,142356
45,69,76,87,170850
172,88,98,75,1778
126,37,44,58,31882
25,58,78,60,167574
75,91,70,51,39391
17,100,44,95,179830
141,81,44,89,1219
151,74,97,68,7832
62,43,81,79,122611
136,45,58,35,15858
60,55,38,92,54340
134,35,98,42,23940
59,68,43,79,105824
6,85,50,91,124587
24,56,89,68,98014
15,50,72,66,377578
87,84,91,72,12070
88,70,84,47,36216
109,38,70,97,44515
125,88,94,48,6653
64,65,99,56,198604
85,38,41,61,121386
172,95,73,39,5433
89,89,36,59,21516
88,66,92,56,49603
20,96,49,45,151933
70,64,48,74,197693
118,84,80,70,45127
139,53,56,46,25857
37,95,72,46,150708
45,60,80,51,95437
134,98,76,87,1036
12,86,67,54,57552
110,71,74,54,23346
167,47,57,47,3511
108,86,61,72,24924
66,93,65,37,52884
78,49,61,52,147919
157,86,91,80,6035
68,89,92,96,15126
18,53,82,91,184548
106,35,58,64,34253
154,86,61,38,4500
127,35,78,38,14529
132,86,45,37,46125
173,51,73,67,8745
132,70,37,66,20381
121,72,39,80,28384
59,41,47,59,128959
139,65,49,45,35190
159,43,86,75,8819
82,46,98,46,35636
132,43,91,54,12279
113,47,39,77,30816
61,44,64,41,110088
138,85,98,65,7962
92,56,80,51,38940
79,73,53,95,23880
46,66,35,69,116259
158,54,81,58,9521
77,98,44,95,21777
22,99,92,45,152391
124,70,97,70,2976
88,57,88,97,46565
32,81,53,68,56934
109,38,87,49,23784
120,51,56,68,10416
24,48,84,64,130917
82,38,79,62,28101
84,99,71,88,12954
143,99,78,77,8115
154,35,64,98,2956
150,61,62,64,5695
94,85,36,69,21869
156,65,76,100,6042
78,50,42,95,17771
39,91,84,61,147620
159,62,63,83,9946
163,58,73,84,1903
81,53,72,78,39977
69,83,60,66,107761
172,71,40,65,6696
103,43,55,76,37780
36,63,83,59,50137
97,49,64,93,14336
54,89,48,90,65676
4,40,47,74,321274
12,80,57,55,240263
33,87,65,100,57679
87,60,48,59,44150
73,98,54,77,30203
109,66,79,77,30213
107,56,75,92,22827
54,85,70,77,178773
50,87,45,84,64417
173,75,85,45,4098
48,50,84,49,190725
13,60,74,52,368857
109,52,35,50,38004
148,100,37,42,6730
17,59,52,58,285060
153,45,38,44,49947
73,46,39,39,123750
45,36,35,47,179979
35,96,97,50,81181
167,82,80,39,3456
37,88,79,73,149995
52,88,54,89,193296
21,85,46,93,113575
37,46,41,63,108748
119,79,44,38,41511
84,60,90,57,24600
24,66,41,93,115466
61,51,69,92,138604
55,97,81,49,95175
56,41,52,40,140092
42,91,75,85,83885
18,55,69,88,90786
25,75,46,39,265412
165,40,35,73,4120
81,71,35,71,164901
18,71,90,69,104216
83,60,80,69,35055
21,48,63,92,137702
58,70,93,36,133937
121,46,44,36,17802
176,70,40,36,6787
134,55,96,75,4444
141,45,44,63,44795
54,36,35,81,184234
82,52,69,96,47836
106,63,53,100,44116
97,44,59,61,12492
9,70,73,41,370766
113,47,67,100,36727
10,55,57,78,306432
69,70,96,76,29812
179,35,64,35,5827
158,96,65,41,3314
5,77,93,52,284862
28,35,78,67,83090
37,75,50,72,124978
89,43,61,65,37871
156,43,78,94,2357
38,85,74,97,137685
37,66,40,88,110978
116,68,43,39,45218
115,92,82,51,47179
137,84,72,74,6762
78,65,50,62,158391
164,77,62,94,5923
98,70,81,72,13105
149,85,79,36,3443
99,61,72,54,32442
31,57,75,36,68493
119,87,91,82,7789
143,45,80,91,7406
51,86,64,89,197605
3,39,56,38,333802
108,49,50,92,30937
32,99,59,71,54494
34,76,46,56,154867
161,59,73,93,8115
177,95,67,41,4031
147,39,41,54,26046
97,41,98,100,35350
90,49,68,100,16410
150,44,58,94,2627
108,46,39,53,12283
36,62,78,77,171671
119,54,40,46,42372
142,97,70,41,5757
51,77,73,77,66020
116,49,72,57,43370
79,85,57,85,42710
113,80,95,50,11428
6,54,78,78,227706
161,78,74,36,1700
20,46,99,46,125480
13,52,58,60,328477
63,74,63,52,144915
58,90,100,46,170597
153,48,43,41,18040
174,92,54,90,2450
113,94,86,100,8288
35,37,81,46,190059
74,48,65,100,20316
19,45,38,86,397241
138,84,57,96,1653
46,52,57,94,166859
53,43,66,56,130167
77,86,62,78,35525
103,82,56,69,27196
27,72,87,40,170789
35,85,78,79,118978
111,75,40,41,28642
94,81,67,56,47616
103,47,90,46,36628
126,49,100,72,42463
97,89,89,81,38668
103,48,49,69,24753
6,72,35,48,391879
167,40,54,93,9325
166,44,43,68,4788
54,95,93,45,82268
61,56,72,48,100949
30,85,37,51,118627
134,51,92,61,6644
4,99,51,71,257231
145,37,52,75,16783
77,51,95,81,22867
151,81,90,48,1838
66,45,36,51,89593
57,57,67,79,191616
105,54,87,51,45180
135,41,71,83,13101
51,88,86,76,186858
2,50,76,90,276908
32,63,96,100,80215
42,81,46,74,86327
56,35,67,94,192408
104,68,67,90,13659
99,55,38,83,49129
132,94,64,100,9040
143,46,60,61,45380
86,82,71,79,31122
133,40,63,67,25353
10,100,68,50,159348
149,80,69,41,6646
131,47,63,84,46879
0,68,67,49,381200
80,69,87,63,17371
57,55,73,35,108700
42,39,89,36,95420
67,97,37,73,76890
110,64,84,82,13879
15,66,96,74,164886
65,45,40,43,172500
4,88,46,40,256052
90,72,64,71,10507
152,78,94,48,9258
115,70,59,42,27688
163,64,94,79,2764
46,84,76,84,140089
3,88,79,65,87967
60,79,37,81,180480
2,37,38,93,239970
52,50,85,60,169461
112,68,55,75,13514
88,37,90,96,15715
14,100,64,73,135688
62,41,57,40,192009
13,62,39,90,395192
152,61,94,38,6864
110,41,66,54,37967
111,77,64,94,26860
155,74,71,93,2811
162,92,44,93,3708
42,77,35,80,131770
158,97,80,57,3221
60,46,50,55,104388
122,47,84,42,15583
172,58,55,47,6425
178,38,94,55,6192
152,38,98,59,4495
6,79,39,74,321263
149,95,37,90,2216
110,73,60,52,29783
14,80,56,72,97917
3,55,80,57,384827
16,100,35,83,96370
59,40,75,83,171064
161,38,43,43,9472
39,59,85,52,119101
86,93,68,87,48295
60,91,100,54,31062
114,68,88,99,35844
178,75,35,59,4824
51,50,55,36,81044
4,87,52,53,254277
62,61,88,65,152335
148,48,36,52,18721
34,59,41,37,209701
56,88,50,54,121582
23,97,79,78,66727
124,73,62,39,23004
14,83,38,48,278042
137,78,70,93,5767
108,99,98,38,35809
76,55,75,75,13081
116,38,78,93,10677
23,58,53,77,72394
86,47,66,44,159370
45,66,83,73,129503
38,94,39,98,174441
50,60,54,58,144402
49,50,67,84,68803
88,36,93,75,25308
61,36,41,42,59101
86,67,61,45,48752
10,52,76,37,358495
35,44,89,59,67853
161,59,42,87,1235
9,35,92,53,260877
19,82,92,72,93177
87,41,54,86,38185
88,90,96,96,47667
19,52,61,39,365214
173,75,86,37,2369
152,75,96,75,7373
32,72,52,88,75648
60,50,78,65,179690
168,37,68,44,7348
100,40,48,38,16060
38,88,60,63,80781
135,73,52,56,25012
110,67,82,82,26632
25,51,38,43,284467
9,72,83,74,76800
18,71,83,40,149647
150,65,87,67,7672
64,79,71,61,173800
107,85,73,64,16702
174,84,62,65,3863
180,94,81,79,228
118,57,54,67,26221
88,82,50,73,14230
61,78,83,38,168156
95,77,46,67,18514
6,41,77,82,354329
153,93,90,74,6484
65,49,78,93,102357
122,44,59,74,11967
86,90,94,41,38784
174,48,36,97,3852
68,56,79,41,127809
4,60,81,100,155447
148,100,36,52,4302
45,43,48,99,75895
149,49,59,98,7322
159,76,51,68,6060
46,76,84,87,53037
13,54,95,57,73062
148,78,39,86,9102
21,55,39,95,78902
76,45,43,85,72073
75,88,83,47,24484
20,61,89,99,126815
149,54,83,80,6480
101,100,96,97,22447
12,76,44,81,215556
57,59,96,95,45866
51,93,77,62,99313
84,81,61,49,49184
135,91,91,82,7126
41,88,50,51,85755
32,45,74,71,72090
27,64,80,77,65071
90,42,77,67,17140
54,92,55,81,166751
67,53,73,64,51051
12,98,92,44,92199
127,38,50,59,26270
136,45,87,73,5054
130,37,46,37,37974
22,72,76,39,186232
112,87,96,58,12006
27,43,95,87,139959
136,49,40,52,25733
113,92,57,61,19721
76,49,64,40,70510
10,58,48,58,274820
110,60,76,82,13522
115,52,62,64,33553
35,55,96,88,187243
31,92,57,98,107813
158,53,42,98,9744
116,85,41,86,34647
2,51,39,94,250670
72,42,78,60,102399
83,60,92,92,34330
95,40,36,57,107948
6,96,64,35,343267
0,56,96,78,374088
88,72,56,75,43025
128,44,84,58,29886
173,54,94,57,7934
72,96,38,61,101164
56,100,91,77,25785
11,88,69,74,107631
132,63,45,63,40331
107,54,77,42,35772
110,100,96,89,4493
92,100,49,67,16922
167,75,39,38,4290
164,47,55,45,9205
163,47,93,55,9136
96,98,89,99,40744
24,46,45,82,84778
80,37,83,67,42302
72,52,35,39,66898
89,45,74,98,45539
83,92,59,64,35112
9,91,69,61,98067
61,63,55,75,111733
159,38,99,82,8036
7,39,83,87,276670
115,94,95,96,2482
140,85,63,54,6410
89,75,78,78,21397
144,75,57,72,4706
130,50,88,76,3173
18,96,37,42,354329
158,53,99,87,1011
87,58,76,43,32191
67,82,59,58,69222
102,96,95,44,20483
68,94,99,91,17790
13,70,96,49,189207
171,36,97,58,1767
1,38,74,41,299820
60,78,36,79,102618
166,41,63,98,3370
0,80,77,44,235406
74,67,95,72,46660
54,51,80,36,156991
97,45,44,57,47207
43,90,62,61,178175
117,71,98,81,5590
48,100,79,92,177850
64,37,44,44,159350
64,92,71,68,41013
60,100,63,84,24589
3,58,75,56,300907
153,48,46,54,4553
34,97,51,62,182943
86,71,57,49,20124
141,43,42,57,45624
88,66,99,61,48891
63,87,44,85,115638
137,96,88,73,6916
15,78,51,76,147782
39,48,66,77,87861
174,57,94,46,5693
116,92,56,98,28761
139,58,54,37,18726
98,67,80,69,26405
33,70,60,75,59841
134,76,45,40,42813
132,79,48,68,29383
57,84,90,54,83036
125,79,65,75,49547
134,46,98,77,6170
82,54,47,81,32756
153,92,56,93,3732
46,65,63,75,62496
17,44,43,86,230067
154,60,63,54,3499
142,86,35,53,31818
3,96,91,94,159218
107,74,55,61,39543
12,88,40,65,221078
160,43,78,92,9943
43,66,37,93,198363
99,80,66,65,14748
48,98,60,83,148805
150,100,37,55,1429
108,73,72,62,20692
44,96,51,74,156726
109,69,91,59,49422
14,53,85,47,297375
94,59,57,93,13563
143,85,44,89,3425
44,100,59,92,88975
171,58,85,97,5759
47,54,66,68,56398
37,48,58,42,98261
112,77,89,61,30315
66,40,100,50,89352
61,99,52,72,87521
13,60,45,36,261720
167,64,43,64,1853
44,46,76,87,139757
45,94,89,88,106221
78,93,70,92,49736
106,41,86,85,48492
13,58,72,36,281606
119,69,74,84,44969
95,49,44,61,24576
153,52,99,100,1799
94,93,97,93,26770
67,50,97,44,143940
178,77,96,96,771
90,57,68,53,41531
178,74,90,43,3061
57,97,68,99,25007
135,57,66,72,24869
100,61,95,86,15276
140,71,76,79,5001
161,61,76,60,6436
161,37,59,59,5800
121,71,47,49,20892
75,60,61,56,144816
106,99,77,77,22008
85,68,92,45,29053
100,44,42,98,41907
29,90,53,83,95644
112,96,95,59,47325
138,64,100,69,6677
31,51,85,62,147023
50,53,91,41,56535
157,41,92,61,8401
99,70,53,90,13653
79,58,58,64,106998
172,83,69,54,5042
113,53,74,56,19408
150,58,73,72,4246
134,78,75,76,8630
47,56,97,91,73377
161,57,62,75,4081
51,90,57,44,130626
28,80,75,78,55148
115,84,54,97,14103
99,78,50,84,13452
140,99,35,54,9856
28,52,91,87,97685
91,96,86,60,30217
10,55,65,79,367020
26,68,84,60,145279
179,39,46,47,5442
15,85,88,47,147867
146,76,55,87,2677
130,43,45,57,28077
174,39,64,63,9364
101,41,50,75,34508
178,89,98,85,632
106,92,81,45,25292
98,40,62,76,33987
10,74,64,90,148124
98,40,83,67,44714
157,80,60,62,3408
159,46,50,86,5195
129,62,96,63,7910
121,90,59,75,40340
116,96,39,71,17491
31,48,97,64,97308
170,87,87,63,8638
155,83,70,61,1440
155,64,78,77,2018
87,99,61,35,14617
125,77,43,63,10513
81,48,96,89,35975
38,57,50,56,101955
139,47,42,58,40939
36,70,49,93,174653
4,49,52,39,263317
144,56,98,62,5434
12,79,68,88,164208
110,50,77,95,37522
90,93,54,66,14141
119,36,86,35,43359
104,62,95,60,25438
126,46,36,55,29510
143,71,79,73,9872
21,83,51,60,118708
37,72,75,99,166114
13,100,72,77,172075
137,56,98,79,5581
17,45,61,61,237307
163,91,47,62,5191
146,49,80,86,7107
23,88,87,90,190521
174,38,68,85,8146
149,88,50,91,5548
58,75,67,79,140978
68,57,80,66,190851
116,67,91,69,36345
110,92,90,38,36945
136,53,97,94,8602
72,39,50,41,135150
85,67,74,93,32238
82,40,80,74,33294
170,46,38,93,9240
4,58,69,39,371780
54,99,100,41,165277
171,63,36,92,6897
54,76,47,71,179575
92,43,94,44,22230
76,56,90,80,27809
72,93,95,86,40984
62,98,48,51,69984
50,90,58,70,135009
123,89,76,99,4853
9,39,56,71,333280
102,44,98,92,49614
162,83,62,89,9328
172,61,66,75,7265
148,41,56,88,2365
169,87,62,92,1772
93,89,94,79,16008
147,43,41,41,13801
96,84,48,69,45006
18,93,98,99,122191
16,46,89,52,361729
151,38,38,55,32554
10,96,98,61,148426
35,96,81,100,99369
172,58,53,74,9285
179,77,96,89,525
47,80,87,98,170445
156,88,87,42,1485
19,99,92,99,182514
135,42,100,62,6035
15,98,71,67,154967
33,47,50,70,199204
80,73,87,68,36152
106,70,39,62,35520
67,37,67,91,139267
66,57,61,68,63048
35,43,59,52,149318
26,43,90,81,158173
73,56,93,68,36415
101,64,35,60,47062
6,39,98,57,328430
168,82,100,83,2409
62,47,67,59,112701
103,63,71,75,41062
86,69,37,81,32717
17,91,86,82,136124
139,67,82,57,6766
25,91,59,73,92924
117,98,88,47,17210
134,78,98,41,3569
77,96,53,67,16461
116,41,64,70,47237
106,50,53,69,15413
62,82,100,97,13930
50,99,100,86,10334
117,99,64,78,35562
80,74,93,84,35941
14,55,50,81,286339
115,39,67,90,27702
82,44,73,65,20997
77,42,38,39,69307
5,94,89,77,136737
20,94,77,88,183584
158,95,57,57,1819
2,83,54,64,240695
69,65,50,63,189541
167,62,42,99,2977
1,58,83,46,235076
13,61,100,83,63762
57,100,88,63,44796
88,38,89,44,47931
130,96,39,78,7538
72,81,48,53,121180
127,55,97,73,8318
154,35,100,57,9798
114,63,48,94,32532
109,67,41,79,44569
72,51,40,89,184506
144,91,73,50,9756
90,39,42,92,35484
2,61,84,88,315580
55,54,47,84,143015
83,61,52,62,14067
96,92,66,41,22109
162,86,74,84,6209
154,66,46,94,1622
29,58,38,39,298691
136,85,74,87,4271
95,66,83,39,34095
132,99,59,61,3413
77,62,97,70,31734
100,90,68,55,49977
163,100,51,88,7248
156,59,55,53,7556
130,89,85,73,1324
123,61,60,61,22151
22,99,56,35,192478
180,39,90,59,2354
61,77,48,86,86378
51,35,80,39,151181
55,98,55,100,96583
172,94,52,49,3080
10,85,63,42,208128
29,87,40,79,198030
128,43,84,86,38982
120,50,37,76,49367
93,52,95,93,28949
114,47,49,78,22167
86,59,67,99,32336
144,86,49,85,2595
29,68,74,45,53278
28,45,35,63,247294
58,70,49,94,143217
15,57,67,66,341711
78,62,48,55,75815
120,65,56,59,19773
41,38,67,88,185982
69,90,59,92,38873
99,82,85,49,12416
173,88,88,99,603
51,53,77,40,51673
119,77,89,43,15815
126,46,80,50,12606
56,97,64,39,186846
121,65,52,77,46874
125,85,46,90,19170
146,35,48,100,6734
165,54,86,57,3624
5,51,70,96,210938
180,45,44,38,8989
166,96,76,63,8562
58,49,37,62,69571
180,76,49,74,7691
26,48,37,37,367510
65,94,72,36,70942
65,46,64,42,191919
19,97,60,59,50824
59,54,60,57,137565
85,72,74,91,46594
130,89,100,70,9116
157,88,66,81,8504
159,50,99,48,9257
43,42,92,73,180353
170,65,98,54,1298
39,92,47,57,100585
123,73,76,66,14094
75,80,60,48,108573
138,88,42,73,7158
3,99,69,40,371073
94,87,57,53,43292
123,42,96,90,31797
105,49,96,95,48305
24,35,49,81,270816
48,61,86,46,122057
164,40,68,42,5613
153,83,52,48,4670
61,92,50,79,59095
151,50,47,64,2164
82,61,72,72,21442
150,50,80,78,7257
176,50,45,60,7095
14,92,52,100,184808
106,98,67,37,41249
99,86,66,83,44980
70,62,66,75,148723
85,43,51,44,81578
16,90,45,79,97230
16,98,89,39,99258
119,76,37,100,41675
28,41,38,84,116324
136,94,46,90,5612
26,83,54,63,171123
96,42,64,95,46091
97,35,69,80,22598
109,65,98,54,20524
170,89,64,67,3705
176,87,85,44,6659
96,52,95,43,33771
86,60,77,67,16931
15,66,45,96,98750
153,35,46,91,4144
49,53,39,65,148325
120,100,38,64,49866
68,41,80,97,46859
38,75,66,70,85714
95,90,47,83,44026
98,81,58,74,17480
109,58,97,53,26189
29,99,36,40,93627
96,44,58,37,45374
87,81,90,87,41439
79,84,50,38,62526
158,84,66,93,4553
11,51,36,73,284981
49,85,65,59,101446
56,62,79,60,166931
28,89,74,39,143683
97,95,56,71,30553
120,65,48,68,47428
82,55,71,58,30063
63,51,80,65,75777
42,51,53,84,179213
154,74,71,50,1076
25,93,99,67,164811
178,98,55,41,8313
127,50,99,95,7123
74,98,64,44,33114
118,63,56,48,12347
62,84,95,54,190234
107,49,72,39,41214
178,67,70,75,6477
74,69,91,98,18392
74,67,67,52,143998
93,95,90,58,30298
5,60,99,88,88227
11,58,73,56,339246
3,63,40,81,266150
176,59,79,42,7648
10,35,62,43,380321
48,100,56,73,67779
66,77,79,75,18797
146,78,60,50,3965
133,71,58,74,1375
137,65,85,88,9060
158,50,77,45,2654
167,53,99,92,9346
168,48,69,36,4537
88,47,70,76,42981
151,49,41,37,41379
124,77,60,79,20779
116,79,94,74,26269
9,82,49,79,346627
146,82,62,78,3006
21,74,78,65,91983
156,100,48,93,6684
156,38,66,83,8035
128,37,76,66,26662
153,72,56,46,7718
111,50,92,49,19702
132,85,75,38,49854
149,65,63,75,7288
17,71,94,63,73272
94,56,88,79,11971
123,92,37,35,29310
44,91,51,63,60769
115,43,49,43,27566
97,36,88,82,22396
101,35,97,68,38630
10,43,41,80,235748
121,83,42,95,36787
129,79,40,71,21192
18,86,65,81,156406
50,89,55,67,180179
47,91,46,44,181650
135,56,69,38,47775
164,56,96,84,8706
179,74,64,86,7437
14,62,93,74,189336
132,73,90,69,8184
146,52,36,100,3127
31,72,60,87,94465
126,66,56,81,11610
37,89,40,54,166541
17,66,58,88,129094
178,46,68,95,6960
38,71,46,50,64226
75,35,99,53,72323
125,78,78,36,34780
3,53,79,67,397904
144,38,42,71,11647
95,36,60,75,45212
151,96,99,65,3193
142,58,99,49,4441
50,54,86,39,87628
53,71,96,45,198009
133,79,91,73,7695
57,41,74,69,55833
117,48,43,73,38204
49,74,62,70,179852
164,58,68,35,7164
171,74,86,35,9770
160,45,75,83,9379
173,50,68,58,2347
157,87,87,99,6786
12,41,61,70,227499
55,48,35,73,86882
66,81,85,99,23190
46,41,92,90,144113
175,72,74,63,7820
134,73,52,44,22471
22,90,67,79,96155
122,68,40,44,31669
91,78,43,64,26928
139,98,69,96,1372
144,68,95,96,3661
94,44,84,86,11926
169,91,67,88,1238
8,79,72,53,214815
97,78,96,47,26085
34,83,75,89,83486
142,48,93,80,8245
27,93,72,74,115202
68,43,45,54,50742
68,67,62,87,171507
40,64,61,84,142137
138,51,84,66,8190
172,52,56,62,4881
14,54,66,90,150660
170,56,54,35,6104
107,85,91,76,34371
76,60,97,95,23911
113,96,95,80,8038
151,80,91,48,2699
89,64,82,50,18823
7,69,58,65,233388
102,68,39,48,40500
99,54,99,50,10874
86,45,78,95,33326
68,95,43,84,36108
14,58,81,68,93487
22,54,79,70,150232
13,77,95,56,118228
99,93,66,69,32787
81,81,88,94,40569
50,47,69,50,155706
67,37,96,65,117712
61,35,67,76,196575
164,86,69,81,3177
171,87,44,79,1331
102,92,58,56,48440
4,38,93,56,260229
109,45,80,75,12182
23,42,46,44,204490
147,78,57,56,8852
21,73,75,90,127858
15,52,47,56,359734
8,43,52,98,203808
37,85,92,56,76464
107,63,89,38,37811
31,48,52,43,380505
108,82,53,36,43997
180,76,64,52,7268
136,41,87,39,25914
101,47,81,79,31353
97,36,43,56,30883
73,94,45,55,110097
52,56,58,100,61614
153,70,71,52,7877
73,53,92,70,36428
133,38,43,59,42150
67,91,60,38,148200
158,41,47,89,9798
8,92,77,64,138535
111,95,88,73,37548
20,46,57,51,326140
100,65,46,82,20773
102,86,39,97,39899
5,98,92,59,162252
52,54,37,98,190166
2,77,79,38,392673
69,78,76,92,46403
176,46,85,41,1114
39,84,74,59,80469
98,78,35,39,15547
57,52,79,92,131576
162,70,76,36,7929
162,56,89,81,7175
97,45,44,77,49430
47,57,42,41,124505
139,71,60,39,10774
35,41,73,76,199859
5,99,36,48,394808
88,58,75,88,11660
105,52,52,53,22122
148,96,55,77,8006
57,69,50,86,127038
30,44,82,98,159360
3,74,94,75,186665
46,77,98,49,162607
28,64,63,68,100622
139,59,42,39,11170
74,62,58,72,123263
130,37,81,72,10796
107,79,55,83,29376
79,60,64,62,38821
127,62,98,53,41406
83,81,82,36,21604
132,77,48,62,27993
5,54,65,84,336659
42,46,82,62,86318
120,73,43,67,23269
170,35,44,52,6384
12,77,38,77,320542
158,59,51,100,8835
13,47,48,52,315848
89,78,61,75,42724
55,78,44,66,143465
40,80,48,79,149481
99,41,71,84,17361
28,89,43,65,175303
98,52,86,64,18586
24,60,44,66,110696
156,69,86,46,5271
6,87,79,67,60183
17,50,82,75,114318
156,51,60,65,4196
1,87,89,58,382021
167,100,44,37,8415
138,59,100,43,6330
93,35,57,35,121178
28,41,72,38,326691
9,88,64,44,225835
115,75,41,90,23843
5,50,50,57,348251
146,92,95,74,3644
130,67,42,73,46265
27,63,54,86,71581
163,55,71,52,4601
75,90,100,36,12319
163,68,54,57,5088
32,41,85,79,103699
47,98,48,84,184024
43,55,98,90,136993
10,91,72,62,146299
149,92,35,71,7794
60,48,41,75,147901
14,96,92,81,57971
126,38,92,94,5686
156,99,61,41,9384
75,75,76,69,48792
48,56,71,94,150730
35,76,36,65,145093
37,39,50,94,110930
121,67,52,38,32699
91,69,68,71,19696
143,94,57,45,7770
33,92,82,40,126375
2,92,57,91,60322
128,37,57,35,34219
68,78,47,59,114075
28,35,100,68,103696
21,87,65,100,88146
173,78,75,47,5617
61,40,84,73,182010
84,76,74,39,39920
66,95,49,44,120144
62,50,62,71,88746
53,45,71,72,90597
131,78,39,90,18594
14,85,59,87,78738
171,72,95,80,5198
111,94,66,57,46378
33,100,87,43,93678
55,70,59,35,141060
80,95,69,69,46075
82,61,45,62,179161
34,52,39,40,298133
157,99,96,82,8760
170,52,67,43,2715
10,36,61,52,399012
161,88,45,100,1344
146,66,70,48,9448
179,67,68,50,4934
120,36,96,53,41503
155,40,61,73,9687
76,59,75,71,24890
43,76,61,67,122055
15,80,38,37,335517
18,63,99,55,79408
88,45,70,73,35137
27,54,73,59,147453
31,97,78,75,56739
8,72,71,76,120730
143,73,88,61,4757
45,54,79,66,188527
118,83,81,74,24340
103,43,52,80,38391
0,40,55,69,233977
121,83,48,40,24739
95,57,48,85,13841
176,41,84,48,5627
140,91,83,39,7067
96,80,93,43,35652
90,49,38,68,13820
51,70,92,80,94456
79,62,88,64,40238
7,82,92,38,294815
79,52,56,61,62264
31,74,95,70,82198
114,37,97,44,48821
19,49,55,53,275754
135,76,56,51,34937
11,97,93,82,52257
26,98,97,77,199701
155,63,52,80,1824
9,86,61,52,386664
52,47,57,85,179655
112,63,56,92,23534
41,57,36,74,136390
153,56,80,94,2513
142,81,94,51,9484
111,58,49,85,25194
46,96,97,46,54194
127,44,89,79,13799
91,71,43,90,32192
52,57,46,63,162867
106,61,54,88,46458
149,57,68,38,3527
15,62,56,42,284710
93,87,43,76,42890
53,59,44,46,52311
87,35,59,79,26558
10,96,70,74,53290
108,39,91,50,47557
126,66,84,96,5451
6,94,73,85,94934
123,73,70,46,22783
106,87,95,57,38438
28,84,58,56,74768
114,64,70,76,16566
37,66,92,88,169548
75,44,91,64,43588
76,82,77,35,20833
38,46,84,43,179456
131,58,94,62,2939
62,64,53,55,113911
20,89,67,72,72024
49,66,75,57,104998
115,76,50,55,37221
103,81,76,62,47828
153,86,90,42,2857
128,35,76,84,14687
178,82,73,71,6195
73,69,100,65,40375
78,67,100,61,29633
87,60,56,100,30879
24,50,70,48,242248
39,79,35,63,195031
18,81,61,88,144148
97,91,89,39,33266
93,76,62,46,24508
33,92,47,43,195132
110,83,44,63,30146
178,100,45,55,3016
49,43,77,72,76155
180,94,60,90,185
173,54,71,70,6749
70,77,87,90,14290
107,69,35,76,35536
25,95,79,67,65545
136,53,64,97,1436
138,60,60,48,36918
29,47,99,36,138353
64,76,76,73,53039
21,69,78,82,191105
73,67,50,39,85951
13,91,81,53,111280
61,44,90,45,175645
79,41,87,50,120783
136,83,70,43,2311
56,91,78,53,83652
42,98,47,44,179683
115,40,78,82,13783
63,63,43,57,109702
75,62,81,49,136161
6,36,85,69,322761
19,91,47,58,71438
114,80,95,97,2427
15,69,43,70,254645
13,77,57,83,55599
0,84,92,63,208193
143,61,70,60,2098
6,72,72,59,332787
49,92,40,63,57874
35,40,35,63,54430
11,90,40,93,59139
36,76,73,73,145798
173,87,95,44,7918
162,41,72,42,1870
124,77,76,60,30741
81,92,44,46,42148
20,76,63,48,137704
166,93,96,61,2384
132,38,86,40,20855
66,70,51,71,105472
88,98,91,55,36360
118,45,51,95,49902
156,55,85,62,6774
3,72,63,45,312050
163,91,39,50,3900
152,64,85,37,6540
70,37,92,55,150793
9,54,74,63,353200
93,70,66,53,33902
96,46,71,80,12078
144,38,49,79,40859
73,40,56,96,172152
143,80,96,92,7172
130,85,44,80,38779
159,95,98,98,7694
73,35,85,88,20643
92,71,92,35,43742
86,47,36,74,73991
68,56,93,89,27678
120,64,59,73,34609
97,83,87,72,19701
61,60,100,96,22899
105,86,96,76,18332
102,70,61,37,35004
125,69,71,48,46636
100,96,48,65,37318
4,52,49,85,218149
180,43,53,59,2978
135,55,74,91,5341
58,60,76,93,79924
157,81,95,41,2333
19,50,36,44,254504
98,77,62,44,24028
21,68,50,89,67855
92,87,76,64,43595
123,36,68,76,23076
33,66,64,98,130669
168,61,50,59,7999
87,45,66,71,42051
161,84,68,43,7123
41,73,64,37,121799
123,36,51,97,29074
70,44,89,54,172496
41,47,42,58,188926
32,94,60,78,139474
59,44,40,51,77834
134,48,67,52,48237
152,80,74,92,2609
44,88,98,86,173369
0,79,96,80,71412
118,83,51,57,41396
65,48,35,76,92920
166,78,68,88,1751
58,71,42,64,146960
118,83,92,96,8932
163,93,68,97,3839
136,57,82,90,6509
130,72,42,74,48280
78,98,83,67,30101
28,53,61,43,184607
114,52,47,66,33321
105,86,56,62,36550
79,62,63,99,31150
93,59,97,87,33441
164,95,85,39,6686
171,44,59,95,3047
9,54,76,97,192280
2,77,38,62,317032
165,45,66,74,3869
125,37,47,90,37442
164,48,70,66,8463
159,46,88,91,5743
169,78,65,41,3457
155,36,78,51,5750
159,57,60,98,2111
85,55,71,77,44173
65,61,42,93,120125
46,44,50,37,192998
1,99,97,92,120180
121,54,94,55,34925
152,81,74,85,1978
148,41,40,100,5347
138,94,56,84,2274
47,87,76,43,178769
62,57,38,86,181892
53,86,73,70,146333
115,65,67,43,38253
179,43,98,46,3267
143,43,68,41,48832
106,88,76,35,43523
19,72,46,93,184890
49,41,61,47,128739
71,52,92,57,141203
129,78,84,93,5160
119,68,65,48,30335
146,63,89,64,2501
58,87,100,73,15639
95,93,36,49,40966
147,45,75,38,12351
0,95,61,68,343043
1,57,70,44,347945
87,85,55,52,49141
22,90,78,86,108212
114,55,56,47,15859
74,96,54,95,26230
151,76,69,73,5314
169,99,46,35,2228
166,74,40,63,5526
177,57,42,36,7897
3,85,55,87,232487
157,67,56,40,1595
29,91,42,51,133306
91,66,82,43,37691
2,78,84,82,53081
77,52,67,98,17718
177,62,100,65,7517
67,45,57,81,105415
162,86,83,66,6879
165,80,96,66,5193
25,49,55,64,123597
179,50,40,74,9162
153,90,35,92,7995
74,54,73,38,154621
41,64,70,56,147959
145,39,78,39,18102
77,55,94,66,40044
66,47,40,82,165163
22,56,79,92,178039
48,68,35,56,55351
126,91,100,84,1535
65,46,39,44,144960
108,41,38,100,14629
61,53,75,56,98666
129,55,56,43,34222
172,35,49,64,5586
33,59,91,67,71588
117,50,61,60,16162
21,91,69,48,71334
112,41,44,82,13117
109,60,52,99,43794
104,63,39,49,24937
25,70,38,63,110326
21,96,99,80,142518
104,88,40,45,15888
64,41,77,76,171990
158,90,35,60,9177
28,69,71,44,158509
113,38,95,41,46810
176,95,48,58,3610
30,36,77,85,183647
115,75,64,79,21974
15,65,45,42,303402
87,95,72,89,42787
53,97,43,95,75786
175,51,86,85,7724
87,100,91,49,45428
77,36,61,86,142788
50,72,53,64,120128
73,47,61,80,114786
146,75,49,62,7705
32,78,89,43,145267
129,77,60,57,30357
60,99,75,60,81704
12,50,78,64,220609
67,72,57,63,83848
56,49,100,52,166196
60,73,41,60,103363
78,58,71,57,91888
129,64,95,46,11617
48,40,44,95,88880
177,97,38,38,6796
115,89,67,86,46171
149,90,92,59,3767
0,62,82,100,164998
105,36,67,83,12529
145,70,58,35,45351
20,63,98,44,145884
138,92,40,85,9969
76,69,51,37,135786
172,38,67,77,6770
36,95,36,84,187905
23,62,90,68,134560
160,57,42,67,4346
139,38,97,78,5244
11,52,73,67,253205
166,65,61,75,4849
150,67,60,65,3202
12,82,89,92,85580
46,81,78,39,170837
89,53,43,69,44721
26,80,79,46,175734
129,81,87,40,21997
21,45,74,76,74390
30,90,70,70,69452
107,65,98,64,42734
170,74,40,59,4421
25,56,76,79,110785
6,71,62,97,99783
122,95,84,40,46304
63,63,65,40,101873
151,92,93,58,9125
1,84,69,77,257173
34,40,90,57,93421
100,76,54,45,42251
87,91,61,87,12310
175,71,75,60,7731
97,37,91,88,48547
178,74,51,75,3624
12,98,86,46,65115
25,76,62,78,124196
47,84,45,70,73024
156,74,51,71,1688
71,87,57,88,40702
46,61,66,90,184375
178,80,69,65,4698
34,96,70,94,91070
19,82,72,89,163247
103,45,83,46,35939
26,59,84,69,130810
179,39,73,97,4911
146,52,63,51,6646
167,37,72,43,4446
124,82,91,83,6854
129,67,50,39,46276
62,90,66,49,173580
11,51,44,78,379931
155,54,86,42,5072
116,61,73,97,22069
72,85,41,67,77682
67,97,37,75,191215
174,72,40,96,9088
154,47,39,92,9132
155,71,71,41,2453
89,92,90,40,13022
87,64,43,99,31297
142,92,40,80,1346
137,78,71,88,1739
38,94,75,82,131741
1,58,44,76,246469
130,96,68,72,3997
84,59,100,70,21435
163,78,69,94,9557
174,50,70,93,7878
68,80,48,54,192719
5,56,42,35,347014
119,95,95,73,5688
49,43,43,68,117734
8,84,92,77,145681
28,79,91,56,103562
110,40,91,62,18598
135,95,35,45,49111
90,63,70,72,42077
12,74,86,58,98828
77,46,86,38,103766
54,97,39,37,82487
63,46,67,74,155896
130,60,72,68,36189
109,48,46,73,29944
107,96,83,93,41026
34,85,65,74,84212
141,92,62,46,8237
67,90,39,43,124719
123,68,74,73,13179
12,38,43,40,386309
47,71,56,84,96866
27,98,92,59,127127
108,92,66,81,13832
74,72,52,61,127805
41,70,68,49,114572
76,61,53,41,190732
0,55,50,83,209116
82,81,35,48,192591
86,81,94,60,10163
180,96,100,44,2840
106,89,77,85,44453
42,42,37,75,94455
145,84,45,100,8528
62,42,49,49,137814
109,60,99,85,48745
153,43,60,39,7765
17,87,57,95,160682
161,81,61,36,3056
53,39,37,48,119384
176,92,44,41,7844
94,72,71,42,28648
68,57,35,47,196532
153,94,84,85,5073
120,91,100,97,8122
75,69,87,99,20016
180,38,36,42,7598
124,64,77,89,1782
70,95,57,61,20333
175,95,50,48,7067
85,54,44,92,31276
131,39,72,46,49262
74,100,99,80,22636
9,53,54,63,338868
21,90,57,74,179398
174,97,72,43,8124
99,84,95,95,14633
117,37,100,70,44632
122,79,80,99,8784
108,69,50,81,34690
92,55,43,42,99481
174,76,45,91,8919
94,74,68,38,41993
47,41,76,99,53889
121,80,76,58,28252
137,60,36,95,3489
50,80,37,84,190835
179,78,48,100,5037
82,61,36,81,31129
39,39,48,57,86288
78,72,48,53,180395
32,67,79,73,184659
81,60,59,67,30369
119,63,42,83,21598
93,81,73,98,29595
35,48,85,89,68587
42,54,47,80,57084
80,64,82,51,35387
123,77,98,35,22050
108,46,62,65,49411
52,87,45,46,147838
92,97,43,48,10991
127,41,40,69,42694
155,57,44,88,1782
141,45,89,52,6145
46,74,77,99,64610
138,87,48,78,3482
31,77,67,40,130457
157,40,36,36,13081
60,35,68,70,50915
55,51,94,73,182565
132,99,52,96,6446
141,41,51,47,42651
145,57,56,59,8979
24,55,63,94,78789
4,100,86,57,138171
123,83,74,95,9280
134,59,92,95,2351
13,40,57,70,233730
172,78,43,46,8900
64,90,55,96,23332
90,36,42,46,129509
176,43,78,72,9028
2,36,37,49,201751
49,60,42,87,159550
4,80,73,66,257147
125,51,57,91,22891
175,49,72,42,9700
78,73,85,68,31795
19,47,78,79,187070
150,80,37,74,4805
87,84,54,73,13221
124,80,66,60,26683
7,95,45,93,134711
15,44,93,87,188716
40,39,37,62,188135
165,100,96,40,5882
145,96,72,73,8955
55,89,36,50,191922
134,94,64,69,6414
170,50,50,58,9589
15,66,86,36,338184
100,66,77,52,34188
109,43,43,51,17940
141,58,65,97,2535
16,38,41,37,228584
148,94,78,72,9214
109,95,55,37,35135
10,47,43,85,246529
87,57,68,60,22992
92,46,39,94,27202
51,89,81,62,167930
56,69,52,83,84819
27,98,41,46,172706
169,72,52,62,6823
37,93,66,84,125460
122,37,89,53,27053
51,63,51,53,140295
13,50,97,52,226599
100,74,47,98,17088
117,58,61,77,12697
12,95,56,88,69761
148,78,41,69,9957
29,92,92,55,183002
69,81,59,66,178779
12,46,83,69,321297
170,82,60,99,7066
98,43,66,91,35285
52,90,78,96,126966
6,86,79,39,326751
77,75,48,42,172601
168,44,42,86,9037
179,71,70,55,6035
174,100,53,58,6993
87,85,35,52,31106
178,73,93,45,6770
180,68,91,35,2166
151,74,91,100,4141
66,58,85,90,48727
43,95,60,99,133712
123,37,64,67,17792
20,49,97,94,110974
94,99,85,67,12017
125,43,65,63,36761
136,79,37,61,10415
7,52,60,94,337964
122,38,67,65,25941
142,73,65,66,2004
63,72,76,87,36274
78,86,96,57,25744
79,93,81,54,14368
24,99,56,49,54467
62,81,68,50,88080
50,41,42,35,179695
88,79,42,97,40916
46,71,97,93,160279
129,66,56,35,26809
135,51,82,50,35431
147,64,67,80,3723
93,74,61,79,14169
151,65,53,90,7398
64,36,73,46,110317
167,47,52,46,6842
43,100,87,98,99354
178,35,55,89,6103
130,97,97,63,1272
112,38,96,91,44376
65,39,52,77,117976
107,55,73,80,37876
87,99,50,62,26381
93,68,57,50,22584
95,69,97,54,49898
119,100,40,43,13633
86,98,85,71,15069
89,79,65,70,27117
15,87,65,69,173300
61,73,90,99,49934
156,42,64,75,3702
76,43,54,70,70492
17,91,42,76,90711
59,92,58,78,132023
178,42,74,67,9480
104,89,99,91,45141
141,59,73,57,3730
102,90,51,65,27401
51,62,41,52,175061
147,36,59,40,39098
156,43,48,79,1782
173,79,98,78,4592
91,46,35,78,41399
123,38,76,67,43491
98,36,44,48,12124
76,88,63,42,34027
65,84,75,44,70249
115,60,46,92,36521
12,65,51,49,285985
21,50,67,75,72730
68,76,75,41,106434
23,78,46,89,128800
153,93,43,80,1780
132,87,95,39,6577
128,69,62,85,32977
22,67,99,58,75096
162,95,50,57,8662
171,93,97,45,4670
80,42,83,42,170351
76,99,97,87,25970
66,64,93,59,70640
15,83,37,63,247338
60,63,55,40,64619
122,91,56,58,22561
155,91,35,60,8665
89,67,89,52,34405
9,48,73,70,220274
177,49,93,67,6583
67,88,85,37,116167
100,68,76,43,23294
96,39,67,41,28594
7,94,76,39,222459
4,78,99,36,255608
177,86,45,64,6805
121,49,94,46,46442
5,39,80,72,343423
133,48,86,84,4344
136,74,70,83,8603
30,91,81,94,82504
121,56,64,66,41699
165,36,98,84,9603
2,93,54,96,68878
18,40,79,96,53149
13,99,88,94,55965
30,79,54,82,178935
177,84,43,86,3696
160,91,65,73,1964
180,92,98,61,716
8,83,98,97,140736
149,36,73,91,3927
150,96,47,81,9886
154,65,56,66,2045
46,35,77,72,167219
141,37,99,78,7279
84,96,36,90,36835
144,95,41,68,9213
149,55,47,78,9094
24,89,63,69,85919
72,49,83,82,24603
59,72,98,49,133747
68,77,53,72,177257
105,83,95,100,15324
139,70,65,75,8655
174,90,63,49,5237
143,62,70,44,6806
136,48,98,91,7732
122,90,85,89,8012
38,86,97,95,131933
164,86,56,35,9907
53,80,100,41,117684
70,100,35,37,186192
34,50,42,55,118868
55,65,35,47,119060
83,85,41,92,13532
31,52,80,42,171683
25,52,80,36,60218
174,83,92,42,6397
97,59,78,63,10996
6,59,42,37,247390
67,66,41,48,170225
11,71,61,68,209001
63,82,51,55,184414
25,67,46,56,150297
97,79,41,97,19755
39,95,84,44,194152
139,35,72,71,22730
112,46,71,46,15687
100,73,90,90,40202
106,66,67,58,19405
1,86,35,86,217758
123,38,42,81,41050
139,68,98,62,8976
83,81,49,55,45887
166,66,40,52,5971
8,47,61,42,244212
65,38,48,59,81400
133,39,55,83,12966
36,87,83,44,110625
147,82,45,45,8411
38,35,98,81,129706
135,82,53,100,8743
95,96,87,57,41094
28,39,74,66,136786
9,96,74,79,102818
88,80,85,45,16349
178,39,62,67,3177
117,44,90,49,24874
154,55,65,95,6247
12,74,49,93,148966
63,88,42,62,132502
140,76,65,47,8287
49,56,74,86,172337
136,66,37,98,3296
76,70,44,52,92718
0,65,60,72,255990
75,77,77,85,12873
59,39,76,36,53515
139,48,81,88,9157
34,81,51,37,109324
75,41,96,63,46473
124,52,36,82,38682
25,53,93,47,69973
39,71,99,86,184373
40,96,64,72,81450
29,43,50,69,174763
75,85,43,63,91172
144,67,68,52,8521
101,86,85,84,14655
44,100,79,53,98301
86,36,72,94,37210
28,94,71,46,139423
84,71,92,89,36132
116,42,55,93,30820
31,92,60,47,60400
30,99,88,49,96419
179,77,46,39,2157
4,96,79,73,120389
133,50,66,59,11709
53,61,47,65,138692
30,96,71,56,149680
172,49,96,82,3551
28,60,56,38,232032
68,62,69,76,111855
92,80,58,82,17057
10,56,92,77,138431
133,69,37,77,48177
2,79,79,71,304836
49,98,51,38,99159
40,56,61,92,106965
158,93,38,81,6853
170,94,62,97,7904
94,84,51,44,30783
149,98,64,54,6645
14,77,91,53,178436
39,57,56,65,55391
53,58,55,72,136341
141,64,41,38,15496
82,59,59,53,151546
93,49,82,63,14578
160,73,74,57,6629
61,77,98,76,40515
93,67,44,54,10062
131,49,49,97,35518
144,83,51,46,8690
153,79,88,99,7681
58,77,45,81,165611
27,69,41,61,159466
105,81,39,71,31849
117,76,97,36,30822
127,85,52,69,32112
31,71,99,51,156861
35,61,82,73,154869
61,48,81,77,184232
165,93,82,47,6650
139,94,65,68,7824
150,50,65,89,2908
169,57,72,57,4317
86,60,74,37,44764
177,61,78,89,9906
142,78,56,96,1880
178,73,56,41,5657
73,46,96,72,25354
66,75,36,91,84106
157,95,83,83,3910
144,92,54,88,8225
3,98,43,69,337596
155,61,84,79,6601
13,63,94,63,119688
120,95,94,100,6170
9,85,82,91,199739
56,46,68,100,89420
20,52,80,41,373989
19,38,45,40,314022
134,79,64,62,3405
55,35,94,82,172907
97,65,54,93,32044
27,76,98,60,89946
143,70,63,63,1923
95,61,45,79,21463
176,87,86,66,5850
55,94,59,84,70713
6,40,86,52,358442
110,71,44,55,49861
117,47,100,100,17825
34,66,59,58,180875
25,76,73,75,114007
17,92,35,58,225424
62,52,54,60,63533
100,73,57,39,29060
172,56,67,47,9519
101,80,92,62,22416
142,41,51,89,3166
55,48,90,66,105017
124,59,58,47,32620
157,41,47,41,43477
21,93,48,55,96609
47,60,73,71,197133
113,96,62,45,41259
30,90,90,63,67284
118,69,47,79,46424
158,50,88,81,3735
49,53,77,87,189320
8,49,61,93,397804
5,73,50,85,212060
81,35,47,40,160099
101,71,38,48,48976
55,67,54,40,173400
54,66,52,71,195856
135,39,62,94,43122
79,51,85,89,15218
63,65,93,85,27218
17,61,66,80,176633
66,65,39,81,67065
0,90,45,75,344163
122,65,97,97,6627
142,91,36,63,9488
85,75,45,73,28126
98,38,65,64,41164
92,54,48,78,41249
176,92,55,88,6385
107,79,89,55,19795
179,40,59,99,1253
162,37,74,98,3646
89,68,86,58,24845
125,72,87,90,7379
142,48,95,99,8085
13,71,66,36,370385
110,50,39,50,18299
79,45,42,87,137355
6,36,65,45,373288
64,95,91,67,44955
42,39,97,52,133075
177,54,87,54,1027
76,69,52,67,93235
136,60,35,59,24423
157,76,49,100,8694
98,44,91,60,36119
64,49,76,36,111330
45,83,92,71,141928
102,68,73,46,40383
109,94,48,60,14315
0,44,69,87,389356
135,36,54,75,23162
28,97,36,74,167672
171,85,87,47,9441
155,74,55,96,1288
180,64,73,45,3927
142,83,68,99,3185
78,76,70,79,20575
9,48,52,88,214955
59,47,45,37,172439
56,47,83,69,98940
103,42,76,97,35030
128,93,95,83,4325
18,89,91,97,173900
149,42,77,59,7937
2,55,46,61,348727
128,77,88,88,7078
116,47,53,92,23343
105,83,48,80,20843
19,59,95,61,169620
48,51,37,90,100357
135,89,76,65,3368
4,39,68,35,344189
9,72,42,59,230812
177,95,71,65,1340
133,85,49,68,8615
173,59,72,96,6697
84,57,67,96,31530
60,63,81,72,147104
71,95,55,57,101891
145,78,86,96,7487
8,79,70,80,139291
153,97,76,94,8192
143,99,66,82,4303
119,68,84,86,46433
95,96,90,80,29494
38,91,62,71,63145
122,61,79,49,14975
140,77,88,57,3759
116,73,96,88,4405
129,37,53,100,16444
141,41,37,35,48323
60,57,47,95,194891
171,44,65,67,8063
12,53,96,81,117102
146,76,45,74,4536
97,73,42,68,19129
175,49,65,81,3083
153,86,58,40,4910
51,62,79,73,132570
113,84,68,69,21718
22,35,54,66,286113
113,54,55,100,11406
140,80,58,60,8200
40,35,43,93,141256
87,77,60,73,33904
142,59,87,44,2743
145,84,63,51,8481
3,87,38,47,269809
52,90,89,67,81137
68,92,70,47,183979
134,91,43,60,40560
54,57,90,60,163267
74,83,86,100,30751
92,54,38,84,41724
137,38,90,100,1219
139,74,79,70,6553
53,73,40,99,148827
0,70,72,82,350446
2,84,85,79,140861
173,45,90,35,7685
59,75,86,54,129981
29,79,46,73,167825
121,82,47,96,45345
146,61,45,64,8610
135,97,56,54,2170
38,72,84,40,138089
176,54,59,42,6530
127,55,47,81,14166
140,58,73,91,5411
52,57,78,96,128924
111,72,92,48,49864
55,75,39,50,81051
16,65,46,42,234060
118,57,39,37,47502
41,76,59,58,128261
166,94,80,95,4501
149,99,46,42,1267
80,94,55,43,31110
27,76,67,80,114319
150,87,99,89,3470
121,53,38,41,48300
111,42,79,39,16718
73,77,51,68,145659
151,36,42,65,14395
162,92,38,56,1208
14,54,65,88,87621
173,48,38,41,1294
76,70,85,70,21995
31,70,69,81,105236
133,46,73,96,3631
108,52,39,41,38458
120,79,65,53,48371
43,69,77,52,170636
171,87,90,68,3771
150,84,70,97,2706
38,77,66,47,97115
160,48,47,82,3108
62,91,71,38,108599
110,96,50,73,30327
81,50,81,57,19593
119,92,100,91,8114
4,81,48,82,223080
178,71,55,42,3184
139,59,55,80,8393
25,59,74,66,57229
28,53,84,54,53023
96,43,68,75,27700
67,98,85,93,26328
126,78,79,86,1546
12,80,70,38,280700
42,61,100,57,149669
81,90,86,88,33695
66,35,60,94,137533
43,70,43,41,195950
160,88,85,52,7169
50,96,39,44,141566
39,49,53,71,147054
79,98,89,94,46985
177,56,78,42,7688
29,44,74,47,197428
170,89,85,53,3877
168,46,38,46,1013
15,46,87,49,318784
27,42,94,40,153102
121,43,86,88,26083
78,88,70,60,45824
168,45,97,61,7182
20,40,45,80,332510
74,85,42,77,45700
33,81,50,69,191539
86,89,82,38,14882
59,76,48,67,134533
179,71,42,65,1034
152,37,49,55,24905
166,61,48,70,4117
137,58,44,92,6955
175,53,50,85,8497
15,36,73,42,246172
2,86,61,85,307964
50,74,40,83,184829
174,86,66,65,4237
54,37,82,47,113994
127,92,76,75,5345
142,60,46,53,47320
98,79,70,66,41876
59,76,85,52,50454
21,69,56,61,100561
60,60,41,99,65651
148,51,76,78,8410
49,56,84,70,88468
2,99,88,86,55141
32,55,35,38,232424
133,62,46,82,34364
32,55,92,84,56144
31,35,58,53,350623
171,40,46,68,1102
65,54,90,81,66694
56,85,98,37,109481
168,84,37,62,5569
133,39,89,60,36618
53,96,99,87,19748
83,38,61,79,35437
86,63,91,55,19696
81,61,74,65,45079
124,69,64,71,35231
13,36,80,39,257900
44,94,49,76,68817
156,59,56,96,4256
32,67,90,46,184203
64,58,91,69,113660
140,66,89,61,5695
2,35,97,79,295317
42,46,49,72,113805
34,50,98,49,133167
63,92,74,91,38051
164,66,50,39,5151
90,77,94,84,18275
140,53,72,61,8529
35,39,85,82,117610
58,88,62,42,94046
28,54,99,41,114673
9,82,59,75,84893
138,46,76,87,5818
156,79,57,94,4573
59,55,93,74,62516
152,50,67,56,9002
42,86,97,39,157883
24,72,87,50,182831
92,44,89,48,47222
83,88,90,91,30200
148,59,100,100,5295
111,39,56,74,29109
70,52,59,55,177070
109,83,76,86,33260
117,80,77,97,2689
24,38,94,77,149590
144,40,76,78,3708
1,47,66,63,311221
89,51,49,94,25086
171,67,44,81,1584
21,60,69,67,136537
165,53,41,46,4487
26,91,88,41,174237
36,84,43,39,101891
29,94,37,86,92651
166,89,59,48,1468
10,81,61,38,252146
104,68,74,52,23819
18,49,46,69,225123
139,50,78,78,2466
157,50,43,80,6854
17,78,73,100,50633
66,81,87,85,10428
175,56,46,89,1044
91,97,98,78,46622
123,51,95,60,35331
88,38,61,76,22501
151,53,75,47,5062
65,98,46,63,108780
29,47,36,67,280643
73,91,36,97,45595
143,94,90,37,6299
15,80,65,35,221942
29,50,74,51,174921
98,60,69,49,26014
116,38,99,59,10482
135,83,51,62,4589
54,35,86,74,129443
143,50,49,75,5953
9,94,46,71,383565
152,87,64,93,5030
98,52,39,50,12899
40,94,69,61,120923
160,58,60,47,6395
177,68,64,50,5783
136,88,65,53,8329
61,50,65,86,50449
126,58,95,46,49027
114,48,68,54,27214
77,69,97,82,21246
30,92,55,36,55382
90,56,38,79,49903
84,44,58,91,44287
131,82,92,35,6927
47,87,40,48,86598
61,70,55,59,166250
77,38,42,95,113403
130,83,62,91,5236
168,63,77,84,3103
144,63,90,86,4957
1,67,93,73,220022
34,65,65,60,50747
48,94,84,94,84676
174,36,97,97,1306
69,76,42,60,55045
73,72,90,99,30927
34,99,37,89,140879
80,61,59,93,28899
38,88,85,64,165653
26,39,60,70,99034
105,90,57,37,24833
43,60,44,91,136351
171,36,63,36,1863
110,98,39,85,36827
135,37,56,97,37931
44,55,61,41,125493
106,81,82,77,36649
69,71,84,78,37774
118,35,69,74,37057
65,46,75,94,100463
147,81,52,94,3227
50,64,84,93,84334
169,67,99,53,8566
65,37,94,77,121220
69,57,83,49,96700
174,43,100,84,9190
92,76,80,92,26640
93,35,75,82,32994
98,67,76,42,31611
111,64,94,44,36559
163,50,37,61,4015
170,57,73,72,8587
141,91,81,85,7802
29,50,98,94,54517
49,53,74,81,123540
173,97,81,36,7322
127,36,71,71,12488
149,98,73,56,8612
49,95,96,74,188915
106,73,50,90,34694
155,69,66,86,2838
148,66,68,86,5433
10,35,74,35,315752
117,83,46,99,40146
110,93,51,40,45387
55,46,55,100,152270
147,98,54,70,7461
23,43,92,83,126001
180,45,40,93,7066
176,81,79,83,5313
8,42,83,86,343853
25,46,98,60,62376
119,69,84,50,15714
167,40,51,66,9599
162,87,49,71,8576
84,57,89,41,35860
82,40,44,84,125259
112,48,47,55,13466
5,70,89,68,85654
173,71,94,52,7484
141,50,60,85,5682
95,97,67,94,33434
147,68,94,92,6685
113,94,45,100,43240
51,78,49,66,133013
106,35,54,71,10359
178,36,51,84,8889
144,65,90,65,8971
18,95,66,38,152724
116,81,75,35,15545
22,47,95,64,111613
85,77,49,64,38091
151,59,87,92,2537
64,79,78,60,106654
105,86,36,100,12441
45,92,47,85,79007
82,92,96,57,17165
158,42,59,88,3262
138,79,79,94,3172
174,95,82,42,3099
80,42,96,99,33181
68,82,46,98,18179
123,64,42,100,46556
162,46,44,36,8542
134,54,94,42,32617
57,42,64,88,189957
123,63,87,65,23724
43,56,46,64,116426
106,69,82,85,36255
47,73,35,50,100707
159,36,93,93,3308
166,78,75,96,7218
25,85,46,81,136384
21,88,87,72,87400
102,48,69,72,12493
100,38,63,67,25494
80,38,99,43,199787
61,36,38,42,129486
146,62,39,77,5464
11,67,87,65,130536
134,59,63,55,11079
22,40,69,39,294459
61,74,41,52,123427
97,57,53,44,49089
33,85,85,99,142972
112,76,93,83,37030
143,81,76,59,2901
133,48,60,48,32839
106,63,91,39,20288
103,95,83,83,18289
68,51,35,95,143089
124,95,84,67,2239
116,88,100,93,2196
24,37,91,36,384440
33,93,56,86,153664
13,76,49,86,161343
34,95,82,81,115735
45,56,66,48,181574
117,61,52,63,37294
130,65,37,52,44941
85,79,46,73,45761
18,80,87,39,198569
147,38,37,95,3418
108,84,88,90,10372
129,48,79,78,25263
174,35,96,37,6478
24,64,92,64,187898
124,57,98,93,6263
80,61,51,36,96198
163,57,79,85,3379
80,75,45,45,84766
153,63,60,57,9138
131,95,67,89,4779
7,55,94,50,229357
65,57,68,98,195215
155,39,69,43,9741
82,75,94,41,48989
38,64,36,72,169620
27,49,63,64,50043
94,69,60,87,35606
12,95,75,83,117869
128,58,54,88,26127
135,67,94,35,4838
122,56,38,86,26994
177,50,92,69,8883
99,80,88,38,29629
78,51,38,41,165365
35,90,57,62,168304
38,56,95,93,153665
109,95,47,90,22218
49,73,75,93,71180
177,89,38,50,5594
154,57,47,89,4559
78,94,79,92,22607
161,38,46,86,3515
15,54,63,53,295155
169,71,53,86,2598
97,41,89,43,16354
100,81,58,100,33580
139,83,99,42,2658
53,53,62,44,130560
49,52,44,100,125784
126,72,41,37,36265
134,74,80,61,3021
117,72,54,87,39109
85,55,74,87,12287
53,67,99,57,191365
2,80,84,52,311362
105,37,48,42,41581
18,40,82,90,199829
60,82,65,76,118596
39,89,55,77,68893
57,72,49,95,196468
10,69,76,76,86915
100,62,44,36,45201
80,97,72,100,21315
154,87,73,71,3272
28,72,82,47,102408
4,61,45,69,370449
107,87,65,49,46582
5,37,57,61,385977
133,67,37,53,43170
154,84,71,92,9105
47,85,100,79,162539
57,44,72,62,77148
144,81,53,73,1382
94,59,85,99,43393
165,100,51,70,2715
13,51,62,40,329416
138,81,86,57,2492
166,39,64,59,4275
66,87,84,49,131311
123,100,59,61,20714
86,43,95,70,25114
38,41,47,81,117148
116,40,38,77,36648
72,59,75,46,63308
162,90,84,78,8533
5,65,82,40,212324
114,55,86,68,32706
148,61,62,38,8019
168,87,82,73,7372
48,98,89,84,69350
8,58,63,41,284369
27,77,75,97,152940
172,51,51,65,8049
101,61,54,80,31060
159,96,99,54,2586
78,66,93,89,31211
27,51,68,94,85515
90,43,86,70,24710
10,66,86,73,118442
63,61,74,83,149706
122,82,99,68,5864
41,94,52,40,137206
54,53,72,37,188100
114,54,100,39,36392
52,46,46,88,134202
18,41,43,38,247286
22,99,38,43,125817
70,60,55,44,84313
99,46,53,77,19095
179,36,73,88,2703
156,49,60,82,5707
168,67,46,84,1202
52,84,64,65,130462
52,90,67,65,78950
100,79,69,99,46738
9,62,38,91,276995
22,57,84,35,176820
23,78,99,79,183484
165,90,85,64,2000
68,71,55,40,97938
43,89,86,99,195331
158,40,43,46,9257
63,77,94,65,26328
167,56,69,99,1763
70,84,74,45,130844
40,38,37,68,130459
52,72,38,52,135275
73,39,54,89,101391
146,36,95,92,5753
172,57,84,38,7155
28,40,58,51,357727
88,87,60,69,35114
135,69,52,57,22637
15,65,95,68,182224
72,79,92,54,18363
137,80,91,72,9463
166,61,40,63,1295
70,89,60,60,104517
24,76,82,36,62891
0,40,74,70,296512
14,99,59,96,117654
33,45,72,43,143100
55,69,57,58,64709
3,74,86,94,88561
158,65,66,70,7741
146,79,69,72,9873
14,90,94,42,120371
100,57,56,70,13238
91,72,78,70,39973
150,41,41,55,45661
41,41,53,46,78680
128,86,77,49,43379
81,97,56,56,41709
60,96,40,47,123399
38,67,35,48,85748
36,48,56,65,96673
73,58,58,66,64005
33,80,66,94,160894
126,75,68,81,2295
115,84,43,84,18883
130,74,35,89,44054
140,90,56,50,4349
5,35,36,100,239972
16,51,40,35,354385
136,66,51,53,30620
0,72,72,70,264713
98,60,82,74,48599
147,36,73,95,1883
56,99,62,47,110336
148,95,74,45,1602
12,74,67,92,143277
47,40,71,73,122940
164,73,40,52,6056
179,45,40,58,4137
34,36,46,36,341090
92,39,93,67,47478
30,53,59,97,176370
52,71,77,37,60798
57,37,91,58,174893
68,57,78,88,38570
122,52,74,51,21242
180,70,98,86,948
24,78,74,78,190719
112,76,69,45,29627
19,36,67,70,260809
172,92,59,69,4001
88,43,79,56,26630
141,86,82,85,7796
32,37,86,70,130946
175,76,66,77,2507
4,46,97,61,215522
127,62,81,81,1098
112,51,70,71,44786
155,99,65,61,4111
139,61,95,59,1359
14,53,49,49,203574
96,85,47,93,40714
12,91,88,74,192435
30,87,47,58,95357
126,36,88,62,29928
81,56,87,74,27326
45,92,61,36,157804
5,54,52,56,370985
120,40,55,98,17943
17,56,88,69,167101
44,87,88,91,51103
47,76,57,88,127497
172,63,82,66,6169
136,80,40,79,5248
94,91,60,40,37231
58,94,45,81,135930
166,61,74,70,1068
73,97,66,74,18871
91,63,56,100,46130
26,97,64,63,108530
36,60,38,44,142051
112,94,44,64,27994
143,41,57,74,1000
44,41,75,36,190560
136,45,78,90,1078
174,93,94,67,8095
129,36,94,54,25441
157,70,91,51,4011
72,67,91,79,26565
159,93,42,94,8950
126,65,98,39,43961
105,63,48,86,30660
12,94,82,60,159470
114,70,61,38,43482
119,39,85,100,45879
119,61,88,43,24602
134,64,71,79,8499
175,44,47,94,7972
27,57,83,64,128024
97,60,68,36,27199
69,58,48,64,183881
104,80,96,88,25082
57,56,87,36,55424
140,69,55,75,1583
156,87,38,38,9282
36,50,89,62,96714
59,38,73,63,106848
158,46,45,80,8071
10,61,40,89,273832
5,64,52,73,204429
142,84,87,70,6848
8,95,58,95,117786
127,82,69,65,31091
124,49,100,61,31058
26,66,92,69,84982
50,97,42,56,55185
167,80,44,35,4895
42,69,99,78,140105
83,79,69,71,11600
174,89,68,55,6913
13,52,69,99,80223
60,55,60,81,170307
102,52,75,54,32396
102,52,100,70,14677
162,90,44,67,1847
39,59,80,49,96055
73,51,48,62,55880
71,42,63,75,89989
7,38,98,92,68472
40,93,36,45,71755
115,37,86,46,30477
171,90,54,95,6032
139,43,59,43,26620
108,47,47,41,44443
168,61,65,98,5407
33,46,54,70,191424
68,97,77,46,13894
101,81,96,97,33105
140,100,98,84,5685
30,43,99,89,148286
28,73,46,68,99899
57,97,93,40,101747
31,93,88,68,70138
175,84,63,40,8232
135,60,56,50,45785
144,99,87,94,5382
125,56,59,63,29777
13,84,59,58,207938
78,79,44,74,17721
26,96,40,72,115300
114,99,69,80,27269
97,85,53,82,39539
112,83,62,88,32251
39,84,39,72,130560
78,89,65,64,46673
70,91,63,64,49122
21,70,87,91,143314
56,64,50,100,161004
154,79,97,52,5181
23,91,41,46,133664
99,94,91,54,25540
49,49,50,96,161595
134,98,97,49,5614
52,56,55,49,63757
151,86,52,71,5682
5,67,70,55,283550
179,52,51,43,4868
131,46,96,65,11835
19,40,79,93,66464
78,59,48,92,38574
108,61,75,86,27587
35,84,55,81,158272
71,66,40,68,137971
33,50,78,69,195338
57,61,75,64,116976
95,82,79,88,14862
96,66,70,41,16101
24,45,37,89,78394
43,82,37,89,108952
99,77,92,91,23809
15,94,89,80,123002
0,97,77,47,350508
160,38,67,47,2924
7,77,98,55,139398
62,95,65,79,20903
62,79,62,67,167518
155,93,62,74,5427
86,64,43,92,38521
12,76,53,98,63187
25,85,52,77,168206
39,57,93,40,153658
99,42,44,53,40871
116,67,82,39,32116
174,96,44,74,6133
173,44,80,89,8915
79,48,64,38,105078
130,90,55,56,15187
22,38,72,59,300794
129,92,96,71,4041
78,55,93,89,43917
83,99,37,94,19765
101,65,59,62,39174
115,35,95,37,39546
47,48,48,76,124358
176,74,57,100,4836
170,97,56,89,6136
54,91,90,73,167121
59,64,63,35,157469
9,47,97,62,213488
133,50,59,46,33721
155,63,88,54,6119
32,43,45,67,77177
110,93,93,59,13953
107,61,49,75,40543
148,91,35,78,5657
18,97,36,52,305613
151,96,100,58,9141
0,80,49,42,352476
29,35,58,58,359847
130,99,91,56,5726
117,45,45,100,11461
8,54,43,95,381134
60,68,56,86,145203
76,76,48,49,90992
130,41,80,83,13495
40,87,90,60,84276
1,84,35,62,309161
119,92,92,44,35742
17,73,97,46,70349
169,99,69,80,4215
148,89,47,40,4187
156,36,83,83,8169
131,80,67,44,40524
102,91,86,86,15203
31,86,62,60,86262
145,45,96,36,9800
111,48,43,41,49958
56,99,54,91,62085
173,72,81,42,6086
18,79,68,78,103247
6,55,78,59,384110
129,98,87,87,2895
150,42,69,57,3349
70,36,72,70,141571
124,90,52,72,10137
25,93,35,49,90929
117,74,41,70,30783
148,94,49,41,9892
8,87,80,100,61347
108,56,69,37,16962
20,63,35,55,365998
68,91,78,62,44147
172,96,57,36,8236
66,43,90,75,53413
19,94,75,70,54419
161,49,98,76,3973
99,47,65,54,48721
143,69,96,73,8968
116,66,86,55,15678
134,66,38,72,36360
81,48,86,35,76256
159,74,76,65,4685
38,61,87,82,75936
133,91,40,75,5483
8,61,80,87,153607
125,42,48,91,14636
130,49,48,45,48268
25,99,59,96,189924
50,88,41,45,148137
22,54,92,78,174088
109,56,42,47,48790
28,79,43,40,62832
28,66,55,91,107148
74,94,70,57,32270
86,51,47,40,174659
170,76,77,59,3994
66,90,97,49,48911
45,52,44,39,185589
171,35,87,78,1792
42,63,76,93,179618
50,78,88,89,125516
11,66,35,35,294487
76,83,51,59,30481
106,64,71,93,23996
175,56,77,99,6778
63,43,73,77,159729
62,82,81,51,179579
150,74,46,85,1704
78,82,58,95,18244
48,74,58,100,57036
33,52,58,35,100860
152,44,75,41,3866
92,60,66,84,10118
39,67,49,57,53176
140,56,98,37,5114
48,85,73,48,181739
158,91,79,40,6112
41,37,43,37,360026
50,48,83,38,135191
138,95,86,67,9553
171,66,36,41,7923
66,56,73,48,197689
76,50,52,81,135450
50,73,51,94,134741
45,67,89,67,95718
36,80,61,97,156883
57,49,92,85,189498
59,68,100,63,136532
91,36,37,75,29517
112,82,39,38,41824
49,42,82,47,135273
178,69,81,98,716
26,80,68,97,81479
93,77,58,51,21515
43,100,95,74,97382
134,90,96,61,3429
42,88,73,76,50029
169,83,49,77,3131
41,66,82,59,66586
23,69,70,100,165933
167,41,86,77,2747
132,58,76,68,41190
72,60,70,51,127811
5,68,87,71,183779
138,74,90,55,4071
99,80,66,38,14582
153,65,95,51,3989
7,64,52,91,387911
25,55,82,85,76045
70,77,36,55,185171
52,60,45,83,96330
75,76,62,74,35905
172,48,63,74,3121
114,87,61,88,39155
170,93,60,92,7765
135,94,84,72,8429
140,66,71,35,21904
54,58,45,60,164129
9,87,82,60,122062
56,98,75,75,171947
120,78,77,57,45288
170,56,52,97,9768
13,85,81,49,157117
144,94,50,99,7775
142,66,71,40,6227
10,59,99,40,250462
15,79,45,39,399819
137,37,48,85,37416
18,94,87,88,187975
105,67,61,51,49233
151,58,68,62,8566
114,88,95,41,47551
124,70,74,76,17532
21,84,69,60,67544
71,99,80,61,40081
141,79,75,36,5997
7,40,91,62,310805
169,74,77,43,8165
3,81,72,80,124254
108,69,94,89,12671
39,39,53,95,166727
178,68,72,78,3254
105,58,98,78,29725
158,88,39,64,3253
126,68,91,35,42320
169,71,61,90,7118
134,55,75,87,2758
59,85,64,35,113868
151,59,65,86,7544
33,62,54,47,170907
172,49,92,67,3339
91,91,55,40,44936
130,62,72,82,4806
108,75,90,57,45651
164,89,93,56,9618
4,91,95,88,192458
93,57,68,71,23139
27,80,68,77,154971
33,68,80,64,171085
17,36,89,70,66751
65,79,59,80,57738
87,66,44,87,28141
7,98,67,50,372755
98,69,43,73,29213
55,77,70,61,119363
123,55,47,36,32403
67,97,95,51,11925
170,100,93,57,5694
38,67,84,51,139253
5,57,85,36,342567
164,57,38,47,9590
51,78,40,57,111350
120,79,53,96,11822
94,98,53,66,38376
4,56,67,85,390632
116,94,66,53,23292
90,39,44,77,40138
138,76,61,38,22403
144,100,64,67,1564
47,55,71,79,63866
6,75,91,62,62729
128,79,78,70,3217
14,53,36,42,360165
10,56,74,87,77284
102,53,48,42,29973
45,66,73,86,69001
126,95,100,96,1902
51,85,56,75,147301
100,82,53,76,27327
152,38,43,70,9340
99,78,89,40,47821
126,85,73,95,4954
17,92,57,62,81982
82,93,61,94,26847
105,89,85,62,14037
20,74,94,72,138842
97,54,92,69,21371
35,53,84,38,67102
36,83,98,91,122578
50,90,57,84,152397
57,59,64,38,87002
37,55,81,38,138178
67,89,81,70,22029
149,80,49,55,8720
11,84,88,91,166354
147,72,58,59,7337
138,95,85,57,6674
155,87,41,97,2263
70,83,55,74,48753
103,82,42,36,20828
66,37,90,93,91922
155,64,45,51,5343
110,73,64,50,24353
128,81,73,79,2954
107,83,53,94,45493
24,64,61,94,69511
81,45,59,56,94700
88,90,80,59,15615
5,79,57,67,248202
3,64,62,37,301934
19,82,81,54,179975
12,64,50,94,65242
124,62,100,67,2053
83,85,35,72,10941
87,98,99,50,37396
132,56,91,67,1846
146,97,81,53,1374
40,71,45,80,123536
49,38,99,90,140607
70,76,41,73,107151
166,50,91,52,3941
152,65,67,68,6000
18,66,46,62,277652
148,75,66,49,1367
85,78,70,50,27804
114,78,44,37,44027
153,39,88,91,9149
66,82,71,45,68502
149,44,89,98,3994
17,69,74,61,171051
89,94,50,58,29660
159,77,96,70,3291
10,47,63,88,375288
161,53,76,65,3416
117,61,85,83,26470
110,97,38,91,26167
140,59,41,40,11759
36,63,53,94,88753
132,81,61,75,6248
79,74,38,70,81412
138,92,52,57,4435
68,82,75,47,115091
173,49,55,63,6577
83,76,41,39,140374
46,62,61,92,199889
149,52,45,57,7942
126,55,60,93,47936
122,70,76,92,5207
97,48,61,89,10176
116,59,80,76,39052
81,98,67,100,16694
133,41,81,80,3626
52,69,97,73,173765
141,54,52,72,8845
97,57,95,92,21551
78,45,78,73,36078
68,38,41,86,67569
27,39,49,67,306459
47,62,62,69,111891
26,79,44,48,99838
76,87,100,84,35512
40,81,79,99,78843
56,67,97,87,58518
170,87,48,85,8548
164,79,45,99,7833
32,67,100,67,86601
151,47,41,69,3322
97,68,60,87,24517
98,57,97,44,13037
102,67,93,99,28080
118,95,50,98,26571
114,48,80,71,22773
133,45,44,52,13943
122,37,64,85,36002
10,59,56,79,353250
56,86,89,98,39648
89,37,70,94,18311
158,41,79,74,8029
31,80,51,89,104846
43,68,35,62,90641
70,40,94,75,86943
82,60,49,68,40221
101,46,71,66,35736
121,71,43,53,36470
63,42,46,71,103775
104,37,42,45,47449
142,57,46,37,16690
128,48,67,85,36948
86,50,75,48,26412
141,41,78,43,40029
82,87,81,50,31247
164,57,65,92,9533
124,38,56,91,48942
96,88,54,75,17176
175,57,67,67,3500
52,55,98,66,135183
168,80,56,52,2123
118,59,53,55,37359
49,58,95,94,89260
178,84,91,48,7679
9,79,88,45,323104
92,100,75,89,38660
47,75,92,73,173463
137,87,94,84,4183
24,60,72,78,87729
16,87,70,52,99419
138,60,75,42,15590
118,39,71,81,11413
21,63,63,53,134519
46,94,74,61,100660
12,45,59,77,208776
27,63,69,35,145405
102,58,53,53,47536
52,89,86,75,144786
171,46,68,81,7218
32,47,77,46,157030
81,94,54,88,32994
101,68,76,77,24045
52,44,100,58,51093
132,64,37,60,41947
161,56,81,93,3248
101,87,80,89,34721
16,74,71,65,162126
115,53,87,76,26867
2,70,93,42,351988
36,71,66,67,119968
60,88,72,84,10652
27,50,94,47,146638
151,80,85,79,2450
78,35,62,50,112395
100,50,77,58,25130
162,68,91,79,5364
119,78,63,57,42751
81,82,96,39,32356
160,44,55,52,9477
99,67,86,47,15636
63,84,40,71,125083
11,92,92,47,162528
67,41,70,52,156696
79,95,72,98,12669
49,70,40,87,164168
125,93,89,56,8588
79,58,58,44,171309
76,44,92,39,74240
127,53,86,99,5703
115,73,35,56,13021
107,57,53,61,37409
144,89,64,87,8325
25,55,90,42,152559
171,90,45,71,4719
129,40,66,53,31866
100,52,74,94,49079
65,56,71,67,116835
167,46,83,68,1866
102,87,94,100,44075
179,45,77,82,2721
141,88,36,76,7903
134,43,67,98,3439
58,43,46,92,163456
43,45,50,100,73717
170,93,41,60,6579
158,58,99,90,4481
57,61,72,81,158410
20,46,59,77,154114
88,58,43,56,44108
87,99,99,48,23039
92,54,79,73,31843
80,64,98,57,25254
31,74,72,96,93995
84,88,75,86,31458
173,84,85,53,3115
48,57,39,98,121968
75,93,86,41,38202
47,76,96,54,127261
40,75,39,67,53070
171,44,95,45,6330
178,49,39,95,5748
44,57,50,70,177735
137,79,37,71,24599
0,99,64,71,291731
27,89,96,49,95152
127,50,77,55,35438
95,77,41,41,30153
118,53,61,54,11891
109,65,36,95,46840
97,93,65,90,12756
163,64,57,73,4656
83,71,100,93,39521
13,85,44,83,50095
88,80,93,99,19013
120,92,73,91,1974
96,58,85,35,17629
10,39,93,46,216474
179,99,42,88,3660
169,100,69,56,2574
4,42,96,85,217441
40,54,61,50,143384
6,55,79,61,235788
129,47,53,88,36861
137,37,51,44,16194
177,35,54,97,2906
41,88,91,80,76805
131,97,55,35,29478
15,48,36,41,285581
69,46,58,56,98941
84,64,38,72,14583
43,59,90,38,75297
172,47,53,43,6087
99,94,96,67,43020
30,96,79,84,110118
12,70,44,84,265069
59,56,94,68,172056
129,87,62,95,3387
43,41,66,95,58698
123,63,61,82,22596
26,49,36,49,229867
171,45,68,86,7467
156,82,49,45,4369
100,83,49,45,13325
124,44,50,45,15865
53,83,55,47,168807
82,84,84,52,45046
88,94,89,51,21527
2,73,65,97,167855
80,92,79,37,38364
161,87,57,83,7619
158,55,90,45,8132
8,44,79,57,258295
132,70,36,63,47528
22,87,98,38,152217
12,63,55,42,211617
135,73,73,87,3910
172,66,65,35,8477
158,48,58,47,3632
33,44,45,63,158903
157,36,47,71,7932
41,96,93,57,182440
14,79,47,36,365304
111,43,57,47,35412
16,56,66,93,105829
142,50,67,69,4658
102,53,36,59,22821
180,39,96,48,3139
7,69,50,95,322693
36,95,99,89,82414
139,97,56,38,3908
95,56,93,79,40010
137,54,69,85,3517
74,90,51,95,17760
50,74,63,83,109258
175,88,78,87,4035
12,50,78,94,151638
77,39,41,52,198162
140,83,62,50,4380
168,51,93,52,9711
33,98,82,75,178529
28,70,61,98,97366
177,60,42,71,9949
145,78,63,87,7172
120,71,50,37,22772
22,90,46,67,90866
40,48,83,84,86633
43,57,52,45,131120
62,40,79,49,101010
140,51,86,65,3466
147,53,47,38,32021
171,89,89,78,2374
127,95,76,64,6303
11,72,54,51,399916
134,42,63,54,42760
31,78,52,60,174348
163,46,92,53,2143
126,92,44,52,11387
113,81,85,73,14131
132,37,74,85,22048
10,80,97,70,170722
40,36,61,62,92845
60,71,69,53,169268
66,52,69,84,97271
102,91,76,69,49624
79,94,58,35,35777
73,89,90,56,14438
21,99,60,95,71428
111,68,46,37,23953
69,40,80,58,171561
143,86,84,63,4826
54,89,73,91,55138
133,84,69,77,7384
55,70,49,71,133664
124,42,47,98,12711
82,42,60,80,23799
94,81,54,79,27365
156,79,45,35,3769
0,89,58,64,357906
166,74,93,87,5180
22,37,48,65,386102
5,35,89,52,320151
121,68,51,65,43373
123,36,63,50,19028
81,69,92,38,31767
32,88,41,59,193762
59,70,99,93,26866
10,80,40,41,369916
59,65,57,35,126456
89,70,91,69,42817
110,87,86,76,45580
62,72,76,60,137510
134,54,40,84,37162
79,82,67,88,17271
128,60,98,94,8950
149,60,43,67,8675
148,76,36,45,4825
131,42,81,43,28151
169,76,35,39,5207
97,96,51,69,36482
110,68,83,46,29213
9,64,74,61,365824
91,87,54,58,41066
161,57,50,84,3583
63,93,71,91,32763
10,62,56,42,339758
2,53,56,47,287664
160,49,45,68,4421
66,82,35,56,145097
93,87,76,66,28405
117,68,45,42,18654
141,72,96,63,5371
44,98,49,65,182956
24,36,75,36,229285
180,100,67,59,1384
89,55,86,94,36159
66,39,61,62,143197
18,35,96,63,138231
6,78,47,51,232367
21,39,43,87,281988
158,80,37,52,5534
110,53,96,48,31244
82,52,95,74,11529
43,72,75,37,80182
13,54,62,89,53363
124,70,73,48,34421
12,90,75,86,115970
76,51,59,95,36657
172,63,46,74,9744
122,89,85,65,5558
141,92,43,80,9478
122,68,77,53,48947
91,35,98,49,34813
104,68,90,71,14305
175,40,45,88,8191
4,64,54,99,382303
143,75,43,69,1564
177,95,61,53,7518
89,44,59,94,25232
178,88,69,81,3115
82,62,100,45,27518
93,58,87,51,26870
119,78,79,42,21773
63,46,98,60,54623
111,94,76,67,40646
144,38,99,53,9345
35,86,35,72,148170
91,48,79,56,19507
10,38,86,76,280223
78,48,48,81,176288
114,54,64,88,12020
133,90,43,99,7224
103,59,50,82,13983
26,40,39,70,361197
106,73,72,76,45153
68,69,56,79,83413
67,79,83,86,21091
177,92,49,35,7714
169,47,54,71,7222
49,69,57,49,87131
107,66,39,91,21166
27,74,87,62,98675
76,70,85,75,19524
58,97,83,94,45795
2,73,72,74,300253
23,55,98,85,169475
124,42,71,92,35395
147,46,42,62,25591
147,69,57,61,8877
113,96,92,66,37821
18,43,99,40,269201
164,79,56,77,7828
72,89,68,93,35853
54,85,76,50,115687
32,68,76,67,161077
35,50,72,36,117893
12,44,63,48,294814
171,62,61,97,1000
116,37,46,96,42347
146,86,56,71,8966
28,62,71,87,166155
86,71,71,81,38300
170,83,68,55,4015
61,96,59,83,46619
17,71,61,53,350565
178,85,95,65,1238
10,46,82,62,380239
20,62,78,60,177664
171,66,73,76,9009
0,62,83,98,192592
35,57,90,48,127544
71,70,94,98,13694
50,41,92,51,69348
75,86,35,47,114435
123,93,86,84,5409
167,80,39,58,9913
51,86,67,87,152027
20,65,66,87,57400
97,47,63,43,40917
46,38,65,96,55413
47,70,86,49,167428
93,94,58,65,43580
154,53,46,84,1593
139,55,91,53,9208
166,88,96,40,7035
135,52,92,89,4348
19,99,64,56,149636
92,40,72,100,36758
95,66,81,65,29108
53,54,63,68,59749
75,88,76,80,29033
48,61,73,90,161839
34,52,71,58,198759
29,61,64,38,96188
133,41,36,49,42688
34,51,49,46,72185
160,47,100,52,7864
97,42,90,40,35182
172,64,60,54,5535
23,94,74,82,110483
97,97,72,99,29498
50,73,44,70,94401
120,83,85,92,4710
122,41,43,57,20102
62,76,45,68,126595
82,94,82,62,27391
165,48,66,90,3108
47,46,63,67,147056
21,67,45,68,81158
91,97,40,78,32912
36,52,36,99,91711
154,49,45,39,12386
109,99,75,63,38262
117,61,95,75,21206
59,98,63,77,86785
8,95,82,48,121030
85,61,60,49,31854
138,48,38,93,17007
35,84,66,93,57106
36,83,57,70,185509
177,35,84,48,6328
142,93,36,97,8289
163,69,86,99,2125
148,65,78,58,7539
52,44,88,64,91542
31,74,40,78,97709
97,82,61,84,45752
169,49,87,59,1821
31,97,71,55,110479
0,74,48,40,308730
8,96,68,43,267529
21,76,64,63,173173
4,41,45,61,318334
78,46,93,92,14389
32,69,89,93,68223
96,49,89,76,42152
119,36,75,78,42205
70,78,93,91,15159
59,49,94,100,70014
140,55,48,56,47225
71,50,35,68,167703
133,67,44,85,14805
119,77,76,37,27616
110,98,76,88,47903
179,97,78,80,926
117,100,37,64,44731
60,47,61,52,70272
161,86,80,89,7683
35,75,97,41,145153
62,95,68,95,46126
126,49,62,78,10654
23,76,97,55,146920
18,37,80,58,289084
120,84,65,41,29103
42,94,99,46,141913
118,59,95,83,29605
25,66,99,55,187362
152,43,75,63,4053
46,100,65,48,101422
37,42,35,94,185637
155,89,85,41,1786
109,55,78,98,22236
131,97,72,73,9017
1,81,67,81,245007
7,89,82,46,279679
171,69,66,100,5779
70,83,97,75,25906
78,92,40,46,176595
33,69,41,43,87916
178,41,52,54,2470
22,92,81,56,148741
171,75,47,45,9665
46,52,36,46,90649
40,50,67,78,145290
77,62,82,62,27382
154,47,92,36,8568
145,94,48,40,1399
84,77,81,41,37386
174,77,97,85,696
2,80,72,35,279956
13,72,70,98,181708
93,71,94,65,47165
130,86,46,54,38444
15,66,90,35,334056
100,63,44,86,10578
22,61,76,58,160442
7,42,81,51,321888
127,44,45,85,43760
113,63,68,45,31639
0,61,83,54,226845
116,81,56,56,29650
125,90,56,78,12128
127,95,79,75,3097
73,77,52,75,27362
106,42,52,93,43944
50,35,83,47,83087
7,94,53,96,112375
117,87,37,63,15510
61,87,77,48,198701
32,96,96,89,81709
13,96,60,39,274670
28,55,59,87,130211
74,90,95,66,22527
135,36,61,70,26226
150,75,47,40,3195
89,53,46,37,153028
132,77,87,73,3850
101,87,51,54,43405
29,74,47,85,50901
55,52,60,68,162155
4,42,68,89,393301
86,87,89,61,29578
77,60,75,97,37978
176,40,87,46,8936
28,85,92,64,111759
121,85,38,95,10673
58,67,74,74,149246
173,36,73,55,7493
41,80,51,67,69786
41,42,38,45,158931
12,65,87,38,355902
15,83,76,90,117037
79,73,79,82,26702
22,79,36,37,379446
20,42,38,70,318583
111,87,86,44,33697
165,61,64,74,6223
141,81,97,41,5746
158,91,60,94,7037
69,94,77,63,14145
77,43,63,54,88962
14,87,74,98,111106
58,54,55,62,100357
133,58,69,63,31359
81,82,56,64,26526
170,43,54,99,5123
13,74,72,51,326310
177,95,60,93,1219
97,80,58,44,22225
170,89,99,56,9378
89,42,56,91,27711
119,56,83,36,22201
67,71,55,60,193842
46,49,35,86,170201
125,54,94,82,1248
0,75,58,98,316081
1,54,88,53,324518
0,92,37,70,295946
18,76,75,54,180504
145,91,76,45,4625
145,39,54,100,5050
106,47,98,76,45201
177,43,79,38,6359
65,35,66,53,83054
53,38,41,66,107696
5,85,49,62,275769
20,59,74,60,53218
147,76,54,75,1556
164,61,80,42,3827
88,99,98,66,48189
65,70,80,56,177375
124,62,82,70,39436
38,70,92,82,176504
50,70,83,92,109291
143,57,72,61,6493
63,56,56,97,108362
177,64,41,92,4231
162,56,60,71,9355
173,44,39,95,7163
137,60,46,42,15395
46,42,38,99,126979
7,67,69,59,270846
92,74,96,62,46916
98,85,100,91,40470
22,78,96,42,66477
12,64,54,62,388818
129,79,79,96,5524
11,66,51,90,361383
20,67,89,37,157958
145,44,66,66,5390
76,43,46,40,92553
105,78,90,42,33225
131,55,42,90,49202
148,60,84,40,4716
153,61,90,97,3001
118,94,71,55,36804
32,36,80,89,58116
67,84,77,54,66533
180,69,79,39,3190
87,79,81,46,15036
122,84,69,95,8556
76,79,72,64,28770
101,72,82,38,42328
85,46,53,98,30099
129,98,37,43,13092
95,99,100,96,43352
43,43,46,76,162084
29,61,92,89,164139
114,90,57,61,21511
180,47,75,51,4022
167,96,50,41,6820
86,44,99,75,33844
146,77,72,58,2003
85,83,82,47,45348
119,43,59,62,13948
77,39,72,62,99609
160,82,98,41,3650
135,48,42,37,33555
147,97,38,55,5949
170,85,51,38,4954
28,84,75,71,52569
150,38,92,90,5734
48,60,77,80,106219
136,39,54,75,11489
62,88,78,74,23699
76,60,35,88,61644
79,68,39,62,151863
21,80,75,80,191699
138,92,73,48,4871
122,61,80,36,46414
104,79,72,37,27733
20,95,60,79,157759
14,79,59,68,146388
130,89,95,39,8781
71,54,70,90,42338
5,89,95,39,323971
109,92,86,53,11041
30,35,40,71,381505
57,71,82,78,109691
26,71,64,99,100967
116,45,84,64,42273
110,67,37,100,34330
119,57,90,99,9755
6,69,50,85,280564
75,86,89,71,24998
128,46,49,92,31786
78,83,97,85,47292
107,84,67,60,40945
120,71,46,81,26156
5,44,36,83,272847
141,97,37,75,4591
102,80,71,100,39092
2,94,71,67,380974
44,82,98,94,153866
41,49,85,69,170074
134,64,80,39,15185
44,35,53,89,73152
174,57,72,50,2273
5,38,69,60,357616
152,79,64,94,2823
98,65,84,95,44960
178,49,46,45,1583
66,59,72,83,74085
151,96,49,79,9556
40,40,84,76,181197
96,94,42,43,46536
26,74,62,59,114381
137,65,39,62,21336
71,47,55,51,102225
160,68,42,84,5736
116,79,66,96,35923
163,49,83,52,6322
138,89,93,97,3232
153,49,45,92,6953
124,75,49,90,35974
50,84,53,78,113562
75,35,73,57,131880
111,78,55,62,46539
66,67,100,76,13371
56,50,96,44,118607
22,84,38,57,104305
53,48,38,80,88436
66,93,89,70,17702
31,82,73,45,56786
142,42,79,84,9257
32,83,51,75,131126
10,94,55,78,155622
78,47,80,87,32200
10,49,74,49,384558
12,63,71,93,190335
41,44,50,83,119735
92,88,96,100,37608
88,77,81,53,43936
85,60,95,63,31706
119,42,86,95,38774
167,59,44,86,8865
178,42,56,78,6497
112,71,97,37,49084
89,69,72,100,19043
123,75,50,84,25863
163,81,95,45,9078
173,97,100,45,9807
32,46,38,85,136611
100,37,95,77,29527
46,53,35,100,102522
54,75,97,96,15849
19,48,71,97,96596
170,85,75,96,8254
144,75,53,63,2155
141,71,76,90,5066
3,40,45,54,306893
0,97,48,83,290799
60,57,74,91,135141
122,52,67,41,44539
109,99,73,96,20110
48,68,93,63,93769
69,61,77,71,144385
27,70,94,51,112046
88,81,83,57,36320
68,95,73,57,27046
15,67,85,84,52383
65,64,69,93,33676
26,70,64,88,122483
60,67,99,36,72539
70,37,41,79,78784
15,95,93,62,190847
23,96,56,49,199317
173,91,49,48,9257
61,61,78,78,180072
42,96,96,59,184517
112,50,42,62,38778
70,92,64,37,174588
68,90,38,59,80152
46,75,39,73,194507
69,61,58,85,53810
26,74,49,80,76183
158,73,72,36,3030
31,82,89,80,155260
48,46,72,36,180246
39,96,42,53,133125
36,49,59,98,86235
66,43,55,66,159157
107,50,85,77,46640
134,46,53,81,31236
117,98,59,93,1233
37,55,98,81,88756
100,84,36,83,37067
8,56,57,88,396275
41,84,85,42,185718
126,57,91,76,1876
17,84,95,80,107509
42,84,72,40,177748
69,47,43,72,169888
95,66,38,89,16962
27,40,38,42,394844
154,95,94,96,6294
2,43,46,45,306187
101,60,91,64,30132
136,65,100,76,2615
147,80,97,51,3708
19,84,50,45,293634
145,83,61,60,7251
96,92,43,42,32355
91,58,79,94,28953
119,46,93,57,28108
165,89,87,45,3342
94,50,64,47,40839
91,88,52,84,39980
131,97,71,70,7291
18,73,41,61,306611
157,70,58,98,2274
96,59,45,99,21045
91,50,81,43,32925
20,76,55,100,167138
19,37,69,49,326869
56,93,93,51,98906
129,44,51,81,41350
165,85,56,93,3036
101,44,67,40,12206
25,47,50,70,165414
35,79,59,58,50218
146,99,63,79,5394
16,94,59,68,170687
56,60,52,54,95853
156,100,46,55,1608
69,94,90,93,43883
57,89,63,66,123367
115,76,99,81,1626
170,76,80,47,8669
28,36,91,98,97410
178,39,89,83,1194
81,55,94,50,10537
3,49,55,94,232552
76,72,92,52,29759
63,82,99,99,42563
175,41,96,48,8825
140,51,71,83,3013
137,57,49,69,41566
170,58,73,93,4016
32,68,57,90,199951
129,78,43,75,19038
167,92,57,68,5759
153,42,68,86,2963
90,100,59,82,49944
143,59,78,38,1862
43,70,75,51,60364
18,50,95,45,190929
4,98,51,95,91046
42,71,68,100,81187
71,62,92,64,28235
74,86,94,83,42363
172,87,86,98,825
37,38,83,59,53668
63,58,99,86,20418
113,59,84,46,24747
177,53,88,96,9966
67,75,75,78,41907
57,45,57,46,182546
83,69,100,78,48068
36,58,39,63,86423
17,63,67,75,116304
62,58,75,88,55125
145,80,80,44,5433
22,71,66,67,185083
71,79,49,73,99898
103,65,48,48,27961
105,84,65,52,20963
23,50,45,56,298354
163,48,45,48,5289
108,60,53,76,27513
10,69,76,74,162245
3,82,44,79,288150
7,52,38,55,208776
43,95,60,100,80036
17,100,41,54,106184
95,92,84,64,40383
70,58,39,89,160336
177,77,64,75,2427
36,57,43,97,185193
38,49,96,92,168994
103,71,96,98,35646
55,51,44,77,192524
141,43,45,61,11757
141,48,63,45,27421
126,37,46,92,45597
40,51,70,59,130117
31,57,75,77,191257
56,68,67,91,195307
50,94,41,36,189938
47,41,96,89,107579
90,56,62,39,11089
47,90,70,58,184815
85,80,89,49,42379
170,97,96,56,7635
77,59,95,72,27229
84,92,43,45,27899
87,87,44,36,46497
15,50,71,89,108422
82,74,35,45,164930
82,39,55,89,23203
121,57,44,82,27252
172,68,95,98,8676
170,98,74,78,6070
149,51,76,41,5031
127,86,59,92,6577
49,80,50,77,143858
124,92,64,83,6956
38,95,73,40,156244
134,61,57,80,38180
39,100,82,83,154313
169,80,45,100,6358
142,60,37,52,25891
58,44,82,60,135936
139,95,96,52,1760
47,78,76,66,143603
163,44,75,37,9823
47,82,83,73,150071
57,50,63,99,193963
44,94,56,59,194625
16,82,53,81,175179
141,90,63,36,4082
31,69,77,68,124731
46,43,37,79,143972
122,74,84,80,4827
173,76,87,67,7518
149,92,42,43,3014
36,54,82,43,64033
123,60,50,84,36451
15,50,93,72,196877
56,87,70,76,126341
87,86,55,74,17567
82,54,39,49,54391
73,78,91,74,45774
23,74,55,100,140360
146,48,54,91,4700
30,63,90,86,94873
111,52,43,95,38217
75,35,100,79,27320
24,64,78,66,119253
114,93,48,57,43356
125,82,94,81,7281
45,42,84,55,140993
153,45,45,86,3205
173,35,86,49,7683
57,79,75,72,121148
37,86,80,87,77011
129,97,95,67,3680
57,75,43,53,107948
119,78,41,65,12882
135,87,49,42,27655
123,99,80,41,36209
162,82,97,95,3656
140,87,43,48,29184
13,83,99,44,62838
17,91,81,82,83724
135,59,81,82,1052
18,95,60,76,169429
59,69,69,46,111273
124,79,42,61,11307
135,78,88,48,6032
104,56,59,38,20614
34,54,82,86,123509
110,82,79,67,40266
14,78,69,92,181863
158,66,67,45,3812
46,42,67,75,103228
7,60,53,93,216008
101,41,40,95,32770
15,70,48,41,220289
30,63,93,62,154957
5,40,61,87,328077
16,96,100,90,139364
98,97,70,75,43716
83,41,56,54,71535
146,62,100,76,8661
53,98,58,46,157859
153,50,53,65,2794
78,89,45,50,68802
174,73,86,35,4231
120,53,93,75,34532
115,45,59,67,14446
143,70,51,79,6017
150,79,81,90,7922
115,64,59,55,10129
4,79,100,98,173341
145,92,94,49,4156
66,42,72,60,93583
114,35,76,45,30988
128,99,84,94,9100
150,39,38,51,42890
157,88,57,58,3490
51,80,93,53,164302
68,51,40,59,120388
144,67,45,67,7171
105,75,93,39,33124
29,80,90,37,107844
11,41,60,78,212812
152,50,75,38,5135
50,89,67,73,120807
82,97,94,86,27968
65,75,49,91,110525
48,93,40,98,186617
68,74,65,48,50556
95,46,73,56,42077
34,47,74,55,73481
141,97,44,90,3819
54,43,95,99,76684
76,87,78,90,43117
166,57,55,47,4865
112,81,38,77,16566
158,36,41,35,31126
8,82,89,94,107465
69,92,83,64,31596
65,64,58,59,95632
102,50,89,61,21387
118,94,92,91,2388
107,75,68,68,29675
0,71,93,77,90562
75,99,47,35,134041
141,74,56,80,5196
46,93,46,91,76063
64,52,92,85,30413
112,69,61,90,29498
116,51,71,74,28685
90,91,40,93,35530
108,77,49,49,26470
9,67,43,61,349949
121,45,49,42,41044
129,51,43,38,30212
30,37,75,41,100762
177,94,81,91,439
149,56,52,96,8025
11,63,37,87,232281
179,75,47,74,4044
50,36,70,48,54863
153,100,45,84,3531
124,69,63,72,44122
133,52,65,39,19939
39,81,97,77,174417
75,54,58,69,151854
44,81,85,63,161555
103,84,48,62,23344
103,85,35,63,29345
101,78,89,70,31863
127,53,83,55,42948
122,35,35,61,45986
89,86,97,36,32564
180,73,65,53,6929
178,68,88,92,882
28,91,40,80,190872
149,56,87,100,2221
112,99,89,78,9997
4,57,94,76,239063
169,82,40,50,2225
57,37,56,99,135150
4,72,54,99,213290
86,98,64,41,44748
91,86,65,51,25565
18,41,57,100,69578
53,77,45,63,186347
134,51,100,56,4227
56,36,95,79,190497
94,70,75,53,22335
134,45,95,38,36807
133,96,64,93,2640
55,92,93,99,44747
52,45,83,76,70696
109,96,100,54,48672
115,78,50,92,30862
148,87,44,40,4339
41,94,67,70,130349
22,37,96,80,172120
82,56,84,88,11019
52,67,75,55,95375
22,44,35,62,230156
38,92,72,99,70993
69,52,86,88,32859
74,62,76,73,18936
118,84,35,37,33384
81,36,44,78,92975
36,83,63,42,111271
59,99,88,59,26612
134,56,49,37,45452
135,82,99,86,7114
117,72,56,91,28046
104,47,70,88,39800
174,81,72,82,7037
86,35,97,76,35794
129,95,95,44,2894
56,50,47,68,145977
21,53,52,82,152025
26,48,46,43,347948
13,58,80,60,257575
173,63,39,64,9920
60,48,65,77,142398
75,96,86,79,44838
93,39,92,74,49664
93,51,49,77,17234
127,48,93,69,44572
20,72,90,58,57706
7,98,91,39,143330
126,86,79,71,4470
26,42,82,60,182325
77,43,49,46,106697
111,38,39,50,32452
44,53,47,37,164958
32,75,68,51,108152
57,41,78,71,127175
36,49,37,100,181070
106,94,97,51,14702
29,71,78,100,152203
102,47,90,58,39583
87,38,88,54,14686
56,90,98,49,70301
154,100,50,35,9513
95,100,38,100,34819
3,79,35,91,367490
115,49,48,44,27408
44,77,45,75,154000
167,86,79,43,5324
44,53,37,78,153564
25,54,98,57,117964
104,65,85,40,17184
64,78,95,50,188178
134,94,57,54,6473
121,60,69,87,32793
69,37,80,38,104055
38,51,63,38,133317
118,99,51,98,5113
70,60,58,67,69033
28,80,60,75,111838
161,85,61,38,1075
19,82,87,97,173280
159,100,84,47,9800
154,60,87,68,2745
73,91,46,99,43288
172,78,82,53,4413
100,88,70,49,31881
8,43,80,65,300726
125,92,49,74,10256
23,98,82,84,156226
101,98,59,90,19914
160,46,35,93,7813
32,74,56,59,87643
131,57,92,69,4571
5,41,55,49,227073
86,46,83,96,29181
60,47,47,93,137116
151,64,38,47,8883
128,78,83,58,2190
169,41,57,55,7645
42,94,58,62,86673
131,70,91,91,7101
18,65,76,94,145448
157,82,64,75,1159
108,82,99,55,18002
78,50,92,41,54251
177,46,59,64,6673
99,89,70,83,24765
93,69,48,71,38891
39,86,75,39,52812
176,95,40,85,8229
23,86,50,41,143993
20,82,94,51,130051
133,53,100,53,6583
24,78,45,62,74641
165,59,36,67,5346
125,47,90,86,33852
49,93,98,81,111067
106,79,71,42,23935
96,65,63,52,28359
19,80,35,92,62659
66,76,77,37,110820
64,53,81,54,56255
134,94,82,43,5582
161,76,47,70,9082
59,48,39,41,60957
75,86,38,86,28615
5,99,47,93,114337
94,80,87,62,11043
147,84,48,49,4869
145,60,98,89,4440
43,93,46,70,115921
123,76,68,65,29780
147,72,38,96,2384
128,76,85,71,5852
50,87,35,98,64223
1,36,92,51,204309
6,96,51,55,209694
63,77,87,75,28925
25,60,93,55,80761
69,57,91,87,18957
125,61,96,59,30138
175,95,53,69,2044
17,74,87,39,134087
141,74,35,61,14719
57,60,54,48,120265
152,70,62,42,8472
5,35,39,42,350488
118,75,53,37,48415
64,51,55,96,145525
91,99,50,42,16981
178,84,52,63,3762
32,37,39,93,98785
154,52,100,40,4311
98,45,72,99,39882
53,55,42,49,72644
80,95,85,75,12253
111,51,73,54,42844
162,61,66,37,9095
33,55,63,38,170678
128,65,79,86,1555
177,70,55,57,3764
33,65,46,62,83199
27,41,68,85,99751
79,45,72,76,11158
45,79,37,91,183488
157,86,88,82,6971
160,54,39,51,7506
110,36,58,85,25915
128,86,56,48,23159
76,100,74,70,36360
57,73,71,48,102543
25,74,41,42,380740
170,70,93,37,4989
149,72,84,87,9311
131,55,54,59,23740
63,95,87,90,33906
36,39,52,67,150108
160,74,100,46,8772
92,81,82,57,29495
116,39,70,65,44831
71,43,88,100,18081
46,71,74,37,108202
37,61,50,49,173463
176,62,94,58,1196
69,94,89,39,34103
134,65,95,37,30147
63,99,90,63,17738
39,67,69,69,131569
73,54,78,75,17884
134,56,45,47,22361
27,51,81,56,196096
167,40,60,81,7316
158,84,47,72,3015
28,69,62,53,129622
176,48,42,100,2500
23,49,37,45,319366
38,39,55,56,71029
134,87,87,77,1643
145,36,92,67,4392
93,97,65,47,30792
141,86,97,43,7310
90,41,91,89,13026
116,50,81,97,12780
102,67,55,73,27423
172,66,77,64,6902
140,92,57,87,5897
44,66,87,65,113403
78,99,59,44,46128
121,91,76,86,7782
62,49,42,72,171251
179,53,96,86,3300
29,45,43,54,347012
180,44,100,89,2582
65,58,80,42,97115
129,43,63,57,22760
78,67,50,43,108987
163,89,66,81,7257
141,69,48,35,26946
75,82,92,75,35844
140,91,60,49,1254
119,44,51,44,17598
110,44,95,69,38008
135,44,99,82,6955
45,70,35,84,53100
19,63,50,74,84808
87,51,54,80,22311
169,84,65,48,7156
92,77,40,48,48334
8,80,66,35,390095
101,66,100,81,29022
4,48,45,61,367524
6,36,83,76,326614
20,35,63,85,133106
34,71,81,52,161968
133,62,92,59,3358
43,57,93,63,95103
25,44,44,53,387633
75,93,58,52,42892
18,72,55,90,63780
56,83,40,89,119381
29,89,45,59,126194
114,42,58,55,23455
173,70,44,100,1858
16,91,44,100,174688
101,66,52,80,22516
45,36,61,42,172488
27,90,83,61,179112
154,46,38,86,5920
33,84,58,70,124676
16,66,88,94,66747
133,66,36,50,27772
123,62,57,81,47129
81,87,93,50,13235
18,55,73,71,81928
20,47,35,69,336431
96,84,87,43,12654
85,91,40,82,39782
93,56,55,49,35520
105,84,81,75,35683
21,96,44,53,114744
42,99,61,42,150176
27,78,58,99,81212
127,36,52,95,17977
167,38,98,73,5814
89,44,68,61,33025
172,44,71,37,5464
14,96,43,38,362844
156,65,94,56,4921
171,69,46,56,6624
104,66,43,98,37578
98,82,87,66,36037
104,75,89,69,23764
128,43,83,80,30055
164,53,54,73,5551
148,88,44,83,9704
31,48,62,74,189005
128,38,73,61,44974
50,76,97,64,149686
134,88,93,100,3409
156,93,68,87,3215
83,63,83,40,43286
101,70,35,56,38399
41,66,66,40,194839
107,45,63,67,15504
90,71,71,60,45240
89,76,94,37,42780
138,91,99,66,4649
148,88,49,49,4436
110,43,55,43,15377
55,46,90,85,149525
70,45,37,68,96046
84,53,41,45,51854
102,77,90,79,28459
102,91,86,38,22514
144,69,76,94,2945
175,98,51,41,8232
127,86,75,50,40961
85,90,61,52,49230
79,60,56,92,25104
173,61,78,67,7109
82,67,88,59,16149
175,94,96,49,9651
37,49,65,99,70463
74,50,67,89,47425
33,98,58,66,146130
140,46,96,79,1208
14,84,79,99,139364
139,53,36,67,37485
124,64,48,39,27036
92,52,42,82,38229
108,51,85,91,29497
28,89,77,94,73258
176,61,37,76,2484
128,55,81,93,7528
13,74,43,59,366591
59,67,39,86,74394
160,50,37,39,5327
119,53,45,52,13723
42,84,74,69,108808
27,96,49,42,159582
34,92,43,73,193291
170,97,76,68,2680
64,59,92,44,110128
5,84,54,80,215259
116,36,98,48,13652
100,62,72,67,21107
53,94,38,88,94772
148,59,85,49,9958
96,55,78,95,47399
34,57,89,55,89063
60,42,96,37,141151
133,55,37,99,38998
23,54,68,80,173847
115,72,62,71,33356
152,77,54,67,1356
38,46,54,52,153184
132,98,62,67,6844
38,99,37,60,168760
34,53,84,69,60069
10,60,44,80,380050
146,70,52,60,2840
7,39,64,42,228835
73,61,49,72,191521
107,73,77,69,18997
90,69,86,43,43451
7,35,59,66,395517
9,51,45,81,299055
40,50,59,64,72475
168,95,83,76,5728
62,60,72,62,176405
0,100,76,42,243953
9,86,45,38,275135
36,51,43,40,154156
48,35,52,48,106715
71,94,99,87,26038
101,83,36,50,11004
47,79,60,45,155014
96,47,61,96,45339
130,38,49,81,30520
143,91,75,81,9109
73,96,70,64,36126
17,63,92,56,62380
171,94,39,68,3699
66,75,42,36,54700
36,94,75,70,135197
75,53,85,88,47196
156,42,95,90,9313
134,55,79,46,43502
134,79,69,74,7697
1,68,88,85,187503
11,47,64,79,243488
120,80,66,70,28461
130,71,38,77,18454
111,77,71,100,18237
68,37,69,49,137410
79,61,87,73,44555
141,38,50,41,15658
130,66,82,44,20880
145,62,77,56,8539
157,75,73,59,9918
149,54,39,56,15072
145,36,37,78,40029
35,71,57,87,176030
70,92,67,91,22464
165,85,92,58,6958
147,78,88,81,3308
118,86,66,61,28097
120,72,90,97,1453
66,85,93,93,37471
179,79,43,98,5743
176,89,43,46,1091
112,53,42,52,41257
42,60,48,41,51793
175,90,55,41,2247
167,61,36,47,3435
119,60,54,91,48095
114,38,81,54,20792
104,95,99,74,35298
167,88,57,99,6539
55,98,81,76,191210
90,57,79,66,28495
81,40,42,100,41015
109,97,76,96,30937
134,35,77,47,29594
110,69,72,79,16670
58,100,48,48,191037
118,75,58,39,31793
107,66,80,50,38244
21,66,75,56,97192
170,96,79,91,5829
158,88,70,69,4221
142,84,58,76,4959
176,43,77,96,9850
113,55,43,95,20529
107,67,93,48,11279
83,78,63,41,47098
93,80,68,80,42240
18,64,42,52,340246
59,78,86,42,169180
169,54,69,100,6091
86,83,100,35,49090
85,88,60,56,16320
108,80,51,94,24804
135,95,95,36,9239
45,95,40,47,99564
62,80,68,49,58057
73,58,37,62,164251
143,83,76,37,5823
0,85,43,50,287240
158,83,40,64,2516
106,79,63,86,21548
118,45,54,91,38255
171,45,67,93,9918
67,83,49,37,188690
85,45,89,42,32564
155,54,56,92,9109
111,57,68,84,11070
176,37,64,57,7884
179,59,36,92,5309
72,88,50,97,24890
104,78,50,41,43946
17,41,96,95,130189
12,93,60,51,321744
15,91,47,53,259356
92,88,95,83,11948
22,95,35,82,128061
3,45,77,48,361311
111,90,84,96,2288
158,85,84,64,9842
130,88,56,83,6174
85,97,98,81,15271
43,41,87,57,177012
99,57,76,49,28638
58,99,66,97,45209
139,35,53,57,49946
48,82,43,58,145496
14,35,57,43,252869
11,88,49,37,327999
0,47,96,37,217423
159,62,82,82,9459
162,53,51,43,7028
84,97,52,44,33423
109,65,87,78,45376
79,91,71,82,31842
121,93,46,49,26974
83,94,53,87,16845
117,61,74,70,24020
147,82,89,92,8643
38,75,84,93,87607
180,97,75,64,5924
167,70,47,80,4446
96,35,94,36,18483
172,43,49,73,5150
85,38,50,45,149295
21,99,88,37,102703
96,100,91,46,41425
100,42,38,78,27341
120,74,69,84,29879
10,100,52,68,124763
20,94,44,50,105062
148,95,77,50,7154
20,50,67,67,64948
97,49,99,38,40239
135,70,90,37,2165
94,68,70,69,22831
0,86,47,59,327295
132,97,86,80,1204
174,68,54,73,4635
49,75,77,83,115606
46,91,80,75,190700
168,80,59,37,1029
102,36,43,92,33043
146,48,35,54,14306
122,100,99,42,8206
63,91,49,59,62790
143,83,82,94,8740
117,78,58,85,49968
139,44,65,90,8427
101,70,44,56,20224
165,80,63,85,7331
132,37,98,81,6639
107,90,88,40,43865
52,60,60,62,70532
60,74,49,47,174610
172,60,90,57,1608
20,48,47,66,277289
139,97,86,56,9622
152,69,85,93,5040
19,53,50,96,51371
33,38,89,86,56241
29,93,98,72,154221
42,90,40,37,187330
37,51,85,61,162315
99,55,99,96,31929
95,97,92,96,13394
100,63,53,39,46360
168,59,46,99,7031
54,72,77,42,150744
99,57,65,68,44082
47,55,72,87,66370
13,92,72,49,95493
64,44,45,70,172337
56,72,71,52,142454
163,74,41,53,2287
163,75,77,71,1448
53,56,81,79,173421
178,37,41,63,1438
1,60,79,88,246581
114,72,43,88,17598
93,82,58,36,46447
89,65,55,98,38590
128,68,66,97,6871
62,86,73,82,29698
141,60,69,38,39924
106,87,98,60,13417
114,63,95,48,39404
180,93,64,56,6584
93,40,39,75,29555
85,81,57,87,49591
107,95,48,56,46163
80,37,72,41,85212
95,89,36,71,17533
92,84,54,83,38408
138,84,75,38,5126
129,46,64,78,33064
70,84,56,70,199093
130,61,41,71,26310
43,94,93,86,76755
129,51,64,82,36446
103,100,61,55,14824
92,39,99,59,47609
24,82,45,53,193592
17,41,38,55,217535
40,40,97,52,171626
173,80,79,77,9911
49,55,67,64,75469
128,67,52,46,18674
28,53,36,46,380139
73,70,51,41,199777
12,94,46,82,112018
137,57,38,59,24524
68,81,61,96,37184
60,64,65,50,87211
10,96,72,93,143330
8,57,89,54,272556
56,54,81,41,163313
115,87,87,97,3205
3,71,73,70,354254
74,70,53,50,119449
170,40,48,62,9443
133,53,40,39,36817
47,48,79,74,69530
77,56,37,63,82815
7,83,41,58,351428
83,98,39,83,19413
14,93,55,43,372462
107,75,90,82,43085
88,65,100,50,35264
158,88,57,51,2899
13,82,82,40,129638
47,83,95,65,194871
132,72,62,65,17861
16,56,98,47,174144
43,81,40,44,183671
13,57,49,39,228968
147,86,44,61,9754
106,94,40,62,29599
16,80,44,65,365798
133,83,55,50,13224
166,70,68,48,3096
86,94,67,68,12847
28,61,48,36,374928
160,56,48,88,8111
40,42,63,79,196567
116,40,85,57,46302
59,75,48,61,170487
64,51,52,44,107726
139,51,56,48,42808
7,51,40,84,261178
95,77,43,76,20028
38,100,98,95,94197
65,45,37,43,98748
42,97,44,66,67510
134,79,80,94,3460
63,80,36,37,194872
91,76,96,64,22574
168,56,43,65,3191
34,56,86,93,93998
140,85,73,93,6247
166,82,99,84,1290
62,65,94,50,135869
54,71,59,62,199399
97,55,45,87,32008
90,50,45,48,60154
78,76,64,99,45884
114,37,81,95,32967
7,66,91,60,318853
75,42,54,47,86012
116,42,52,60,44259
32,42,100,50,158030
113,77,45,78,38630
73,99,54,83,31490
142,39,87,75,4668
48,57,60,82,179723
65,50,85,57,127685
54,79,45,80,106542
57,60,100,91,20318
172,56,60,83,7405
21,72,57,98,155976
19,67,54,78,173416
176,49,61,55,7628
78,60,44,72,164500
87,66,82,61,45915
31,70,89,47,72705
145,63,44,73,6990
130,82,76,81,8839
154,42,52,56,7729
128,37,90,41,42248
86,66,83,66,13192
52,62,70,96,133849
89,48,59,99,41146
79,84,57,36,76510
114,78,78,97,25465
110,71,39,66,36821
175,67,54,36,3390
114,88,60,36,10593
100,86,73,48,30510
72,80,74,93,12650
15,36,97,59,246018
40,89,37,61,95600
84,44,87,74,14577
23,44,83,62,94905
160,81,47,78,1604
26,63,74,41,193047
100,73,59,62,12886
48,91,49,36,109316
114,94,100,77,3459
4,69,50,72,310825
98,80,78,78,42004
119,80,80,99,2820
1,97,70,72,185921
113,52,42,62,33427
165,98,92,97,887
108,69,71,97,13055
34,86,52,91,61627
19,93,60,47,149220
103,89,76,57,32213
171,60,99,85,7810
164,74,61,99,6051
55,86,87,48,157231
162,83,48,93,8300
94,66,56,95,47780
32,85,82,49,82002
55,96,52,90,115199
90,39,48,75,46027
49,97,99,66,177194
17,52,75,85,70003
132,68,49,43,20720
100,45,76,97,21421
140,41,92,76,2471
114,79,56,38,15326
119,73,75,75,45752
155,77,98,40,4905
126,65,43,35,28446
150,51,92,87,4666
29,44,89,76,87606
175,57,38,99,5861
110,48,70,62,10826
3,51,71,96,365337
113,65,62,87,25445
27,95,56,84,139890
81,45,72,93,29628
43,59,50,54,168668
162,46,97,38,4933
81,43,44,87,181703
58,53,78,78,198257
52,37,36,94,126717
14,41,95,69,191602
68,83,36,68,118075
109,47,98,69,15026
153,78,41,73,2742
140,38,53,65,10758
42,98,36,56,177312
87,56,49,77,34431
73,54,57,88,154038
61,96,98,87,39684
130,46,54,59,41771
15,85,74,55,99734
75,45,66,81,123132
17,40,93,40,364453
93,95,64,80,46852
144,42,84,51,1607
26,92,85,81,155265
89,65,63,58,24659
76,57,42,47,139083
128,97,61,75,9218
89,55,80,82,47699
141,76,93,96,9580
31,100,69,42,71048
152,57,70,59,3750
63,71,39,58,188457
47,64,73,97,196143
56,95,37,38,117760
90,50,57,60,38786
25,59,76,78,65872
163,56,39,53,8535
60,91,55,87,140442
11,76,82,99,99070
22,77,74,90,109901
165,39,94,81,9941
91,74,58,52,27017
74,96,41,49,104465
104,70,93,63,19624
20,83,46,42,378772
168,58,70,36,6532
12,41,74,93,111456
140,43,76,43,17322
54,69,74,46,96590
156,39,94,53,5002
45,80,79,73,191736
110,52,93,64,27216
104,75,89,93,49925
44,51,54,57,143924
117,94,41,38,34731
18,40,60,74,382645
146,55,39,51,33016
115,74,41,61,25037
25,65,46,49,396349
57,35,96,93,191529
36,40,58,81,191859
82,90,51,45,49683
121,43,73,81,12075
128,70,84,73,1689
150,87,40,44,5117
65,76,39,71,71077
178,53,38,61,7752
6,95,60,93,187418
38,68,59,70,92984
95,99,40,47,26016
79,72,77,75,10769
128,53,50,68,30188
10,85,83,57,184368
159,88,54,52,4525
13,95,72,92,118571
168,40,38,78,2118
3,62,41,43,323700
147,53,50,37,35349
101,88,60,68,26648
119,89,67,94,4474
38,40,57,91,50648
9,48,51,58,382796
58,99,72,51,104925
173,50,81,57,5842
165,64,56,35,2147
103,74,35,82,23925
108,73,78,83,25164
111,88,53,55,41818
18,62,53,49,304708
11,57,83,45,357480
57,74,56,44,191307
101,85,79,52,26424
102,87,98,80,14931
46,63,58,92,82202
26,82,75,45,75770
130,83,83,78,1389
47,61,84,57,184347
65,63,48,63,77349
92,52,95,82,26355
84,78,72,37,30988
117,62,88,79,18021
170,67,47,75,1504
100,39,42,100,18491
170,38,53,68,4261
80,39,45,92,121621
81,37,52,41,86142
142,96,57,70,8824
21,58,61,51,209878
70,35,84,97,30094
97,71,49,90,46817
55,63,77,54,155173
11,48,95,95,181708
151,42,79,87,7419
57,67,95,45,98194
156,45,89,84,5531
61,75,51,39,127127
125,73,66,41,49089
87,83,77,51,13526
19,79,82,66,131140
123,42,78,96,14203
82,56,69,62,42828
49,71,95,45,50335
66,92,83,77,20435
92,63,48,35,19486
115,47,58,68,20634
46,59,66,99,81400
21,35,50,50,314020
93,37,86,65,46386
117,84,57,99,16864
117,93,69,97,7801
9,81,67,40,225108
46,64,55,79,150960
117,84,37,67,49716
34,97,41,38,128625
38,67,43,49,124843
29,78,57,91,55680
14,81,39,96,97750
73,99,74,91,12464
79,68,64,58,23839
82,92,37,65,15890
139,72,80,96,3337
132,67,61,46,47231
17,81,76,64,146292
41,50,61,57,197294
105,61,51,40,21725
82,44,79,90,46263
2,81,58,45,380426
30,81,77,45,84359
5,35,36,70,379144
79,75,99,67,24401
126,42,37,78,26553
172,68,66,95,5316
5,96,69,45,397517
108,79,60,74,10590
91,100,56,75,16370
81,66,69,38,118337
100,42,87,65,14117
141,67,50,52,35629
119,46,48,40,45340
179,48,73,82,9987
64,47,79,37,67134
49,35,86,72,114759
9,97,86,42,171401
176,38,68,66,8147
24,65,44,69,93943
119,37,37,98,22666
180,42,81,95,2651
26,54,44,62,320771
179,36,72,35,8353
130,42,50,48,28813
32,77,76,80,186814
87,36,67,93,23723
175,98,92,52,8844
28,86,95,87,71104
76,54,77,92,47990
141,46,67,46,27100
100,46,91,38,14051
9,83,79,81,196162
102,62,46,56,16670
102,100,84,77,11884
164,51,60,77,4897
8,55,99,97,74648
154,70,93,80,2506
29,51,86,81,106100
98,48,70,69,40265
177,40,96,96,5820
8,47,57,67,337013
44,82,95,86,189722
176,71,75,56,3601
57,86,87,83,26268
35,86,75,71,151266
121,92,58,97,5579
54,38,59,95,130477
4,39,50,46,205312
120,100,77,59,48241
173,35,66,95,1412
47,57,87,60,139926
20,94,89,46,136123
135,51,77,43,36105
143,85,69,86,1523
114,47,47,62,38792
46,78,97,54,168107
35,79,91,36,195511
49,65,82,60,183144
34,68,79,57,94905
90,50,38,88,33902
67,87,48,37,188221
177,54,89,100,2747
52,60,53,97,156356
113,67,62,82,48399
176,97,48,63,2732
105,100,53,93,46313
77,37,92,55,97917
100,74,100,91,19914
38,86,72,91,57971
49,74,74,85,112683
89,54,36,57,53664
168,91,55,73,3142
71,85,55,92,26305
22,76,76,74,123114
95,54,96,47,41102
65,77,83,46,52087
123,38,76,46,37504
21,42,52,94,198195
30,40,52,88,165879
178,70,40,57,8215
99,54,95,89,27699
109,79,76,63,39925
164,71,64,67,9495
170,62,54,77,9265
27,42,99,51,192988
140,65,56,49,36958
46,70,47,59,100261
168,63,75,88,1167
148,51,38,94,3811
165,100,86,63,2637
90,41,55,72,47069
115,78,86,85,38566
68,48,49,49,126925
123,69,45,71,15703
113,55,49,79,23899
7,58,66,59,318640
173,44,84,90,2536
8,82,60,44,221209
44,52,93,91,118290
155,49,69,76,4480
140,100,91,95,5437
84,45,91,77,16768
174,76,38,96,9600
33,90,75,67,77901
43,64,62,74,161646
65,52,44,66,57023
71,77,80,61,36573
136,45,39,93,16722
160,81,66,75,6384
138,69,46,46,21901
97,84,85,70,12845
168,37,83,89,4961
135,85,83,97,3674
165,67,48,44,4755
127,59,86,85,5385
15,91,87,86,151275
73,82,40,71,81326
168,86,68,43,9232
109,35,98,46,23534
101,59,72,38,48314
89,95,66,62,21418
128,42,57,66,31122
43,88,40,83,196104
60,90,75,48,141602
76,71,75,64,48235
169,70,90,60,3214
95,94,62,78,35873
29,37,41,68,371985
64,61,88,77,122343
90,96,74,64,31931
100,49,83,77,47169
45,74,64,64,67820
142,51,42,80,16220
30,85,63,48,111395
40,69,39,98,155847
55,35,41,46,177764
35,67,38,85,105600
38,52,93,57,148019
19,65,87,88,138951
61,54,59,85,77540
125,82,88,50,19418
139,90,78,72,4605
80,55,47,80,42442
78,52,77,89,43994
101,66,50,74,36280
33,52,54,43,149246
122,45,45,62,13536
112,58,55,69,30767
102,60,52,54,41973
33,88,99,48,77842
122,36,97,85,17789
176,49,35,71,8014
9,55,69,84,278497
175,88,44,65,9819
125,45,38,39,22198
168,45,92,45,2071
121,87,91,74,7881
48,96,95,86,46507
76,76,69,43,148339
34,48,66,58,144631
142,83,94,48,3446
11,52,49,40,330295
7,84,52,58,362654
167,58,90,79,4979
166,63,35,35,9843
67,82,74,49,103913
152,76,59,59,1784
74,55,92,50,178878
134,39,59,42,47248
160,81,94,77,1644
89,56,97,36,25714
101,37,35,45,135106
92,51,35,67,10413
76,86,43,37,197225
83,87,46,100,26338
92,57,40,77,23025
104,93,95,76,16502
23,69,59,49,78698
142,50,96,90,9918
144,93,45,36,6899
113,37,100,100,13840
79,99,65,52,44989
25,58,75,64,179287
67,80,94,80,20825
0,96,80,53,241474
101,92,97,44,26309
145,93,78,83,9698
110,90,54,58,19785
150,75,93,48,2512
42,45,65,51,196100
45,59,59,89,174073
11,89,77,72,171348
53,51,51,66,123249
68,38,38,48,138038
50,47,64,52,184187
56,90,81,41,149550
125,53,75,100,4758
141,50,67,39,23286
72,99,71,99,33854
134,57,51,76,27254
101,88,78,83,26414
170,44,83,46,3811
36,67,78,67,123388
46,87,61,93,81322
74,84,54,90,18209
78,88,39,49,70157
85,72,79,95,47344
99,58,97,94,32467
114,40,78,65,34035
146,67,93,81,2645
70,36,59,68,159798
100,87,59,56,33972
128,66,82,41,47186
65,91,70,47,53315
120,78,96,81,2588
137,77,35,36,39284
132,66,73,62,43094
50,36,82,61,157183
63,83,43,67,140727
125,94,51,36,20509
79,71,63,53,22433
158,46,66,57,4257
140,51,56,40,19800
65,93,96,42,11385
8,55,72,75,243543
27,95,89,76,185146
72,38,37,96,187378
61,95,49,86,115087
102,90,65,36,45388
99,43,86,44,12590
105,49,51,61,29637
141,84,64,75,3556
11,88,80,39,345512
145,59,92,90,6659
176,99,72,68,1918
90,48,72,79,24908
136,36,43,84,49340
34,96,91,80,198420
80,64,84,49,35379
166,94,61,88,3049
69,38,81,82,153864
64,92,85,81,22620
69,68,71,89,16495
43,77,44,100,115879
15,69,74,96,186737
125,76,38,97,37670
138,57,95,86,4388
4,51,68,50,378051
51,54,82,85,102652
114,83,90,37,20182
169,63,51,62,6691
46,45,99,94,113063
42,73,35,43,128055
73,43,37,63,168613
41,77,58,37,73815
44,60,85,89,52426
104,69,45,83,32094
24,44,79,40,218587
12,98,64,39,336262
117,89,86,62,40975
176,82,65,58,6997
19,36,92,88,163144
38,53,38,54,149458
72,96,53,50,197444
149,55,90,94,9993
65,47,55,94,95161
173,50,89,45,3045
32,84,86,96,54102
78,50,63,39,159268
63,49,40,83,118822
107,85,76,99,30228
112,58,71,87,44821
166,96,94,75,9713
80,41,39,61,94194
16,41,95,99,169269
48,86,60,77,70276
112,90,67,48,21468
144,73,82,40,1405
86,71,77,79,29938
121,99,38,91,36790
95,73,51,46,28844
141,35,73,40,41712
110,78,75,66,37744
4,81,51,67,225257
150,84,63,98,6861
3,41,96,93,238036
15,47,42,95,360685
22,42,54,64,229749
147,36,51,49,13520
97,77,46,56,42503
93,54,49,42,21044
155,45,61,76,3556
82,42,93,94,25326
61,53,77,94,129282
83,98,100,82,15139
39,52,46,60,199792
133,92,91,43,2417
171,87,61,86,8349
140,65,83,61,3572
173,85,77,53,8378
146,47,72,69,6680
82,73,81,67,39018
177,100,67,83,298
137,62,78,47,21772
28,74,43,63,191443
80,53,82,76,20705
57,93,50,94,110610
144,98,67,56,5960
4,47,44,48,328070
158,38,82,97,5557
56,69,48,58,110438
121,87,61,42,20912
90,51,92,96,37725
29,80,51,91,97749
69,84,69,53,111770
142,71,65,89,3901
70,35,88,68,137270
71,61,77,50,90316
114,59,37,93,34416
85,49,95,46,49486
151,58,96,47,7848
114,39,81,42,11074
107,71,77,91,31803
176,73,64,100,6682
78,80,42,40,142346
117,39,37,66,25063
114,96,64,83,35176
177,52,81,97,9084
175,100,66,79,7834
52,62,96,63,184076
123,42,80,65,42752
65,96,52,89,24932
164,64,55,47,7754
18,38,55,58,359500
149,83,82,51,7547
159,84,96,49,1036
121,72,95,95,2372
14,62,55,63,358396
15,77,58,65,147505
84,47,59,40,71205
78,77,85,75,36712
162,78,48,90,7969
170,93,89,71,2185
173,82,74,54,8162
71,98,57,85,16498
139,85,37,41,42420
19,92,53,61,166940
85,70,94,57,38415
157,73,100,68,7483
107,84,35,36,46804
34,79,44,97,173417
102,37,80,73,38516
177,94,53,44,1608
166,77,71,52,3225
144,57,40,69,44680
36,83,37,74,159243
34,74,93,38,120824
54,39,99,65,198027
170,43,92,50,5549
87,68,69,72,41537
93,46,64,78,41448
93,36,43,46,67313
78,83,85,46,22655
125,40,60,83,39001
84,75,45,81,35997
15,78,92,55,186395
25,37,83,75,185186
118,46,89,36,43449
28,37,42,62,338665
121,37,94,85,23517
123,53,38,41,10040
143,99,87,89,8187
89,38,71,56,48251
97,95,80,60,44486
164,81,82,70,3574
134,65,95,80,1945
179,90,78,54,4885
47,64,76,75,54198
29,58,46,78,149528
78,59,46,80,62588
114,71,61,64,37032
91,60,81,73,16634
135,62,49,60,40953
142,89,47,54,5184
110,42,51,68,15483
47,44,63,50,130981
151,77,90,73,8560
92,82,67,76,27243
33,79,70,66,177129
79,67,77,40,35395
59,93,78,58,169878
66,74,54,59,51245
159,86,55,83,1278
11,39,99,98,77183
129,100,67,57,1977
58,61,77,88,78608
45,46,89,92,179160
92,80,71,99,11362
76,98,56,59,16050
180,80,80,97,540
105,41,40,53,47942
63,99,90,52,21658
100,98,68,72,45521
163,61,42,35,4522
131,44,67,76,25984
124,63,97,59,32418
156,37,64,40,9134
40,39,99,84,185244
91,55,90,57,13872
93,58,55,75,23029
84,56,80,63,29989
97,42,78,43,44846
10,83,86,88,56680
76,78,56,47,74949
18,92,95,55,176105
40,76,85,95,123990
89,91,92,58,14793
63,48,38,54,110389
48,52,62,87,160091
112,92,70,97,19842
168,66,35,56,6781
174,65,64,43,3144
135,90,60,66,7358
11,72,66,60,359361
166,39,94,57,2528
58,62,39,36,174993
32,72,63,84,107923
70,92,36,41,64957
174,63,95,65,8770
32,73,48,68,150510
175,60,86,66,2971
125,95,53,51,23504
148,48,87,48,8917
103,59,52,90,47081
127,57,47,73,44701
60,75,55,96,150343
121,77,59,63,47013
76,47,80,92,41899
110,75,75,54,14094
50,42,84,66,106422
84,78,70,45,24087
3,46,71,99,214477
97,74,58,97,37663
57,69,67,91,161818
67,46,51,36,88092
12,66,75,54,317946
0,81,81,39,259112
98,38,100,82,20293
130,56,36,89,47135
139,90,84,100,9288
84,45,52,85,35816
65,91,60,40,196913
55,81,53,37,152540
81,75,75,41,25893
30,53,81,49,87319
111,90,84,51,16689
41,63,40,58,73699
82,86,57,88,32090
7,46,79,91,361987
100,38,96,65,36398
159,74,38,41,2965
117,83,84,83,7735
170,99,40,64,9683
24,76,95,72,150904
46,65,36,68,159637
73,46,95,35,73245
91,45,64,36,174155
133,58,70,36,13522
153,63,84,41,2347
78,57,56,84,24033
101,82,49,40,29436
58,60,73,61,90154
114,99,77,75,10748
31,37,95,51,104129
47,41,66,92,55764
97,73,49,66,14532
130,59,91,85,9953
174,45,69,40,9600
144,89,64,44,4995
79,60,75,95,25032
44,62,54,72,146605
140,47,66,57,35654
164,50,45,45,7000
152,70,79,86,9866
24,36,84,61,55041
35,53,60,67,132819
157,100,90,44,3471
71,91,83,100,45676
18,55,90,95,100839
142,40,77,78,3156
127,54,37,39,17014
168,65,81,38,3911
154,72,57,82,3851
45,38,97,68,57505
156,88,96,53,4484
60,61,52,43,153256
103,51,63,68,19511
157,62,78,66,7192
61,66,94,71,56919
88,78,53,58,27770
94,56,99,76,42584
160,90,84,73,3679
42,84,65,60,54577
176,36,40,53,1072
157,67,60,96,5238
97,49,92,89,14815
166,76,37,65,3694
149,76,94,48,2606
156,53,56,61,6133
17,84,76,67,97865
64,68,42,98,108745
34,80,53,97,133751
122,76,78,80,43619
168,49,51,86,6955
129,41,53,88,48733
125,39,60,54,29723
70,58,35,57,78856
133,78,95,99,2230
71,57,88,59,135209
177,88,49,84,2972
160,53,83,86,9636
100,72,55,86,13863
166,63,44,51,2440
42,39,80,35,62605
114,55,55,49,27457
52,62,51,76,94286
105,92,72,98,25823
173,97,78,74,5106
151,48,99,48,6380
70,90,83,92,23605
47,64,56,76,180493
73,58,45,41,144176
119,56,65,93,32146
88,76,51,38,24163
135,58,75,90,3160
89,62,68,38,42033
127,62,72,63,12211
42,40,86,73,192477
112,79,79,44,33430
15,48,60,76,262016
126,85,97,36,30227
89,96,77,80,12637
42,35,62,53,178480
77,42,94,90,42185
43,83,82,57,50178
68,35,49,85,173220
100,51,35,87,20849
134,97,36,79,5228
111,59,83,60,27150
90,78,67,95,34293
7,47,75,39,359851
13,54,39,47,234326
41,79,71,97,197568
55,65,72,80,168264
118,94,100,62,8032
34,90,35,63,77690
54,68,54,99,183583
40,59,65,73,156156
176,97,91,56,6632
138,93,63,51,1082
66,76,88,74,11138
82,97,42,91,32108
28,69,87,57,154208
58,53,88,63,198215
119,77,39,72,49562
149,100,47,60,3665
111,71,85,67,23111
85,95,41,62,49269
4,92,67,100,71608
164,40,78,72,5703
62,74,88,53,85424
0,87,41,81,204737
37,66,74,75,137659
129,77,37,70,12503
14,62,86,78,136563
175,43,89,73,3998
166,91,53,50,1076
100,51,56,71,15011
48,55,79,45,187450
17,38,74,84,104852
178,63,89,61,1780
147,51,74,89,9570
141,48,37,39,18652
132,43,68,94,5379
57,100,62,79,97205
3,100,96,96,159626
32,87,58,80,179491
83,78,97,55,40501
16,53,61,95,73382
51,78,43,73,122996
129,60,95,43,27077
26,37,100,99,188936
3,86,99,49,102521
55,36,79,97,51198
123,68,35,93,23421
81,81,39,63,32708
126,45,56,79,10330
120,96,55,88,36019
144,36,54,89,7666
97,100,79,86,15752
24,47,51,66,203639
46,48,93,55,77808
143,45,55,53,44031
166,49,86,65,6289
61,93,83,65,33834
6,97,35,51,203904
60,52,79,79,197987
49,72,47,74,73729
32,98,78,71,93019
84,100,40,98,43263
1,84,98,51,240900
9,74,65,65,214128
150,58,98,88,1097
60,49,51,39,138229
156,45,60,91,3019
47,66,58,69,139750
95,81,51,99,43138
168,89,76,73,6865
16,78,51,62,233048
145,73,73,83,6089
164,48,87,42,5637
100,35,70,91,36474
173,78,44,42,2591
144,90,87,45,6017
55,40,47,99,198680
51,84,60,59,196847
164,81,79,95,6686
160,71,97,54,3086
126,51,88,35,49321
129,79,85,46,15132
166,59,71,88,8095
63,98,61,88,31882
154,41,79,65,1464
12,56,49,77,252682
84,35,77,97,37644
28,99,73,42,167811
34,83,57,86,142883
135,68,90,98,3688
95,74,63,39,11944
123,64,73,58,31507
2,65,51,93,210430
135,59,45,60,39163
157,96,44,43,6081
4,50,36,52,287002
36,83,43,100,116205
54,52,74,72,72582
63,42,65,48,148360
77,50,64,56,76801
98,51,73,76,44422
22,98,43,42,88439
142,46,50,62,47051
155,58,37,57,9657
97,84,95,37,13942
33,63,79,58,133873
90,83,55,49,39583
28,91,70,78,122202
10,62,99,93,184513
51,93,48,69,116050
94,73,51,55,37535
49,59,76,41,166283
66,80,95,35,114354
30,65,71,48,53543
66,74,43,79,163301
158,84,97,93,9381
11,40,66,42,251106
78,92,56,93,33134
8,77,37,98,247176
5,62,76,56,279037
97,61,62,52,47601
117,40,62,99,10338
145,83,38,58,8179
138,44,49,95,1734
146,41,95,96,1707
81,99,53,93,13409
90,53,57,77,38995
6,80,80,65,191939
21,99,63,88,75964
13,40,99,36,303995
124,63,66,93,31513
30,52,78,93,98829
4,54,60,51,386409
124,75,48,61,25871
106,67,36,36,24806
151,61,56,99,9734
12,55,87,74,121962
100,74,79,88,29580
112,98,70,73,27277
175,100,57,95,5210
180,69,99,54,5197
179,81,83,36,9591
23,39,46,100,111278
69,86,96,69,29354
0,75,59,57,296370
177,54,45,38,1901
140,54,96,68,7149
72,96,61,43,171929
37,35,37,68,184944
43,82,79,86,173909
15,77,99,80,64779
136,84,68,87,4008
36,57,52,46,193981
132,54,89,100,8427
26,68,63,74,108833
54,92,75,45,109841
40,40,98,63,190301
78,85,81,82,22590
132,52,81,40,41115
102,36,37,59,24496
10,40,84,98,176817
61,91,51,56,193405
48,54,60,97,136245
125,53,38,90,27115
34,77,85,60,107135
159,56,85,66,1000
106,77,57,62,37824
137,95,70,66,1722
173,51,87,86,4505
41,88,96,58,99541
82,66,59,98,10735
3,73,36,57,346118
83,70,94,87,26400
85,99,94,74,23517
48,90,44,69,125145
42,54,51,73,52097
91,82,67,69,48549
150,80,41,49,6063
164,94,84,47,7448
22,89,49,44,100291
103,97,91,80,21168
55,52,93,38,109083
61,67,80,84,120483
23,48,83,75,106468
31,93,87,97,179686
80,68,71,39,93049
71,59,80,61,91055
134,94,46,41,30908
135,38,62,80,35276
111,74,68,61,36521
138,35,55,66,32742
67,36,88,43,62778
137,37,65,38,14742
15,50,47,95,396268
151,94,94,39,9279
100,42,81,36,47696
116,76,54,45,33809
96,65,44,93,45178
113,41,71,47,49388
117,60,37,73,43673
164,57,54,68,1771
159,76,52,86,5182
107,38,80,65,14456
148,55,100,86,1291
70,49,35,50,163622
137,73,45,64,34743
160,41,40,84,8603
176,55,69,35,4471
30,93,52,71,167897
48,57,53,76,109301
40,96,77,45,175871
129,58,61,49,28644
102,36,44,85,42228
119,95,52,54,37938
93,49,52,94,35609
42,76,62,91,148444
18,73,87,93,99418
96,50,35,56,33760
175,81,88,53,4391
65,50,73,55,64124
22,76,44,46,349544
118,90,40,71,49275
153,98,36,35,3646
2,37,63,56,320333
56,97,79,66,195539
5,72,56,73,391860
19,42,61,58,225178
83,99,44,95,12640
126,48,96,46,16796
87,90,65,48,23558
103,71,99,46,36622
12,41,92,89,189861
105,84,71,78,22298
8,45,78,66,312404
92,76,58,61,41238
137,37,56,65,49469
3,100,81,86,132647
130,89,80,45,4532
58,97,61,97,24786
30,62,56,37,134689
121,65,96,79,3129
100,68,84,81,18895
89,73,38,82,21583
67,91,36,61,118968
146,55,45,69,3889
40,93,40,55,187869
42,84,73,79,102335
75,73,85,96,30361
165,46,99,70,5620
18,90,65,61,129954
52,46,94,55,192141
21,65,47,76,57841
154,60,84,55,6776
159,61,78,100,3265
167,69,55,40,7687
139,48,36,57,36036
126,50,52,36,49596
116,86,90,82,2089
179,44,50,86,8274
149,97,50,93,4438
160,74,59,75,2546
166,46,40,38,9501
76,82,100,67,49287
55,81,75,57,167580
17,41,74,73,368941
170,59,78,62,7822
179,94,60,35,9458
0,79,48,99,243405
137,90,37,84,2815
50,94,100,38,147249
83,52,49,68,196026
63,55,65,88,147753
135,52,92,100,8536
44,98,48,78,154640
78,79,70,73,39563
56,65,59,55,92759
135,52,51,73,28303
122,46,88,54,27193
95,71,61,50,48158
60,94,35,52,131874
88,90,99,75,13465
110,91,65,55,32103
124,67,53,52,32061
138,90,63,37,3194
67,69,79,45,140578
109,84,86,59,13274
143,60,39,35,26636
151,54,83,49,7872
46,72,45,79,74076
115,82,89,38,34559
112,64,82,90,41974
102,79,37,50,15898
120,86,85,44,19568
120,68,59,56,48800
0,41,75,95,279312
134,66,73,59,21380
147,70,95,72,1488
107,79,61,44,44677
121,44,89,65,31637
151,37,68,81,8101
84,68,89,35,31830
160,71,84,37,1497
162,50,81,68,8103
103,75,80,39,24523
49,52,83,75,73566
143,52,35,45,27865
136,73,51,69,2011
160,87,98,61,8782
169,87,99,80,2933
30,47,39,62,369091
111,63,66,77,22350
2,80,68,78,242509
17,79,79,59,185200
43,77,93,74,154833
5,88,57,92,67761
134,39,81,82,8623
30,57,83,71,58540
111,53,66,96,45603
59,45,68,87,182518
95,88,57,97,15048
163,86,53,55,7739
171,66,67,94,1452
133,35,49,91,17019
0,53,56,60,276549
174,80,84,55,8912
25,38,87,63,137926
23,95,100,90,161625
102,88,54,72,47987
99,50,88,37,12111
124,62,92,64,44345
74,60,89,91,39775
12,75,82,79,109983
6,65,81,51,352095
152,72,91,43,5803
94,79,99,43,45649
112,64,45,52,46897
175,40,59,59,6575
146,96,67,72,8477
113,61,67,84,41887
50,60,84,65,160174
162,42,50,83,2613
133,95,88,88,5074
43,67,66,60,112302
2,69,60,100,289884
172,55,48,95,8561
134,96,79,66,2268
179,59,75,79,2665
3,44,55,39,381036
175,40,60,53,6116
170,57,75,48,2392
17,55,49,48,294371
142,50,51,40,26283
151,72,92,57,8636
19,74,35,55,364361
29,63,37,46,326556
43,37,52,92,158103
166,91,49,51,4343
41,98,38,56,121284
121,49,63,94,25349
32,35,99,60,151290
26,92,88,80,81000
18,43,64,79,215030
138,69,51,92,1097
129,55,76,53,48433
50,76,77,67,170136
66,55,53,97,188562
10,59,97,73,193049
122,94,79,35,27274
174,84,51,65,9094
111,52,82,60,36996
111,63,90,92,37971
30,80,47,99,114316
90,96,49,61,30521
63,73,35,43,129555
30,83,74,37,58703
144,68,76,66,8078
104,77,100,45,17202
26,51,36,56,323964
1,51,56,67,277622
169,74,51,67,2002
111,59,92,80,14959
133,68,46,82,44805
49,55,80,73,57226
8,53,41,87,264276
54,75,73,61,70924
23,99,94,84,195977
137,45,92,70,7336
85,64,41,46,115360
8,81,38,91,224862
112,76,96,46,32754
9,87,54,93,67814
66,41,82,60,169617
139,88,40,81,4188
127,93,97,53,2638
164,82,48,60,7452
134,44,38,57,30312
96,42,85,40,13347
120,47,64,73,45617
167,38,47,96,4185
118,45,71,97,11135
147,95,42,90,8629
169,57,94,96,6381
135,89,56,56,2433
10,98,48,52,351175
53,45,68,100,163873
139,88,55,89,9609
175,54,90,53,1287
120,47,60,69,39994
118,69,44,43,38021
138,90,92,76,3561
15,42,94,38,239884
151,44,72,79,8435
130,88,82,96,5445
174,35,81,95,7244
172,68,87,90,9014
13,75,75,40,299176
45,71,100,40,173102
128,69,93,40,28689
22,89,79,56,185331
1,51,81,45,282069
116,43,36,79,37658
169,87,71,39,2048
72,78,90,60,19872
14,63,98,63,145798
30,74,97,71,159893
0,73,55,62,270462
180,54,83,97,6728
44,69,38,86,63659
116,78,70,55,42708
141,46,70,46,45269
87,69,76,50,41676
135,65,95,91,2453
110,76,56,92,20294
16,100,80,68,190914
15,96,38,92,51489
137,100,93,70,7503
89,37,72,70,11723
76,38,46,45,196360
170,81,55,57,7460
174,99,72,41,1397
115,72,84,64,25097
33,60,87,51,52261
146,96,47,78,9475
103,80,92,70,39990
146,71,99,85,6523
44,60,73,37,135143
83,85,56,92,19678
19,57,93,84,155523
73,93,91,65,47843
3,54,78,60,356178
166,53,81,70,3211
104,85,48,72,45022
52,93,45,56,145747
56,60,39,97,80136
139,86,36,72,5920
38,64,62,77,103316
168,61,75,67,7029
43,53,51,97,65445
116,59,94,66,48166
163,75,49,85,7681
115,97,41,59,20266
164,63,83,52,9240
32,41,77,85,81036
85,78,35,47,50905
150,81,49,46,6911
112,66,50,52,42017
142,41,42,62,40948
153,47,75,51,4884
60,41,70,50,140382
167,70,79,92,6546
0,98,69,73,332997
9,49,46,66,223350
68,76,36,75,138032
41,40,60,57,152821
16,92,85,79,174269
90,59,66,53,48381
82,45,81,77,14741
104,95,96,53,27658
105,66,65,38,34442
108,69,47,73,13897
130,51,92,80,6532
90,41,85,98,33714
58,62,40,50,111526
162,40,49,43,6933
135,67,60,51,17065
67,73,100,86,47494
121,45,84,86,17217
32,87,47,91,198840
179,37,49,62,8351
123,64,82,88,4951
77,98,91,89,38126
96,94,70,63,28224
15,67,45,85,161421
67,68,72,93,18038
157,54,49,38,3787
26,70,68,82,147977
148,76,87,55,2048
80,95,61,38,17006
18,51,95,68,79200
68,73,48,50,67303
49,60,51,60,195194
56,37,54,74,199144
136,48,45,52,31357
119,40,37,55,41432
40,94,68,85,56636
162,97,93,48,7077
20,75,94,91,169142
11,91,74,44,101261
12,96,76,99,152266
45,71,92,96,136446
102,65,64,60,31881
58,47,59,90,63749
80,87,74,55,34934
108,61,97,62,48397
96,78,76,73,46439
57,70,87,90,134143
171,78,41,71,6615
86,75,73,70,26860
7,77,49,88,329541
50,47,61,68,151531
70,69,54,36,98474
169,56,92,70,9798
143,71,55,99,9378
66,60,69,43,164011
136,57,87,83,6608
107,72,37,55,24750
172,80,49,50,7121
16,60,79,56,100370
67,66,50,94,103661
164,42,65,37,1851
132,80,77,100,3994
143,74,83,100,2000
90,79,57,35,24968
162,56,63,96,3186
115,85,80,43,24475
100,50,84,88,34178
70,95,44,71,99062
157,80,81,99,5630
152,50,69,98,7584
92,83,69,91,46675
4,62,80,50,338502
164,51,51,61,8060
161,92,83,98,4581
108,87,72,56,36075
63,71,56,84,60546
98,45,41,74,16826
60,68,39,58,198697
162,75,37,95,7883
114,38,84,99,13671
67,90,70,88,31916
81,97,96,67,36433
29,69,64,54,171305
50,80,88,51,177225
97,86,40,42,20415
129,43,48,55,38020
125,73,88,89,6056
150,77,93,84,2750
177,96,88,77,859
125,61,81,59,41935
152,65,80,68,7490
26,88,79,54,101655
48,47,75,99,68299
64,76,89,68,13022
60,49,90,90,97097
102,38,92,48,38440
7,60,80,47,346831
122,63,87,52,17708
145,38,57,65,34796
99,61,56,83,30465
151,63,56,37,3038
163,40,51,36,6239
169,58,50,70,4361
50,41,89,83,160837
21,81,55,90,196276
148,75,59,38,3050
134,72,88,96,4758
54,56,95,67,51123
129,72,36,39,49926
117,54,80,79,36028
103,61,65,86,12828
133,59,38,45,46795
85,80,89,75,30312
92,40,40,47,59287
91,37,95,63,39045
175,48,78,51,3088
90,74,59,75,22868
172,71,50,67,5358
60,96,50,62,169788
6,60,93,63,339646
71,43,100,88,46846
88,62,54,100,12500
161,87,68,95,3432
175,92,50,93,5968
35,97,53,92,141192
106,73,68,96,17965
136,44,37,78,18207
37,97,43,84,110549
26,90,49,58,75623
18,62,82,84,93988
51,39,52,99,189701
39,69,54,94,160394
104,46,72,88,14318
35,92,54,73,97197
79,80,59,95,49871
19,78,90,98,88264
48,71,56,73,140941
57,52,72,55,146609
81,68,88,65,25695
97,92,37,68,38427
43,78,92,84,108440
77,72,82,68,28859
54,94,66,50,58094
169,72,38,66,3681
0,70,41,78,313696
78,59,92,46,12635
10,78,100,86,158225
49,46,67,92,82649
52,83,69,83,61529
56,97,97,72,29161
33,56,51,47,67618
142,47,97,41,3373
164,60,81,51,4349
38,75,80,63,191787
147,92,62,65,6077
63,61,60,84,110286
146,41,75,42,39075
22,62,57,84,77424
72,92,82,99,17000
159,96,48,92,4412
66,99,51,73,24899
54,53,61,52,100189
132,71,76,82,6529
74,61,76,71,23421
155,75,96,67,6081
6,91,68,80,191467
44,94,41,80,192862
8,68,91,38,201276
37,48,75,37,125276
96,69,53,78,34294
159,79,59,85,9172
61,42,52,88,124283
125,68,50,89,47111
175,64,93,70,7755
22,91,74,83,68014
132,68,59,74,19617
94,36,56,45,71923
136,66,90,86,8437
111,89,86,48,31342
14,35,89,88,104743
139,92,44,83,7833
138,41,58,50,30810
93,67,51,94,37710
33,50,85,43,85807
26,82,64,56,170725
23,72,40,51,269046
59,86,58,85,59230
155,48,45,35,35579
50,88,100,100,38774
142,92,38,99,4810
123,86,80,91,2034
73,71,50,98,21212
140,39,50,54,46837
27,88,45,100,144924
4,41,56,97,336796
125,42,37,40,13943
99,86,71,86,48408
34,79,83,74,75977
7,49,76,46,358259
81,90,92,87,34753
169,46,99,99,8482
90,68,54,97,31563
100,99,87,64,18255
61,52,44,41,101785
131,74,44,60,16888
124,89,63,73,20162
150,90,95,71,6252
133,54,62,67,33949
159,70,56,99,9690
80,66,94,83,19751
166,58,52,46,8061
104,73,87,89,28962
58,100,56,49,61190
3,98,39,73,265917
24,67,74,67,143277
42,49,94,59,171315
48,99,72,41,143966
38,66,83,64,50833
173,85,94,76,7443
5,57,82,91,158122
59,76,79,39,105824
148,69,95,86,4423
109,42,60,35,43210
24,39,60,70,196010
7,56,42,60,395104
42,54,36,78,85310
152,75,85,54,6457
152,84,42,73,2926
7,71,88,98,81687
168,80,60,66,1777
26,47,44,91,128099
151,50,93,80,3709
38,79,52,43,181089
150,46,35,99,4332
26,90,95,53,79093
131,75,39,73,33954
112,52,75,87,16683
144,50,92,61,5480
126,79,61,69,19892
47,84,68,99,91114
119,55,74,91,11489
106,97,79,41,49185
31,99,97,44,131661
8,59,89,50,396187
147,89,60,56,2123
179,58,73,64,8048
86,87,77,83,13481
33,80,88,72,97752
61,92,95,56,45725
140,76,60,83,8456
22,82,57,61,190238
13,37,62,75,323111
53,94,39,36,81014
138,77,58,51,30692
36,40,50,66,76821
100,93,98,71,49789
156,85,94,73,1893
63,97,87,77,38210
18,49,69,53,355757
63,97,72,87,34675
18,42,65,36,395301
102,36,60,47,20932
154,72,77,79,7645
41,79,35,91,107122
141,41,100,41,9708
178,98,85,81,395
71,65,92,59,43272
160,72,65,41,8353
157,52,46,91,9579
24,59,96,35,193694
35,73,44,45,50948
15,89,36,38,235108
119,54,52,96,15997
165,86,52,64,4966
47,77,64,62,94279
59,97,74,86,42129
98,79,40,100,27469
51,73,40,49,135739
161,94,64,47,9645
105,100,58,99,18929
134,44,90,53,42921
175,91,81,72,6492
33,91,42,60,160152
136,39,91,52,23945
95,79,57,49,35829
123,51,57,93,25735
60,92,60,83,93311
79,46,66,93,26179
149,74,96,90,9979
43,47,64,99,55086
142,39,40,95,34777
15,88,99,46,60223
37,54,42,78,85327
50,59,94,89,84658
91,98,57,63,15984
89,80,38,73,13347
37,68,61,41,75072
14,96,89,36,155068
104,59,90,100,34517
31,93,66,36,66966
58,66,63,73,140932
169,86,61,64,4702
0,94,42,38,348574
75,71,52,82,28728
162,68,82,93,9803
37,93,90,39,165300
113,57,65,44,35956
174,59,84,40,2572
87,88,69,71,46609
78,78,99,44,39047
97,95,36,65,27695
148,43,72,50,9119
14,58,86,72,116474
84,60,92,79,11314
44,60,60,41,74342
104,89,53,47,28390
64,40,57,96,190782
40,62,38,67,83336
6,84,98,100,83554
51,93,92,54,186310
22,43,41,37,288702
87,52,92,83,49450
107,96,54,81,49630
138,44,48,91,20604
118,82,64,49,24240
15,85,100,91,96117
135,92,58,65,2786
148,60,62,47,6946
180,99,72,43,5564
71,56,60,97,47979
60,91,55,67,62124
11,93,80,40,154339
117,67,63,87,24580
53,87,69,60,108788
154,82,82,57,5389
177,64,85,52,3751
82,98,76,77,49363
80,71,65,72,14308
114,79,69,58,22560
172,98,84,57,4804
100,61,54,46,46005
57,88,100,36,159560
159,40,92,99,4158
117,63,42,89,19909
12,46,53,49,367021
4,53,36,70,246202
30,81,90,48,187914
22,55,58,43,245841
148,43,79,55,5267
124,70,70,66,18695
64,78,56,76,86814
63,46,87,83,65365
98,100,98,57,48147
101,77,36,53,17936
116,41,88,72,35971
9,58,40,73,353462
93,82,67,92,49487
3,71,65,74,312597
40,66,48,82,172796
99,49,45,51,20654
115,67,36,57,37325
36,36,70,47,80167
138,74,51,73,3982
99,64,96,98,16076
1,98,64,76,88061
78,45,53,91,24245
6,70,48,73,202586
153,65,48,94,2829
170,66,79,93,8808
160,65,40,67,4141
46,52,97,76,149665
135,40,81,65,28272
82,61,93,38,42854
135,58,39,82,16648
13,45,56,48,255571
128,55,85,90,3147
35,36,74,63,146175
109,50,39,91,21916
88,39,43,83,21922
4,42,53,37,258646
42,44,55,53,157853
65,60,71,74,175659
23,52,51,77,178380
164,53,54,61,9963
30,94,71,99,115419
41,75,58,71,124794
120,42,43,73,27280
130,43,82,87,2454
174,97,45,83,8276
2,48,40,50,379123
103,66,68,52,46148
164,35,63,48,6966
151,50,63,43,7819
74,53,50,43,173179
180,77,75,45,1140
170,77,88,84,6846
54,73,43,44,79803
178,37,58,43,6105
32,48,37,90,51989
79,69,51,96,37349
143,47,46,44,28995
111,73,75,62,24805
144,36,49,100,1730
33,71,82,47,164034
84,53,55,95,20257
19,96,65,55,184479
6,75,66,41,336743
75,86,92,35,24263
33,99,88,43,75787
20,67,62,84,98245
20,89,72,37,106056
138,87,69,65,4079
159,57,37,44,2848
150,73,77,74,3242
37,83,78,38,133210
138,93,82,53,9754
49,89,37,44,67770
82,35,79,86,41187
72,49,58,96,67748
32,97,56,61,97860
146,45,47,58,12989
152,85,97,71,7390
149,56,37,87,4288
81,84,82,85,29110
73,54,70,57,128572
7,88,40,91,264327
160,100,90,36,6193
173,67,81,92,7857
130,42,36,41,43549
73,48,67,53,161077
20,88,94,65,175826
67,66,81,85,41180
16,58,86,97,187632
133,88,86,74,4504
115,70,53,70,45456
42,59,63,58,182371
46,99,91,58,83750
95,94,37,43,36624
12,55,71,68,380928
52,53,93,39,194003
62,100,93,57,12466
53,100,97,57,50946
23,54,64,46,317508
122,81,41,92,46404
81,44,38,96,11990
53,98,85,54,91247
144,72,91,59,5337
53,74,43,38,159207
11,75,41,82,282710
79,38,94,100,37124
44,90,49,80,190570
50,63,90,72,131213
50,73,88,70,100066
22,95,35,37,367599
82,81,51,44,34867
165,75,77,96,8900
149,71,64,67,5206
112,56,76,50,32967
66,80,51,51,122541
133,83,51,98,9780
105,53,97,52,13488
1,97,57,39,386856
143,45,63,43,27533
145,52,91,72,8194
99,92,72,43,39137
64,71,66,88,96895
110,72,87,93,24910
175,35,77,35,9329
5,58,43,67,215397
135,44,52,60,37370
88,39,38,42,101997
134,78,58,41,15917
63,92,95,99,21865
30,96,74,100,50620
51,95,96,72,82605
124,87,91,70,6045
32,73,38,80,146877
144,65,73,56,9533
63,52,87,94,36585
89,70,82,65,31710
124,36,52,90,13209
115,80,100,44,19914
75,56,55,83,103156
169,62,89,65,4446
104,85,61,55,30054
101,38,47,66,24578
68,65,94,49,198583
17,62,42,62,313085
17,41,53,49,396511
170,36,55,98,1864
164,49,63,65,6158
126,92,73,49,34568
55,64,59,94,158078
80,90,59,80,39570
149,70,39,74,6914
78,94,97,81,37819
116,61,87,39,46390
148,91,84,74,8575
55,49,68,63,120756
162,59,87,89,6657
101,81,38,70,40126
15,74,54,53,312692
147,39,88,84,2828
119,49,53,89,41088
63,64,81,43,76485
132,63,59,95,6102
107,81,94,44,35564
84,75,47,60,43784
145,73,91,58,3734
54,50,63,46,160262
107,85,62,35,13757
41,91,83,63,61701
162,75,54,43,4530
116,90,56,38,22292
5,86,67,37,372214
140,65,57,92,5359
65,41,85,56,199628
165,47,65,85,5911
177,76,63,79,7187
139,71,95,98,2238
110,58,81,68,28174
98,47,97,75,40402
102,61,60,81,37163
63,68,62,100,76237
31,98,42,60,108515
114,74,53,54,25225
59,66,98,75,94488
13,80,77,61,58108
52,65,68,88,101275
87,74,42,63,47913
90,93,47,44,33048
80,45,43,40,80493
1,53,49,91,337403
61,37,80,88,175030
113,41,40,91,13670
11,75,95,59,178003
28,97,70,79,105940
13,35,50,40,333247
151,58,47,96,1161
28,47,43,37,369530
3,79,72,82,92891
44,55,96,92,175566
125,53,76,85,24553
58,57,78,37,90884
46,77,49,96,53958
33,66,98,37,185881
65,58,64,77,144235
179,50,55,84,3216
122,66,99,100,8280
59,65,52,51,54871
9,94,89,94,56735
151,39,70,99,1418
82,58,40,86,18231
105,68,35,57,15996
174,62,62,54,3227
175,51,98,39,7328
147,68,84,35,7017
145,47,56,41,27089
42,89,71,83,61843
46,65,98,100,106579
157,88,64,79,8696
130,62,99,65,8854
12,57,38,91,378130
17,79,69,69,180146
74,71,50,46,174218
71,99,77,99,49835
64,60,70,68,110568
23,41,59,71,357068
92,65,58,79,46613
98,47,74,47,35193
52,90,78,95,76800
36,52,36,90,175361
96,46,50,92,47137
26,45,100,59,75376
34,98,79,99,143810
152,87,95,68,4214
81,62,87,56,41751
151,46,58,35,38144
155,42,37,93,5210
109,68,54,53,44415
119,93,72,59,44784
42,48,60,59,64008
124,60,48,100,38229
63,60,68,89,97507
104,88,70,94,22930
34,61,42,91,156449
118,67,36,60,32422
160,62,37,87,2596
169,100,81,80,1798
57,49,44,76,185112
13,99,50,76,104733
114,59,82,55,44410
52,36,39,45,189995
108,36,55,77,17207
75,75,59,89,29326
55,78,57,50,161600
138,37,57,65,42999
148,60,86,94,5447
78,97,95,72,49890
7,61,71,68,297978
34,82,97,100,178679
110,50,99,92,41266
115,95,49,62,25451
76,91,40,38,62659
100,39,75,65,46927
35,46,35,40,280833
57,54,46,44,156287
102,42,68,37,16192
146,73,93,68,1661
51,45,100,94,67687
6,86,66,86,162622
31,78,59,85,100094
96,67,72,70,31941
79,59,61,63,134806
1,43,62,80,282322
14,36,83,48,353233
73,40,55,57,153974
62,84,40,99,187873
34,81,99,37,126814
122,48,71,51,25474
15,63,53,54,271318
115,45,89,95,43552
75,84,51,77,44713
151,100,68,92,8291
85,50,50,36,135207
129,76,38,44,21030
151,94,49,61,9795
77,41,73,69,59615
153,95,44,60,3346
116,61,46,93,19897
159,50,84,69,2146
149,75,81,45,4447
102,41,97,51,22529
152,93,71,88,1483
107,46,51,43,45306
31,91,42,67,113471
139,68,86,35,3460
132,72,55,93,5701
19,77,96,71,63057
73,77,64,73,43764
2,35,35,63,242723
8,46,91,46,264741
82,73,84,94,12467
89,96,92,92,45195
98,97,57,55,47729
67,42,80,52,88294
81,71,98,85,19506
19,54,66,97,156060
97,47,61,74,47829
58,63,64,69,75069
68,37,76,73,78459
114,100,89,65,44464
141,83,63,42,3191
88,94,74,67,34038
2,47,80,60,327137
138,67,74,73,6293
112,76,35,58,14817
109,88,82,54,43415
65,77,78,36,162751
33,40,81,85,175162
20,95,100,50,178927
37,50,89,42,50622
26,38,87,66,132772
13,58,66,92,140849
129,79,49,36,35280
174,75,72,86,9312
49,54,51,96,156305
62,43,67,79,86744
92,57,35,50,161429
146,68,94,97,2072
74,94,62,38,64515
79,88,68,50,32867
101,69,70,71,16230
173,88,69,89,5741
64,99,37,79,51021
97,59,89,100,11797
150,84,44,69,4304
85,46,83,81,34321
145,58,48,72,5080
67,72,97,64,31826
38,63,76,83,83527
91,53,63,67,41714
38,71,47,51,172402
144,53,84,56,6539
30,52,54,96,117361
21,84,56,37,330476
129,60,93,35,27460
79,77,52,73,16911
30,80,35,80,128647
45,89,90,57,118143
135,100,39,72,3295
96,38,73,42,29548
92,71,72,94,18075
103,93,53,74,45094
143,62,84,46,8467
114,52,94,74,40038
142,88,97,89,7025
54,43,97,95,157322
85,100,97,79,46473
32,60,64,50,171304
137,92,39,63,7950
127,50,75,78,37912
33,99,53,84,195744
166,50,68,81,3899
37,66,78,97,76056
13,69,60,38,260737
128,36,88,38,21101
67,54,97,62,156463
20,73,80,91,183722
134,53,39,89,32444
100,75,76,66,16531
5,36,55,48,329004
28,50,84,38,180765
15,45,97,90,81203
28,81,72,72,98731
98,88,59,43,14500
54,100,54,37,175803
104,78,75,59,30585
155,93,79,99,5201
28,62,69,47,170242
13,100,37,38,262150
14,86,93,51,51808
5,85,78,82,195407
51,68,99,39,112771
148,98,68,88,9648
7,39,55,89,288474
20,68,51,40,367296
118,43,76,72,48912
27,80,47,100,73955
65,52,60,38,71560
138,100,43,96,4983
36,63,66,43,144358
152,41,67,89,7635
16,62,36,71,269842
136,92,45,80,7924
33,53,98,61,121164
110,53,93,61,22234
161,71,50,94,8425
36,46,52,65,104448
116,82,95,64,13443
50,94,49,76,106143
64,50,76,99,65474
43,35,84,95,144933
162,52,89,82,8690
144,73,71,75,4167
111,67,84,72,33695
161,70,49,90,9136
77,45,66,40,102626
144,82,98,39,7780
90,70,91,77,37745
78,36,79,68,80587
103,56,42,54,43721
37,43,53,66,168858
120,96,70,55,39555
88,76,91,47,12211
136,75,60,72,2622
141,51,96,96,6822
137,49,92,57,1212
21,76,63,83,153568
155,74,57,78,3816
41,100,51,47,52950
25,92,96,75,152315
7,97,41,44,227802
83,37,64,55,107171
34,86,52,94,117099
77,92,99,39,28244
145,69,54,98,7116
113,63,98,35,25712
168,52,42,59,8591
76,82,56,98,27598
29,70,93,53,143465
56,87,49,42,142194
131,66,75,44,48744
42,77,98,51,105178
57,76,79,83,174318
78,48,45,50,151673
129,85,74,52,24060
77,44,35,95,85470
22,88,60,77,191388
15,44,89,77,89352
64,94,62,40,165565
91,58,79,35,11692
4,46,88,42,225450
70,42,98,60,75344
154,65,87,82,7793
155,46,49,100,6457
116,96,78,77,20774
137,40,51,83,45081
100,95,47,69,45715
139,100,79,74,7858
119,44,36,90,12812
12,65,74,99,105439
76,81,41,51,115002
101,51,95,37,29628
31,35,42,64,341538
55,40,66,62,177851
12,72,58,46,379464
0,54,90,66,379268
83,87,62,41,14487
150,41,58,82,9406
81,96,42,79,38886
40,53,53,44,51033
71,78,46,92,31766
19,49,53,45,201537
168,82,75,55,7286
180,84,53,51,4440
153,68,95,92,7900
57,89,54,94,195968
16,54,56,74,390011
34,66,83,91,54156
174,44,65,53,7983
175,94,40,91,5800
36,84,59,40,166693
101,58,64,85,37374
170,60,35,81,8871
61,39,82,61,134561
75,93,35,77,21008
163,62,43,86,1789
170,39,46,73,3356
53,80,52,41,59897
51,100,35,51,166172
72,81,59,92,32347
75,67,80,70,42359
131,74,36,46,44739
172,53,53,80,4413
36,46,70,99,92937
6,97,46,66,289276
152,75,41,80,4183
160,100,91,68,2830
84,96,90,59,48382
164,90,73,79,6441
98,54,44,40,25209
160,60,95,70,9509
107,57,76,64,28111
152,51,40,45,19984
76,50,61,61,107333
1,82,59,70,299538
88,72,74,46,12204
70,63,71,100,38444
97,39,86,44,44366
74,89,51,79,47175
51,95,95,69,172380
178,35,57,68,5714
79,98,45,99,21260
40,59,41,60,60577
96,85,58,44,11502
17,45,92,66,99172
40,94,80,90,102743
144,70,39,90,9178
126,48,79,85,17750
166,91,63,47,7055
170,84,90,96,4171
100,64,62,75,27419
109,72,87,57,38457
111,45,44,65,13243
164,59,55,49,5329
118,45,79,42,41336
153,55,86,84,3839
111,60,75,85,10655
40,86,91,85,101961
39,50,69,60,83096
78,37,39,74,87558
76,82,87,61,48947
38,91,70,41,68022
148,49,80,81,9872
53,57,46,42,111333
49,68,47,54,142770
152,48,93,85,5965
101,72,79,50,24686
107,59,86,80,41609
7,90,47,97,152670
52,89,39,73,95378
96,53,65,87,45393
120,39,64,83,36001
163,72,84,83,3971
55,67,36,36,198639
11,73,85,40,248142
46,79,79,49,110169
78,46,69,38,166361
83,77,65,65,24750
147,71,93,58,2780
88,93,63,79,31767
25,54,65,76,86913
159,40,66,66,4594
11,55,55,44,201160
139,66,52,84,8656
166,39,90,56,5064
106,65,52,42,18096
108,49,41,69,18689
35,74,75,45,123714
123,85,57,80,29199
112,38,76,68,46781
134,71,54,63,17904
163,90,39,91,8871
117,79,88,36,19143
167,35,50,40,8375
103,81,40,82,49655
138,44,96,42,26479
179,38,37,79,9173
29,81,68,91,142393
148,75,87,74,7104
73,56,57,58,198425
10,94,68,50,93161
170,53,62,82,7501
179,84,76,88,427
86,61,81,60,39161
82,68,49,38,181840
107,74,95,70,44193
103,37,77,80,11743
27,99,86,46,79023
24,70,55,44,60187
50,61,52,87,155201
78,39,71,86,36854
117,94,59,67,32752
14,35,72,79,291270
11,60,44,84,243416
95,98,88,77,47519
91,95,72,98,10810
100,48,98,97,37611
48,86,57,66,171187
11,92,58,37,294549
1,42,35,80,247687
31,50,65,39,145146
140,42,45,67,12546
149,92,94,60,6006
159,87,95,38,2501
144,46,45,48,39710
12,68,39,81,364863
42,58,78,83,184108
32,36,68,97,119501
66,44,49,73,92330
147,97,87,48,1652
77,78,73,100,11871
160,98,81,66,2545
63,37,94,60,53280
159,68,72,56,8453
180,36,72,91,3992
27,97,88,40,107789
94,70,53,40,11953
7,40,75,49,298179
85,90,52,58,19442
17,73,95,78,99383
27,64,85,67,170173
63,86,62,48,57108
53,83,41,78,50827
0,85,72,100,87232
73,93,96,73,29178
62,66,55,57,83657
14,35,63,53,271456
122,44,80,81,10529
9,93,68,76,105408
134,49,69,87,4072
141,56,96,70,3447
5,56,41,51,213135
177,93,76,74,6773
52,42,93,100,100023
71,97,93,45,27992
161,67,63,86,9892
114,73,97,69,39713
70,53,76,98,41579
6,36,80,66,275669
66,86,49,82,94455
59,38,55,94,182802
38,60,92,48,135128
130,82,72,73,3602
108,40,80,50,25481
127,61,88,90,9292
170,93,90,42,9692
178,63,48,46,3825
171,93,42,58,1682
111,42,98,74,13145
45,52,42,93,125811
95,55,37,50,49634
54,56,56,46,180011
8,58,82,79,102822
103,49,64,61,25770
116,92,44,35,24010
40,77,48,63,67916
36,56,70,92,131038
134,76,59,98,4845
3,100,48,38,347234
76,68,60,90,40041
123,37,42,78,29289
132,92,46,54,11312
145,60,41,37,14992
16,46,57,36,313256
125,89,49,78,21102
104,83,97,69,11716
1,86,54,93,209602
7,74,64,46,373232
115,51,100,57,26038
126,61,91,53,23483
121,100,66,67,25530
22,48,91,91,101897
39,78,81,80,104499
115,87,63,83,18244
136,59,81,84,5422
15,71,52,73,138013
81,42,91,54,44676
128,47,86,64,25609
80,91,39,56,21645
73,35,80,76,161145
92,98,55,53,27934
178,50,87,89,3070
163,52,79,79,2030
104,54,80,67,42629
14,68,39,43,334490
63,94,62,43,166984
49,70,43,65,139834
44,89,49,75,105870
118,61,98,94,2350
141,94,74,54,8986
132,84,94,54,6267
133,42,56,69,49628
19,37,61,94,148067
22,46,89,83,119105
154,99,85,78,2830
15,39,77,91,157283
163,82,84,36,3187
113,73,87,97,38264
161,46,51,40,5125
85,71,60,82,46135
158,80,100,71,1355
144,93,74,61,5574
139,65,62,60,1524
144,75,66,56,5727
109,84,37,56,31434
94,50,100,74,16583
85,90,48,96,41342
68,61,81,51,163258
26,85,93,93,160670
151,88,47,48,1965
51,55,64,88,90238
0,86,55,94,210875
175,46,89,37,2429
66,55,71,67,82371
0,99,71,74,78211
159,61,76,86,3588
45,100,80,59,114610
27,52,97,52,113983
85,63,54,100,32595
173,53,41,76,4471
179,67,73,77,5202
124,80,38,49,18746
29,73,77,48,119317
85,52,80,55,19547
94,99,59,66,28863
106,69,42,56,30171
159,80,47,67,9948
0,84,66,44,333504
174,41,96,86,6464
4,89,91,73,181151
104,77,44,63,37903
153,64,99,72,9686
14,53,62,49,338872
77,95,72,66,12765
76,75,49,97,41744
170,48,36,42,9211
43,93,51,46,88611
73,55,38,88,93236
154,68,35,93,2324
17,84,68,88,116741
51,64,38,87,174332
60,41,79,68,115161
138,79,83,74,3994
70,62,96,49,186040
48,35,84,48,190398
115,47,56,91,39012
40,71,39,65,65246
89,63,88,75,40170
33,69,89,67,66681
86,42,64,76,24616
13,99,64,47,101544
11,58,72,86,143509
108,69,62,39,42946
86,81,73,62,45267
174,55,82,84,2213
34,39,71,75,98185
1,84,82,58,397210
32,76,60,50,67338
135,41,55,52,11745
0,42,36,56,301651
162,94,65,75,7594
71,58,49,72,93214
115,72,100,39,23057
1,72,71,44,299034
71,58,58,38,137437
99,60,46,61,14741
26,48,56,83,197583
79,83,59,61,22865
47,87,35,88,136537
11,71,80,51,384706
84,93,61,49,28148
172,75,39,68,1446
97,47,48,95,43666
130,79,52,66,19695
99,78,71,61,27047
163,40,51,95,4738
43,37,73,69,198673
82,51,43,43,158066
8,46,91,77,223445
157,65,99,99,1726
164,38,44,61,1110
1,89,74,42,398926
60,41,58,54,142726
4,41,36,55,250178
180,48,87,97,3485
71,58,84,40,122663
25,68,78,39,119076
38,87,42,70,94638
68,40,36,35,167276
86,52,37,65,71525
122,42,56,63,30559
137,80,68,90,8151
150,49,59,60,1048
146,57,90,97,5072
145,84,47,100,3453
126,41,46,42,31910
115,47,39,41,28297
100,43,53,99,38906
67,86,62,40,73851
26,80,38,64,142204
57,96,88,58,137519
74,64,91,87,22925
88,44,35,78,33610
10,54,94,78,72159
78,96,90,37,19601
171,78,58,47,5484
106,47,42,85,47551
39,64,78,87,135075
68,64,72,41,195482
32,85,44,72,127314
151,36,57,85,9233
146,42,60,78,1815
72,70,43,45,88056
61,58,66,67,173344
89,79,67,36,20433
20,56,99,66,131476
163,59,56,86,7900
66,58,81,45,178901
178,95,78,44,3806
32,98,49,84,112724
128,72,46,64,19994
72,78,80,86,11306
38,39,70,35,87639
0,41,72,93,320635
66,41,42,68,76015
90,47,89,46,48857
0,41,44,71,357103
169,47,57,91,3281
18,66,44,42,363215
115,69,92,82,10431
118,57,60,89,43529
22,84,57,88,185494
11,56,51,82,356877
49,93,73,94,69930
16,68,43,73,244919
167,38,91,50,9316
58,59,39,35,59981
147,45,66,73,8608
81,70,76,43,16772
151,81,80,93,7017
41,41,35,43,62457
25,91,56,37,61146
55,96,74,50,166731
97,39,87,100,49562
114,79,96,99,8234
28,83,42,86,190043
128,38,94,77,14192
171,64,74,47,9082
19,72,97,57,113704
126,45,65,75,49137
56,64,42,70,150556
61,69,61,40,53833
63,71,81,78,67450
56,81,52,54,167746
125,91,35,90,27415
47,92,98,91,31730
39,37,97,45,151433
120,80,46,42,42979
142,83,65,80,9211
129,40,60,71,39154
121,93,100,98,8130
126,82,100,46,5595
159,52,96,50,2779
132,58,83,98,6110
87,35,60,38,53423
143,74,83,76,9765
92,89,61,63,39817
31,75,46,85,130414
6,51,93,74,287953
52,99,76,72,187591
159,56,95,66,6689
76,90,75,49,32256
58,99,85,47,144965
86,50,83,66,36852
15,77,87,55,137099
154,63,67,84,1415
45,62,85,60,195583
57,81,97,81,17749
18,99,53,80,84869
93,83,61,90,27835
76,78,57,76,18097
170,60,36,47,1386
102,46,61,48,41945
117,72,74,84,15825
94,96,44,40,46150
169,95,56,81,6449
46,44,79,94,62878
42,46,98,81,118819
177,61,56,47,9890
80,56,49,37,145388
133,83,99,88,9353
7,49,72,45,342408
26,45,92,69,84347
86,55,62,41,106158
162,40,46,35,6473
100,92,39,45,24244
7,87,50,45,371840
46,83,59,89,80062
114,60,68,36,35359
30,56,66,36,106713
15,85,35,69,393125
166,93,78,37,9229
109,59,98,61,40513
3,96,94,97,146268
158,98,48,39,9543
75,79,43,43,82604
56,100,88,49,72913
77,83,46,70,29403
96,47,71,74,40939
33,88,50,58,78594
143,62,51,82,5115
115,89,60,63,18823
21,54,63,91,50609
82,51,44,35,151081
88,73,80,46,13475
133,52,36,67,37594
21,55,63,54,350596
50,61,52,56,126072
36,52,55,40,111339
1,45,45,60,293914
42,90,42,97,113021
25,99,97,87,64940
10,42,64,59,328703
138,82,85,66,9075
110,76,57,49,36461
174,76,73,47,2705
115,57,79,56,46027
26,86,45,74,146322
159,74,54,52,4041
81,36,47,90,124491
116,96,81,93,9665
63,46,46,46,196838
17,58,81,74,72188
66,96,92,88,36632
33,94,61,61,115048
105,74,70,59,17609
60,86,40,48,50673
35,85,65,87,174659
153,84,42,57,6342
146,56,75,83,9282
30,51,51,45,205331
59,38,92,37,127127
99,70,77,54,35604
85,89,60,84,13657
87,86,95,49,29124
161,50,81,98,8147
125,95,75,79,9338
165,51,40,88,1427
58,68,49,56,164898
1,78,54,79,212988
96,90,90,36,13595
113,57,53,88,38996
20,94,54,40,194698
106,57,88,52,21561
121,82,47,62,39965
164,81,87,75,6141
162,43,52,87,7728
135,53,77,66,6382
151,57,41,74,1334
150,56,56,54,9340
13,56,67,47,231345
142,46,40,66,11270
144,59,94,97,3326
85,79,87,61,46327
44,90,35,71,145475
117,77,81,56,31775
10,59,51,84,345240
83,49,41,56,164520
14,44,39,40,232898
30,77,67,57,102522
11,44,67,47,274994
175,40,58,61,9155
98,58,89,44,47939
18,52,82,81,121639
83,39,69,49,114930
114,67,74,94,33874
116,69,35,52,17674
5,53,65,82,385403
55,83,42,46,70110
178,44,64,80,9651
41,73,42,93,179861
125,84,41,87,10134
95,64,88,72,21502
81,64,64,52,40305
28,83,79,85,93155
158,81,47,79,3117
56,62,35,89,128577
133,97,90,90,5071
96,82,55,82,36599
44,79,51,76,91438
118,86,74,98,5453
135,85,100,84,7498
59,88,98,77,35081
136,64,83,35,11072
164,96,52,89,9018
121,50,83,98,22984
166,49,46,98,4036
147,68,53,53,9401
176,63,54,62,2447
173,90,75,62,8448
57,44,40,72,120105
145,54,40,64,28546
122,50,59,85,35871
69,71,98,94,40952
179,90,51,61,3562
91,63,38,61,20067
75,48,90,56,135527
10,63,72,43,330969
88,86,40,55,16715
58,55,45,54,102833
50,98,89,50,123525
106,88,90,41,37774
12,78,74,62,72621
58,84,45,49,185011
137,54,64,69,49482
50,92,46,80,193724
138,69,49,88,6138
167,87,44,56,2683
0,61,70,67,285081
118,48,66,45,26869
92,99,83,68,21836
94,73,84,64,42879
141,69,59,87,6431
28,74,99,87,50372
98,98,55,48,28953
73,35,46,49,195321
96,64,62,65,32800
49,85,83,62,118304
100,48,37,94,20982
98,78,89,68,49937
78,68,38,46,79836
72,38,65,78,66695
5,96,56,46,206575
45,59,76,89,117096
79,88,60,40,32585
33,36,73,46,55112
166,66,66,56,3519
178,75,84,51,6548
171,66,82,64,1099
155,52,54,45,5539
110,68,73,72,33600
86,40,90,58,23627
71,38,100,56,183426
50,50,74,42,114838
70,38,59,93,82325
81,50,89,58,30093
10,76,37,75,353109
25,38,50,97,163277
144,53,41,100,6430
122,79,35,51,38838
7,91,84,89,129859
25,87,67,64,120237
163,55,75,71,4484
7,86,73,48,208276
165,49,64,61,9135
34,75,87,95,113612
124,79,64,35,49840
122,41,96,56,29268
84,89,65,88,21802
171,94,87,51,7877
35,100,36,54,71444
57,81,97,73,17377
59,66,97,73,128993
23,36,50,85,230547
53,90,96,94,39639
90,54,98,83,17765
25,86,95,43,126804
157,38,65,48,8960
112,62,49,43,12625
22,82,67,62,87255
163,36,58,56,8620
90,87,92,69,43014
153,80,59,45,2921
5,59,37,39,277366
163,70,59,90,4483
123,69,47,94,39978
74,40,90,61,184880
37,89,53,47,55699
5,63,95,49,335307
20,59,72,83,126733
169,56,82,62,3198
52,50,94,74,100016
38,40,81,45,195161
30,48,93,40,154932
57,52,67,64,132794
0,91,93,60,68612
145,58,52,73,7894
163,66,73,71,6669
161,62,97,64,2401
7,42,43,59,358600
63,37,61,100,85444
81,93,74,58,31416
52,83,100,95,13048
63,68,61,98,183486
59,69,87,92,20380
114,87,51,91,40011
142,53,69,52,35104
83,59,71,57,10458
45,41,96,57,95658
148,92,84,62,8268
65,43,69,95,62867
125,57,40,46,45130
64,73,75,37,144890
119,100,63,81,9416
153,49,79,95,9595
48,61,99,43,189570
165,53,78,45,2405
77,79,41,37,161974
61,35,49,78,148826
128,37,56,77,38977
27,63,39,69,64986
0,41,37,65,390850
16,52,51,76,207409
26,99,64,64,54611
138,92,47,44,49787
17,76,78,96,194206
151,64,99,75,1764
66,58,66,97,97495
45,46,35,56,123176
155,98,74,89,3390
59,75,93,70,188016
108,79,84,81,44475
87,67,55,80,14829
15,46,88,43,203362
180,77,90,98,255
28,92,58,54,95722
146,72,94,37,8062
108,93,58,90,21955
40,100,56,100,173880
105,72,92,71,45201
78,79,87,41,45191
166,97,80,36,8684
2,50,83,40,245858
165,98,66,35,2660
47,57,52,51,177204
30,88,94,100,189336
85,52,52,97,16428
87,85,66,55,26285
6,72,46,93,366235
13,51,57,54,202553
132,40,47,37,16324
158,37,42,84,3157
70,93,55,54,162220
73,83,72,67,19849
58,46,42,82,140729
37,68,38,41,134331
73,93,42,95,17473
122,42,50,82,48299
108,55,78,75,28722
55,51,60,97,102937
33,66,38,44,171451
78,90,69,67,24360
174,45,68,70,3255
96,60,47,70,11732
102,79,46,72,10460
66,100,54,74,35633
149,49,100,69,8258
158,87,91,99,3290
165,72,44,80,1282
124,76,36,92,11905
138,48,91,67,6163
17,63,64,37,315231
142,83,94,80,3023
133,54,83,62,47017
102,82,40,87,14076
113,67,46,73,45059
129,78,53,43,16478
131,97,80,66,5432
132,73,47,62,11932
126,91,58,43,42774
100,56,37,38,15098
169,36,87,80,1615
5,91,37,51,237193
87,94,73,62,35085
126,79,38,73,40082
124,99,50,80,8389
167,89,70,94,8715
163,81,82,44,6407
109,47,68,97,36074
149,65,82,56,2862
54,74,38,77,143048
80,99,36,37,129799
76,83,61,94,26834
164,82,100,61,4148
4,86,92,59,172103
90,96,50,82,47446
179,49,95,100,209
151,78,59,54,4188
65,100,44,84,33792
69,45,64,61,153724
26,90,71,73,153755
174,88,43,77,1139
39,37,46,71,94678
69,75,38,38,62965
154,45,71,92,9170
135,66,94,99,4337
18,73,79,82,171233
70,50,40,83,135629
87,53,99,56,23853
94,85,66,77,25091
16,96,51,95,60117
92,43,65,64,43608
118,44,98,67,39698
52,75,49,44,193311
91,73,58,47,43490
10,47,74,93,143877
60,93,51,47,62011
138,35,69,78,21136
179,100,87,99,739
2,82,49,96,352535
102,64,77,66,26162
54,49,68,57,109254
159,84,84,74,4441
43,46,56,77,112670
84,76,53,38,122856
178,94,71,60,9502
177,65,59,94,8301
146,39,93,88,3669
123,47,82,97,41825
81,77,46,73,46698
56,43,96,56,87667
130,50,37,92,41434
150,67,95,48,3725
97,87,95,67,27764
55,95,72,61,70208
39,40,82,52,103203
35,57,48,80,194002
6,51,92,84,196018
69,80,93,56,34519
155,36,93,88,5161
154,41,46,42,16792
145,72,68,49,8356
120,39,95,61,37180
94,53,64,97,12877
74,75,99,60,14548
53,89,42,43,163246
130,61,43,63,44926
73,99,74,90,34601
118,67,59,35,44560
26,71,58,78,93607
5,73,99,49,215039
30,51,60,87,55416
172,60,85,72,8601
169,76,66,43,1626
132,72,43,75,28505
106,61,74,87,49754
131,62,63,92,1748
17,47,98,94,198156
162,89,69,76,5427
116,88,72,66,37503
123,93,91,75,1643
134,53,65,54,19364
24,46,51,35,334606
24,68,78,35,154654
76,55,74,51,73696
75,68,73,48,141214
86,38,67,59,24888
159,35,97,87,9070
42,71,49,68,168208
34,80,58,35,153244
161,71,47,50,3757
116,88,78,72,16064
163,98,97,58,3627
88,45,80,37,49302
53,45,99,75,118200
25,88,48,81,169401
143,46,93,66,2918
101,89,53,73,19352
144,42,89,75,5300
54,54,59,50,174159
42,93,69,44,101197
116,53,47,68,23226
66,44,66,47,175194
124,49,42,83,47335
65,64,78,88,49762
158,58,73,68,8284
3,84,87,62,120565
131,50,76,77,32251
63,65,43,68,57562
162,62,45,72,2422
135,99,58,84,2161
16,35,45,75,232489
2,51,98,67,337112
113,81,77,91,37587
81,75,74,71,42329
14,92,92,45,165425
98,42,65,49,17516
78,98,65,41,30735
73,53,83,49,194017
149,79,55,68,6275
137,66,66,86,2271
29,90,53,56,181186
87,62,75,77,46036
72,93,90,74,21025
169,36,98,45,8809
56,52,50,61,140384
53,51,40,47,175394
146,95,45,41,5869
142,72,75,90,1785
162,79,63,66,3653
4,78,84,55,378581
166,39,67,58,7127
117,73,49,39,33766
127,82,54,55,45797
139,100,64,41,3491
17,82,68,40,195270
117,79,94,58,27115
144,96,67,96,1258
10,80,38,41,395689
96,69,62,75,19393
38,44,41,59,108820
157,45,73,60,9886
149,46,98,100,5539
51,96,99,49,64119
6,89,71,67,126138
146,48,43,39,21938
124,62,79,36,17279
5,65,66,93,256845
73,93,35,89,29002
7,100,46,65,387234
80,91,42,53,44442
107,91,93,62,45585
125,45,98,52,28222
112,87,39,53,35042
75,82,57,89,18662
57,64,95,90,53938
132,38,73,84,27479
21,58,56,68,173851
131,91,97,64,6475
96,38,69,67,49543
113,46,36,67,24298
44,90,62,64,193332
161,35,86,47,6031
8,83,59,60,336089
102,74,68,42,34429
1,50,97,52,318438
169,66,96,66,1105
84,56,61,35,128566
133,47,71,42,46060
19,96,57,59,169327
112,92,59,44,36943
158,38,91,68,6268
82,41,92,67,39236
120,89,84,72,7957
80,49,42,83,122756
114,71,72,62,13810
6,93,55,59,271362
31,82,89,100,57222
8,37,66,88,232982
75,57,48,70,178431
66,44,86,83,89467
127,39,49,42,12230
112,54,40,35,32957
122,76,83,68,33267
16,97,95,93,93598
131,67,54,55,14327
40,78,66,98,111798
164,95,60,56,7439
58,84,73,50,77820
89,68,97,45,35334
83,59,65,91,25958
180,100,90,100,830
21,87,91,67,64716
4,47,51,77,302867
121,46,90,63,31258
168,45,72,96,6113
78,58,78,53,26164
132,38,35,51,48570
99,84,64,98,33409
35,35,63,100,160141
147,88,47,81,4146
112,62,89,77,13883
20,87,81,59,134063
168,65,47,40,8815
55,96,56,98,76308
16,52,79,88,113481
94,88,50,66,20009
162,87,77,75,3583
43,57,79,89,198805
109,98,48,64,18230
145,85,90,91,3876
144,72,71,51,2114
30,48,87,70,147144
4,74,56,48,396819
176,69,86,63,8353
103,65,55,40,16941
107,52,64,94,42378
9,47,75,36,307780
160,99,71,95,4339
40,62,70,76,160517
37,92,43,82,126022
145,46,61,70,9308
176,43,68,84,4605
4,49,52,49,394264
148,95,38,82,6504
6,95,87,69,67428
75,39,37,93,193947
120,44,80,84,27085
144,90,78,53,4217
25,62,83,66,181318
102,54,80,92,15903
75,35,80,66,129629
141,99,59,76,1236
118,47,87,94,17891
67,75,40,60,179277
21,63,74,100,195524
18,50,68,97,148506
68,48,55,78,135454
124,82,96,36,39481
155,39,42,76,7297
119,92,45,56,24428
168,74,46,50,3602
25,40,53,57,358077
24,50,36,92,167984
145,78,88,43,5918
132,54,38,39,22304
4,84,59,59,379839
169,65,81,85,8734
59,61,73,47,157487
34,82,48,70,170372
166,39,44,36,4166
38,59,68,90,147513
80,56,67,92,16865
157,97,46,44,3877
127,70,90,40,29102
99,67,97,72,22825
15,58,58,59,388694
66,66,81,69,160805
141,59,93,88,4933
7,42,37,46,217503
148,75,76,91,4773
72,90,46,90,25510
160,52,75,46,1829
57,38,47,65,156773
109,73,92,64,29703
33,40,83,79,192412
92,84,60,73,29251
3,69,39,62,274107
20,44,89,67,83319
106,39,67,39,13152
3,71,47,63,369328
97,73,82,69,10659
94,93,78,88,49030
121,92,86,84,7625
137,53,45,74,20279
35,89,78,78,136996
1,40,54,89,232243
96,81,61,35,34640
103,92,84,43,44423
163,54,44,44,6036
30,43,38,79,149223
112,87,74,92,30428
156,62,82,86,1241
67,70,58,91,112423
2,79,53,83,266184
149,89,50,71,1538
162,69,86,75,3709
115,54,80,68,21346
61,44,47,42,150821
53,50,51,74,171065
48,96,53,83,81093
37,96,71,49,170636
55,41,70,71,138645
39,51,35,78,89105
41,79,80,89,68929
20,39,75,74,139430
12,57,38,74,336508
57,51,64,58,190783
37,93,97,98,57750
179,88,49,90,2260
53,95,78,35,197586
140,45,95,46,6713
103,67,75,38,38375
174,80,88,43,9548
82,70,92,72,37330
152,39,52,62,1408
33,97,59,99,137777
95,97,46,78,38825
53,65,56,82,137943
79,62,58,59,75646
111,51,100,42,23053
36,39,80,38,103317
28,42,82,95,188548
63,50,59,98,149789
69,61,51,69,192660
125,61,78,97,9631
135,91,95,37,8852
166,58,96,36,7340
99,36,96,45,39584
11,55,90,65,187374
68,74,36,45,158211
23,82,96,36,81961
16,94,89,83,128794
119,89,76,54,12623
106,62,70,61,46997
27,47,81,45,101958
38,58,79,82,171129
58,63,80,92,194507
139,66,42,45,48587
146,82,51,97,8201
126,85,79,62,1017
95,70,39,37,33941
96,94,78,100,29958
91,86,35,39,27729
78,39,93,60,46237
40,86,76,94,94539
127,49,81,67,40884
174,70,80,86,7255
71,60,63,36,122215
17,67,67,66,157175
13,79,60,61,338249
100,77,50,58,27006
20,84,96,86,77537
135,43,93,78,6317
97,52,47,74,35668
46,58,71,78,63355
74,94,37,51,172034
4,69,91,65,220923
49,56,66,52,83696
63,79,72,64,195918
116,76,47,76,22013
100,61,87,41,10158
87,100,99,42,40644
67,64,95,71,32099
44,87,47,66,73997
114,36,42,82,47645
32,70,93,82,164973
155,75,92,75,7666
5,54,63,82,269958
84,49,36,87,30662
140,78,92,51,8848
24,48,63,86,59501
11,43,60,61,387918
13,36,80,78,397138
119,78,79,100,6653
144,92,81,48,9560
40,89,55,65,69919
119,43,71,43,19495
79,54,39,84,193810
57,64,49,36,90057
21,96,59,52,161337
173,97,88,61,2323
74,63,38,94,180513
71,57,72,96,36836
21,92,95,52,153106
76,99,69,73,14249
16,84,66,56,125887
38,66,93,42,185924
29,57,98,64,131245
97,51,88,53,20782
106,59,72,89,45633
36,69,94,64,69598
74,73,76,61,11405
74,63,96,90,41914
78,47,39,84,132265
68,89,93,35,13942
136,60,100,54,7017
121,55,93,53,22205
14,66,70,69,109891
97,59,75,78,30169
48,89,49,100,122381
25,76,69,79,68463
51,77,89,78,62409
78,93,88,35,47269
177,65,84,63,4750
110,35,99,84,15905
48,71,69,77,163473
162,68,76,42,3983
67,57,97,48,82344
163,68,55,79,7457
142,79,51,84,4486
30,44,100,87,196615
78,68,77,37,78429
28,51,79,87,142593
175,99,39,62,8750
41,94,36,56,124651
87,70,95,36,10946
161,69,77,45,9419
46,39,98,87,180588
124,35,64,60,46105
140,59,49,35,12634
171,69,47,53,1339
81,98,59,40,14612
165,46,89,100,2789
66,60,85,65,66517
29,73,43,97,69819
69,38,64,79,71785
73,65,60,42,95628
37,82,96,50,154918
11,89,47,49,301254
151,47,53,39,32193
115,98,82,83,9911
62,41,68,39,54553
169,79,74,43,7719
106,94,54,51,16462
21,79,62,40,196679
65,95,42,41,112250
176,60,88,73,8051
168,36,86,87,7162
153,71,47,59,3222
150,37,85,69,2273
5,92,82,44,398925
154,86,85,79,3202
46,76,97,92,196369
45,56,88,67,167832
109,76,72,47,42758
103,89,92,83,27201
45,35,73,40,83767
62,36,95,58,146063
132,99,84,89,4270
131,84,92,35,3802
74,66,47,62,115673
129,39,100,48,27777
17,48,47,55,324786
29,69,85,89,194619
57,46,72,37,56829
72,91,60,80,34367
17,97,78,91,196150
61,80,52,49,134539
106,57,66,69,33897
118,96,78,38,15013
50,50,90,64,120180
17,53,43,65,264337
108,83,74,57,23661
59,44,64,59,172906
71,51,61,57,197429
73,35,83,51,61040
31,48,38,96,176224
114,48,40,45,14763
8,64,94,78,58101
63,96,87,41,77668
93,68,46,89,39251
86,67,67,48,44177
2,86,52,69,283907
7,71,78,60,203594
56,54,48,47,181381
4,49,49,70,315028
144,47,93,50,5795
143,84,83,36,7023
111,92,86,39,15545
115,60,36,78,45571
120,98,52,67,16317
79,91,100,85,37393
166,37,62,62,8326
171,54,45,45,2157
62,65,72,52,198104
41,62,57,44,109012
1,59,94,87,180320
168,67,39,40,5591
72,47,37,48,72338
35,80,35,54,86188
87,53,74,94,13942
25,61,45,62,135317
172,77,49,35,9035
115,42,58,73,45375
43,44,77,35,159706
153,73,95,93,9135
27,52,41,50,300984
102,92,37,90,43521
104,38,91,83,43102
5,88,98,89,68576
109,47,48,91,37271
32,61,36,91,141183
22,66,58,59,110629
64,56,60,47,143656
142,58,79,68,2447
0,75,60,67,223591
90,41,92,76,49138
62,84,90,59,198292
180,90,65,52,4294
2,58,75,64,253045
94,60,60,75,26036
153,54,47,90,5589
47,74,94,100,96608
106,72,65,67,14330
86,49,59,84,16623
26,42,94,66,196549
43,46,73,91,143511
89,70,55,52,31520
23,82,49,74,92937
88,74,73,39,13213
34,79,61,57,121909
169,87,90,37,6786
45,56,97,95,192699
47,47,63,47,98082
24,86,47,73,179819
171,76,59,73,2614
35,88,54,99,92816
128,77,87,94,7554
85,82,86,79,35586
156,52,47,48,4833
128,55,61,56,21837
110,54,67,63,44022
5,93,47,68,215145
139,55,40,61,18913
96,40,51,94,44803
1,76,49,65,332169
59,99,87,74,30587
62,97,91,58,47385
164,84,88,73,1840
134,56,50,77,16549
90,48,83,49,17575
67,55,61,53,61921
126,40,54,38,23251
96,51,87,82,36840
175,35,57,37,7225
11,53,42,38,228677
119,91,61,95,8997
57,55,92,43,153683
57,63,78,63,52784
72,71,40,73,73174
46,89,45,53,175714
124,87,54,92,2905
126,45,77,75,26963
163,62,77,99,5197
87,57,37,75,14280
118,66,82,51,10120
172,44,70,40,8161
24,91,50,86,134522
52,57,100,92,160013
60,36,39,61,70817
155,65,93,65,6973
155,51,53,39,9118
111,89,96,99,8523
58,77,57,65,179896
74,76,72,55,42331
145,43,95,49,2516
163,90,95,82,4139
118,93,97,83,5582
96,91,44,41,35757
160,38,39,53,4811
33,45,73,47,129453
118,56,49,69,23905
30,63,72,100,82878
142,50,73,94,6941
44,38,70,45,51664
69,50,89,87,44879
23,97,100,86,89171
167,74,73,43,1891
171,63,85,39,8078
43,49,96,74,94758
145,47,75,86,4417
161,36,80,42,6616
61,53,50,67,189461
112,79,85,99,11938
87,57,42,40,117752
54,35,35,94,53672
140,59,50,82,1930
38,83,53,38,114689
88,40,36,81,43381
20,40,79,95,108974
80,46,58,43,116389
157,84,95,41,9078
142,52,55,81,5844
15,68,43,38,302209
59,56,40,63,66395
145,100,57,76,4831
4,65,95,48,367475
132,56,56,62,16898
8,73,99,44,221918
47,83,71,38,108958
163,68,42,70,3717
164,59,67,62,4002
97,58,50,86,28866
126,39,75,93,24818
72,94,39,99,27319
81,76,75,97,40378
152,90,41,83,4260
122,53,77,88,13223
44,98,96,43,149928
141,55,70,50,48557
74,58,43,36,134212
100,87,77,100,10067
105,39,95,94,39291
58,94,73,59,101784
113,38,48,64,19350
58,81,36,45,149976
133,56,48,50,49122
5,37,86,87,206012
162,68,49,95,6260
174,46,67,93,1683
45,93,40,74,60756
147,77,96,48,1376
160,66,84,42,9083
151,74,52,51,3336
111,51,57,39,12054
64,42,80,77,135719
87,47,84,85,20449
44,62,70,48,181996
3,54,73,67,367952
45,61,69,40,96676
165,91,99,66,1277
12,92,89,93,103030
92,55,77,84,13568
132,87,35,40,19282
122,51,74,35,29408
70,47,79,91,20012
47,95,57,84,197251
167,56,66,71,4777
168,61,77,52,8452
142,37,71,53,28602
19,74,53,58,188118
0,94,100,82,151203
98,83,41,82,25922
71,94,91,58,32934
91,66,83,80,24119
73,87,96,37,12561
101,85,80,53,47524
26,55,89,63,199792
9,55,51,92,319998
73,40,44,80,129174
10,77,92,72,171319
150,80,66,43,8108
76,49,93,54,43514
107,88,47,43,38043
151,62,41,82,1016
178,74,68,40,7989
85,40,80,79,46263
131,74,58,98,2969
52,53,93,53,161986
103,55,71,91,29246
30,72,37,43,79320
174,65,74,83,7499
51,76,40,49,146689
137,73,54,38,44989
154,83,40,87,5079
35,56,95,66,59804
51,87,64,63,130736
59,65,65,64,70045
150,62,74,66,5072
89,57,48,42,191004
175,36,68,88,2675
54,80,67,62,60872
10,89,71,57,125619
38,91,51,49,186568
124,72,62,99,1866
149,56,39,83,6640
136,60,45,92,3719
146,89,48,51,8307
136,47,67,73,42418
14,71,50,82,133588
15,83,38,43,335290
140,81,84,36,3227
76,58,45,81,109085
87,76,69,96,20969
142,69,90,93,9170
37,38,86,70,125432
78,43,87,44,168369
165,64,81,83,4280
113,100,80,95,2141
88,66,65,38,18686
96,68,38,67,15966
103,54,87,86,29640
0,50,90,70,211336
180,72,78,90,8911
9,61,55,42,288637
144,93,76,50,6862
153,48,67,56,7787
95,65,95,43,24239
26,39,62,78,157565
176,70,72,54,2432
111,65,75,83,16071
147,70,59,65,2160
123,51,46,65,29218
46,62,78,47,165586
78,91,37,91,48806
120,84,50,74,25483
123,47,66,99,23432
16,92,46,74,177386
68,85,80,40,121016
58,80,57,61,134226
136,68,74,49,48717
160,64,50,61,2163
168,58,62,76,2913
85,48,98,92,40272
16,71,89,50,152376
52,94,84,48,168488
13,88,99,89,182773
121,51,87,74,31930
114,81,87,43,25130
152,93,45,47,8455
147,51,57,38,18671
85,45,100,50,13677
164,79,66,100,1554
179,90,47,97,5396
143,90,99,47,7368
110,51,84,74,40607
42,85,99,94,151173
173,54,83,48,2664
85,87,66,38,26271
157,54,94,67,5963
75,49,91,49,156605
168,49,46,53,1140
113,67,41,78,17441
47,59,95,68,51620
29,93,91,97,177398
117,50,54,52,49248
29,70,59,79,170707
65,60,72,89,170169
56,96,48,75,163502
172,84,93,86,2737
25,44,93,98,60098
81,46,38,43,122347
51,76,61,62,191438
9,62,37,49,325358
80,61,89,62,28514
73,52,35,100,73088
84,78,89,46,30432
161,59,92,94,3555
44,38,90,59,71559
163,68,93,71,3213
44,56,96,38,56191
135,66,57,92,1077
18,93,91,55,67034
163,75,74,45,3136
23,78,51,94,179060
121,52,86,42,36303
38,63,41,59,90356
65,53,100,84,21319
140,35,49,87,33942
79,41,97,48,39462
23,70,89,63,195606
55,45,89,59,140415
50,42,38,71,164674
100,82,48,57,29488
114,76,58,98,31879
151,82,82,37,8290
137,94,38,84,1928
35,91,68,79,80653
16,99,61,48,175153
89,36,62,56,26647
47,93,35,98,145169
120,60,41,47,34863
130,55,65,73,44292
13,94,100,52,186807
135,62,59,69,18975
83,52,53,36,192043
78,89,42,64,41048
106,96,67,38,34455
114,68,70,63,11258
67,69,62,56,89164
57,85,60,40,112854
36,57,66,88,67078
84,45,74,55,41478
46,69,81,82,77420
14,42,75,35,345823
2,67,62,95,208632
57,58,84,60,122415
11,76,35,77,330094
154,98,84,84,8243
169,77,83,37,4592
176,87,80,97,879
85,74,57,50,44642
77,59,76,97,37009
117,86,60,66,36502
111,54,37,38,43962
9,73,59,98,132081
55,87,54,49,109949
114,71,83,44,22981
177,76,44,36,4508
81,97,56,62,44435
83,35,88,57,37554
70,89,74,83,30730
115,53,80,95,20509
103,65,86,49,24652
17,56,55,45,215976
13,46,46,42,338881
96,62,82,56,36508
132,42,74,61,15352
83,90,53,74,24499
63,64,38,62,148047
140,54,72,58,5257
138,88,75,100,8994
109,92,47,59,10734
28,79,99,89,127115
61,51,36,96,192828
46,57,72,98,92838
9,62,37,70,358153
36,74,76,96,195102
179,94,99,84,563
114,58,40,85,32472
23,66,88,94,70394
131,88,73,36,24832
65,45,53,96,101538
176,92,92,47,7692
118,68,44,75,12062
0,95,77,100,88134
96,60,44,53,48041
119,77,65,56,41680
40,35,99,91,136491
160,78,82,35,7237
101,51,79,79,13681
95,89,86,39,10538
102,77,75,54,21834
151,60,39,63,5655
31,95,70,74,83170
130,95,50,94,9586
32,42,50,95,68969
15,62,89,60,77139
148,83,80,37,2073
164,100,41,78,9168
150,54,60,96,5601
176,37,40,42,1224
125,76,54,99,8478
112,54,97,90,35338
114,83,42,68,45080
65,68,35,100,129047
174,37,69,70,5340
151,44,55,92,7956
138,52,50,90,6184
63,48,86,73,143276
141,38,42,93,23389
114,67,82,60,21311
174,92,38,79,3034
92,53,54,88,34765
50,44,64,72,162929
73,61,54,50,175086
165,86,100,67,3790
41,37,67,72,110500
41,51,78,72,198067
40,74,40,71,138762
48,92,49,74,165746
179,77,40,58,9511
160,58,89,99,4750
75,86,40,87,45362
101,44,36,42,20611
30,95,87,35,55907
124,42,96,85,15735
39,96,51,63,80253
38,83,40,75,56573
172,43,94,74,9260
154,74,35,97,2143
175,70,80,35,2730
87,37,54,90,35709
104,54,93,42,44835
99,45,47,36,40056
103,56,80,59,32947
45,46,40,56,81498
78,48,59,42,198029
64,82,57,100,18947
55,39,39,42,112690
14,82,58,78,150019
89,99,44,43,44374
59,66,84,55,62309
63,57,96,57,82464
4,65,46,46,294764
125,61,59,62,49645
89,99,66,61,27555
155,88,35,54,5726
115,75,47,78,21875
114,71,94,43,12165
102,97,88,84,24576
11,75,78,84,51298
179,54,35,64,8374
149,82,97,36,1931
158,48,75,95,6763
121,56,97,87,3640
73,54,52,73,158374
121,56,63,99,24357
88,38,41,54,53567
72,72,65,85,35221
150,92,57,89,5128
163,51,79,80,3748
136,93,70,36,1138
151,89,63,37,7417
108,55,78,68,18233
66,90,42,94,42098
2,47,77,82,368072
108,80,85,64,20354
103,72,79,72,20229
56,89,51,39,72716
2,85,52,56,386755
22,63,81,87,156858
15,75,93,77,81224
164,49,66,92,4719
52,79,42,98,72869
63,87,72,89,11717
35,77,66,94,160685
93,54,60,53,14241
111,64,70,76,14375
90,67,68,97,26219
34,68,66,72,165800
113,79,36,99,11718
114,74,76,38,38494
87,78,69,39,35099
157,35,95,61,9324
48,80,87,77,100897
29,38,95,74,195735
7,66,59,41,218064
117,73,100,62,41119
95,70,79,63,25302
28,53,92,49,108196
149,87,57,98,3926
52,75,79,80,59066
9,64,69,83,119529
74,43,37,69,139298
85,76,61,66,47878
136,43,61,66,43484
113,56,84,36,21380
153,47,42,97,4476
113,91,59,58,29055
179,80,72,97,985
36,81,63,49,163798
110,56,66,76,19042
62,35,38,41,129810
11,38,45,100,276756
16,53,50,53,342828
49,57,69,44,186226
49,85,93,74,79071
25,80,58,56,153027
0,55,48,54,358514
8,65,80,80,152855
31,59,56,75,106565
12,43,50,95,212368
51,40,54,54,149726
86,91,42,40,32448
167,65,52,86,9905
34,64,84,37,76696
97,99,37,39,43368
180,71,46,36,7778
77,63,91,62,26170
71,41,39,99,117020
40,93,95,88,111493
58,83,86,68,138633
14,53,66,36,214647
79,80,63,98,31249
96,71,96,86,21330
176,70,59,43,9795
81,44,35,38,160873
52,57,36,35,121610
83,87,76,59,14496
132,47,67,97,7204
100,56,84,46,26213
5,90,38,59,387666
9,52,37,71,272170
66,68,41,59,69908
147,35,50,63,48586
152,49,69,67,9990
100,85,37,35,14281
161,74,64,74,7217
96,48,91,46,48660
22,95,72,39,92307
137,87,97,54,6849
102,46,91,87,46700
155,69,91,36,8751
143,89,82,50,9674
98,100,61,38,16378
25,89,67,40,189085
57,65,74,35,133976
135,42,55,39,11019
46,88,84,78,191665
165,77,36,61,6640
46,88,93,85,164999
61,90,60,91,45275
99,92,71,49,22104
91,57,81,85,16429
114,79,47,41,47917
123,39,76,56,46212
21,99,56,42,87364
144,82,61,97,7881
96,39,76,55,44072
88,54,77,66,19953
82,35,51,72,75424
105,75,45,90,43803
115,94,46,94,36978
6,40,69,35,207719
110,74,59,41,49168
150,41,88,63,5197
99,43,54,93,19691
93,81,92,52,13333
2,86,95,67,117801
100,84,64,51,15479
141,67,81,90,5048
13,63,40,58,228187
99,90,37,38,15623
165,66,88,94,6492
169,82,84,92,2761
96,71,91,57,40537
63,88,65,78,126983
131,68,75,79,2342
9,68,86,97,131724
55,100,93,96,43859
49,50,45,80,54397
43,79,42,86,88174
79,87,74,66,12945
11,66,46,64,208482
45,53,99,51,181225
179,46,69,62,7998
54,57,83,40,168326
171,44,65,73,6752
140,92,60,53,2153
152,36,88,84,3145
41,43,97,67,178376
5,96,48,88,168880
122,90,77,38,16466
80,51,67,88,21204
100,63,62,45,14778
32,69,79,98,134199
3,85,96,61,184717
119,96,92,54,40452
72,91,51,71,38550
123,50,43,51,19720
16,64,98,76,189136
69,68,94,60,36274
166,70,51,75,8094
18,96,77,66,127281
23,96,82,94,68277
110,67,71,74,35500
117,71,95,65,36929
98,64,52,39,22561
115,96,86,82,7781
148,39,40,55,48653
0,72,39,96,352713
175,94,76,87,684
26,56,77,72,78541
22,98,49,92,179282
62,79,70,65,71123
20,99,49,54,123947
169,40,85,71,3050
109,37,66,70,22417
80,69,75,59,30391
57,71,51,91,131718
45,82,41,56,170254
44,67,75,91,171976
61,42,40,41,139060
45,45,60,92,197456
61,94,63,76,171179
162,53,49,89,2517
167,87,82,57,7937
29,78,88,98,172444
155,75,56,71,9933
169,98,99,51,3180
28,61,81,74,144592
6,63,65,83,203069
124,76,50,49,39823
159,46,48,45,3937
6,50,42,48,207568
83,84,70,96,26342
139,73,53,73,1943
42,89,44,52,127510
51,82,47,84,62646
59,36,91,85,195084
69,69,91,64,42010
150,83,72,70,5055
8,54,70,85,286930
74,58,71,50,170989
138,75,63,73,1297
85,58,74,43,39662
117,76,90,60,11161
157,78,72,62,3474
68,52,46,60,137926
41,52,73,99,142503
166,64,63,99,3788
37,92,73,70,144398
31,91,61,44,86646
60,89,84,90,12596
58,50,98,35,89462
41,93,79,35,188012
122,68,64,99,38251
164,66,95,46,1423
25,50,88,44,197349
4,98,58,48,312392
27,73,40,96,61441
173,60,43,48,1980
138,67,74,61,9231
23,88,49,50,169621
163,76,54,52,8503
12,49,69,78,393167
97,42,93,49,39126
68,65,56,47,57342
108,86,89,92,47383
22,64,76,39,171834
169,75,93,41,7150
44,73,52,51,109766
110,50,99,57,16843
109,71,77,56,11204
79,79,74,82,19433
77,77,65,49,37926
85,43,90,35,17333
171,92,91,76,9074
132,98,40,66,23041
30,61,60,86,190983
174,42,39,85,5458
20,57,98,90,157346
49,44,57,94,110844
82,70,52,97,23590
139,80,86,100,6543
150,68,82,99,8755
118,65,44,84,28809
8,48,94,71,299719
46,67,72,90,65974
72,38,72,92,53850
18,74,98,100,188876
71,92,73,95,35418
7,84,74,66,170551
81,51,41,69,176038
9,44,40,44,355160
153,42,72,98,2978
33,66,78,45,76699
160,37,60,57,3469
151,82,87,82,6478
34,61,53,87,53171
5,59,63,59,298561
172,96,69,67,1757
121,52,75,53,19098
15,52,68,95,122075
153,64,97,88,3250
159,92,78,82,9297
102,49,80,36,22464
94,39,59,82,23275
103,83,87,99,30005
82,84,37,38,91117
116,35,56,51,11311
72,87,85,49,36324
14,50,36,60,321195
52,67,73,80,67614
67,42,56,50,67003
32,93,87,39,189723
55,56,37,96,152763
2,46,99,98,83430
179,42,80,47,3071
170,87,37,62,4717
157,93,39,76,7843
1,89,57,90,217011
132,77,94,48,4737
42,75,44,71,80325
105,74,36,45,43441
39,48,47,76,143964
7,61,97,94,112276
84,82,89,50,40045
117,53,93,54,45707
10,66,47,56,358131
174,85,90,63,8492
24,47,80,74,80946
71,73,62,35,161102
83,76,41,47,153418
138,41,92,87,4935
24,44,35,96,165497
37,84,56,94,78292
66,72,62,52,142844
144,95,37,51,8043
104,42,65,67,39569
180,38,83,67,8961
50,60,35,46,68155
55,63,51,44,105553
155,73,40,52,9687
84,99,40,86,43523
151,68,74,81,4570
44,65,92,35,125512
179,81,95,100,100
152,93,37,92,7226
171,67,59,39,8256
47,36,55,43,86636
24,78,74,91,137535
26,53,100,92,54382
14,97,82,70,137279
138,47,82,43,36191
48,51,71,99,80977
146,64,38,51,12055
16,52,66,48,343084
39,77,96,38,176905
71,60,73,58,130879
41,40,77,61,175612
45,83,77,51,94392
114,98,68,37,48353
48,70,65,51,65281
31,72,82,88,155772
9,36,53,93,252426
105,57,91,63,17567
16,69,83,71,193490
178,59,85,77,1776
84,86,78,46,36509
38,36,96,87,159851
50,58,85,48,58594
165,57,80,50,9774
16,64,42,72,312998
138,87,73,63,4888
61,99,63,65,120479
133,85,48,50,49080
122,76,56,76,46267
107,94,92,81,33925
149,55,71,64,6707
25,42,85,84,86498
119,97,81,60,33249
99,38,71,66,25164
156,98,37,38,9896
137,60,74,55,14558
29,90,61,84,101522
143,55,77,80,9816
154,57,36,61,5825
97,100,54,83,10231
100,68,94,39,10203
124,88,51,92,4105
160,56,81,38,4363
38,74,48,51,148485
123,65,68,40,37815
177,95,63,65,9871
104,77,48,65,20183
126,58,99,44,28745
106,97,42,86,14939
168,80,45,79,4961
97,87,51,62,26525
23,78,72,57,75670
175,89,66,42,6012
155,70,82,59,3034
159,59,76,100,5172
33,85,90,49,132906
4,89,44,92,279255
20,68,75,61,150030
67,87,93,63,18457
92,85,63,62,20304
131,43,38,74,37740
159,79,54,63,4280
147,66,63,77,3271
79,42,57,49,106864
124,91,74,43,45404
113,59,86,61,34372
176,96,71,43,3539
180,90,69,99,658
87,71,69,67,16440
168,84,74,45,1960
40,89,72,91,96000
111,36,87,42,21002
62,39,97,64,123024
127,54,44,67,35197
131,50,65,44,47287
126,75,55,62,15652
63,41,83,53,159570
85,44,57,45,155875
147,89,57,42,1899
141,99,53,61,9080
154,76,50,84,3273
133,92,48,71,2173
149,80,92,94,3822
115,53,61,70,48540
29,81,35,73,115084
85,64,37,55,130249
156,80,81,47,8781
83,100,52,54,45756
13,78,55,57,200453
153,37,100,47,9697
122,48,40,55,18905
70,37,92,46,59196
16,54,90,45,206647
86,64,71,100,38286
18,88,59,60,181480
98,41,100,88,25322
143,67,81,94,5606
146,91,68,81,1759
28,38,56,62,260457
174,84,47,46,7110
154,85,76,60,6076
13,70,84,98,82482
141,36,67,82,7078
128,71,82,36,37627
155,75,52,92,2991
162,82,66,93,6371
171,85,46,52,3700
134,69,36,61,10778
6,36,92,91,335680
51,81,68,41,156704
69,97,58,77,28092
155,65,88,67,7079
159,38,66,66,6231
159,48,58,67,1456
23,72,88,71,51724
112,88,74,48,13750
147,41,89,86,6183
20,100,61,98,165284
165,55,72,67,6303
79,62,92,92,10305
19,71,68,48,147493
19,73,47,94,155621
41,61,50,95,192798
86,81,93,55,20857
8,46,77,56,268400
159,93,45,96,8255
89,58,96,85,47470
121,40,76,93,37237
115,48,80,52,24561
66,76,37,45,119002
76,48,86,85,10837
13,77,99,50,92183
18,45,87,79,145869
38,45,45,89,184788
94,58,97,84,12209
61,86,43,35,63385
46,44,99,57,87515
131,43,89,43,44222
110,37,68,82,49486
169,93,74,74,4896
174,55,56,65,4821
36,68,90,60,134568
91,50,44,88,30654
61,81,50,94,115361
45,88,61,44,102383
26,44,56,40,294728
22,83,60,77,118465
100,95,91,41,46414
57,68,99,98,49815
51,60,97,47,153987
164,41,91,98,9789
81,93,90,43,19448
71,36,52,48,198372
105,94,79,60,10758
45,50,61,51,139288
67,40,100,91,36228
138,68,38,81,3001
81,93,81,70,34914
159,92,74,87,4076
106,79,91,100,49696
92,56,43,50,40170
100,43,52,46,15672
92,98,96,87,18001
171,78,75,57,8076
149,78,61,95,1411
46,73,53,73,159688
1,65,90,76,209118
86,86,44,45,43106
59,62,96,85,97627
17,39,70,85,182294
171,72,64,63,2794
34,66,88,74,169679
72,59,94,61,43755
150,46,100,62,6135
35,45,47,43,312574
158,57,100,53,9808
167,82,39,93,2942
109,78,61,49,23876
90,40,61,54,12033
150,36,37,58,22233
36,59,38,38,195460
174,84,51,36,2746
52,50,69,57,68895
64,51,78,47,92194
18,62,100,80,68665
179,63,73,100,9855
121,88,70,69,46899
44,83,49,49,101006
69,99,45,52,158289
131,93,83,70,7311
17,83,46,55,218682
84,46,83,65,37835
143,49,54,61,43167
98,94,49,57,13873
42,44,37,50,88119
110,71,90,80,27053
159,53,92,98,8626
18,36,100,40,329595
60,48,98,47,179287
49,44,98,72,172485
166,65,83,64,8771
140,59,99,36,2692
97,94,61,100,10804
163,50,90,85,8776
132,74,67,95,2795
63,62,61,55,162034
39,44,54,49,73519
97,84,95,73,39474
69,61,54,51,95059
43,41,73,35,99854
124,55,84,89,12338
144,96,45,35,7742
119,81,50,100,34135
161,66,78,49,6385
169,46,72,89,7675
136,93,42,47,26954
29,94,61,40,103880
90,74,81,83,49011
117,56,43,53,46354
119,89,45,37,31261
13,81,87,40,117201
157,88,39,50,1679
139,95,38,77,6532
165,99,40,45,4077
5,37,80,93,340863
130,78,80,36,30424
141,77,38,55,46883
61,92,58,61,117850
46,36,39,76,68331
46,60,50,64,105965
163,83,55,55,4752
179,91,73,36,4177
169,56,89,98,4955
70,53,72,74,110224
117,41,55,63,49286
165,47,45,75,7437
167,69,85,90,8703
89,57,78,36,14665
96,68,53,77,22083
118,36,51,52,29124
82,75,87,77,11060
30,54,86,76,130714
171,84,42,88,3855
46,38,82,58,118025
69,85,63,97,37228
36,49,37,77,79770
60,71,94,90,47109
19,84,51,37,207776
162,64,74,46,2697
134,83,77,65,2202
65,45,85,42,50638
4,80,81,43,248454
89,73,76,54,17869
163,50,69,68,6734
2,37,86,39,229201
165,94,54,47,4657
66,64,54,47,115586
170,45,65,55,1801
80,36,53,60,111771
94,88,66,51,42995
6,51,55,37,348719
121,95,85,95,9045
163,42,48,85,6544
6,74,39,47,359481
59,58,84,61,161559
24,48,100,69,65016
158,86,77,55,6674
1,47,89,67,204740
56,82,71,75,194543
69,50,38,79,100440
92,85,61,78,37758
9,98,79,52,152981
17,100,85,81,169566
129,42,49,54,15125
174,55,38,55,6206
76,40,40,99,108911
161,71,62,45,6050
60,92,38,40,195595
166,75,90,62,4766
160,59,57,59,8127
150,68,62,76,3832
17,86,98,90,77634
47,80,73,48,120561
11,43,38,42,316352
9,52,90,65,288341
35,82,96,44,190650
4,91,63,81,109124
144,95,67,90,6886
47,70,45,93,128724
129,68,77,70,6157
139,53,53,41,20112
179,83,58,93,9709
152,85,85,81,3406
178,66,79,90,4524
104,87,73,49,12137
170,76,95,98,7408
68,83,43,35,175498
164,86,98,60,2586
90,90,57,50,45793
25,87,64,86,89718
44,72,70,71,136234
5,36,55,38,336584
19,97,83,48,170475
52,40,64,72,109419
94,90,85,44,38297
65,91,70,79,35562
95,56,95,50,38128
132,79,50,36,23355
24,78,39,58,177858
106,46,61,76,37864
71,45,54,98,92966
80,43,79,47,150308
176,94,57,69,6753
27,44,98,38,51385
32,94,60,93,58525
151,89,76,86,6611
62,71,90,69,145769
166,68,76,66,4528
17,96,53,75,194269
52,93,45,69,190746
76,90,43,41,180822
10,99,55,71,137796
61,66,74,41,192152
92,96,83,39,42651
60,50,57,82,127127
152,62,71,79,1282
54,80,74,53,51062
126,83,54,75,43454
85,38,38,95,23132
93,57,45,60,43245
109,43,95,55,35096
96,71,60,92,27914
78,65,72,88,38735
154,77,35,98,9744
48,92,75,62,61355
55,53,59,77,127765
18,89,49,53,145203
10,45,98,96,194735
71,85,36,81,50570
75,99,86,63,20920
48,67,48,67,198250
139,77,89,59,1300
83,99,42,44,45903
92,47,43,55,33436
76,46,98,50,15966
84,71,70,74,14474
45,62,94,97,58586
124,58,91,66,34274
103,97,79,49,41678
47,39,65,97,171960
51,59,94,74,91640
35,93,76,45,90913
60,36,64,48,179946
100,94,71,38,15212
1,66,80,40,276490
24,99,52,39,160596
133,46,35,43,12106
131,44,87,49,17122
62,62,88,69,193623
101,56,67,66,21000
67,78,42,91,187994
48,96,35,55,189301
82,69,75,92,19294
151,67,47,98,4456
97,75,71,84,43690
38,43,88,38,85145
51,71,74,99,77132
14,85,37,82,86379
62,84,39,35,124688
57,84,45,85,161126
129,82,83,45,25430
167,63,60,73,8148
132,83,56,100,6941
90,60,54,37,13976
166,82,59,60,8092
50,74,93,38,58497
113,99,98,49,38446
97,79,68,94,20504
149,92,47,60,6270
150,82,72,60,5184
154,43,74,81,2872
126,58,62,84,15280
124,79,53,47,45433
55,39,36,69,118998
25,91,83,94,55642
119,62,43,68,35778
150,49,92,46,2219
106,82,85,38,39246
27,95,81,51,189178
50,60,98,41,108589
6,37,67,81,331211
149,47,40,85,3018
160,92,38,81,9156
55,88,86,51,90127
18,78,35,91,164496
115,72,54,85,35168
101,80,39,70,16699
50,66,56,85,100378
73,44,38,90,91193
122,35,64,83,46912
12,89,67,47,315798
125,62,82,36,21735
41,52,48,75,162329
109,98,77,77,43154
22,91,92,90,98474
119,99,87,44,22642
88,50,38,83,12915
119,91,73,65,17970
176,92,62,52,5458
150,89,66,36,7020
137,77,88,85,8695
139,93,99,79,1550
144,73,95,63,2105
122,84,42,93,37219
131,47,58,99,20461
127,96,63,65,2813
179,40,91,41,8776
9,84,44,93,126785
50,53,84,91,153951
138,100,48,72,5055
123,96,100,67,6711
8,44,58,89,215681
100,75,88,86,46782
148,57,36,82,4527
83,47,63,65,10581
8,39,58,57,252944
151,91,70,83,3808
58,48,71,96,184285
50,48,99,61,66305
133,38,50,54,19545
74,67,96,94,14818
63,42,86,83,114834
130,62,67,74,44926
31,79,99,64,162847
124,98,91,71,4020
129,66,76,40,26242
82,51,75,85,26573
32,35,88,96,73515
158,61,76,90,5283
153,56,67,68,8306
58,70,68,88,125413
22,45,37,77,340950
88,84,76,58,16539
19,67,62,76,112923
142,84,57,98,5128
56,37,74,55,118161
177,52,91,66,8727
107,73,63,67,27051
40,48,90,57,115546
69,92,83,73,39415
109,52,86,38,25338
33,36,36,52,382150
88,76,46,59,35573
27,81,43,54,82228
32,55,97,44,84934
42,62,52,75,76923
178,71,93,75,5249
115,67,91,70,36380
40,65,57,35,84869
103,51,48,57,45263
40,76,61,52,103780
164,91,69,95,7090
99,37,58,99,18960
164,42,57,73,5015
9,60,75,68,338897
33,98,39,58,108564
145,53,43,73,4130
152,63,76,54,8401
126,75,42,50,20084
108,62,41,80,36640
51,65,48,91,69410
97,87,50,87,48261
109,49,45,91,11880
166,100,47,85,9916
81,96,63,42,37254
127,64,92,85,7358
7,99,40,78,323008
44,46,38,77,113512
89,46,72,90,24593
11,99,81,76,96974
56,73,81,100,47030
170,65,39,36,7711
47,41,86,74,181614
121,93,66,63,13862
101,49,73,74,40085
164,51,85,48,6859
135,84,67,81,3844
19,82,50,89,176863
2,59,71,36,287810
107,97,93,93,6791
104,50,71,43,34376
68,98,83,57,30414
90,75,80,83,26912
119,36,100,44,19056
71,42,75,72,190633
115,67,57,92,33889
85,98,74,79,36472
128,92,78,69,5287
115,87,51,47,46858
68,51,74,68,190338
106,89,74,41,21986
33,70,74,52,177723
23,65,89,47,133557
150,61,75,77,4532
18,41,97,81,82920
12,93,87,92,164815
37,49,77,79,79810
31,71,67,88,181351
131,35,97,66,23449
109,55,49,79,42307
8,38,62,79,386108
175,75,61,54,1158
139,88,83,74,5399
121,79,71,61,37617
148,41,66,83,7562
130,56,73,54,24476
38,85,98,79,161507
6,91,83,79,157691
137,41,67,55,31387
161,83,80,96,5849
111,50,92,80,14571
103,35,35,50,27644
57,80,65,70,78903
100,88,96,91,49405
180,61,97,98,129
31,82,99,54,152760
13,78,80,48,155683
160,63,68,87,6483
73,93,53,100,19379
20,51,97,99,68077
124,70,35,91,48642
58,81,38,35,66336
82,55,47,43,57377
74,71,53,50,72385
41,69,100,67,114797
85,70,66,59,35030
146,86,80,88,8185
121,96,81,58,14638
55,52,48,52,55155
149,90,92,58,5813
142,83,100,52,6491
81,56,47,35,82178
108,62,53,56,24126
45,38,79,49,182930
67,89,97,66,38737
79,37,59,80,57512
91,38,36,81,18391
107,97,80,95,32321
56,79,50,73,111438
135,80,98,86,9954
146,63,85,48,4594
49,79,73,99,77681
29,55,37,66,152143
56,57,84,49,81153
62,54,75,81,104789
65,78,53,64,171968
111,68,88,63,18786
95,62,92,92,20468
122,45,75,56,14292
104,89,52,84,26834
156,58,55,73,1328
24,52,90,95,128613
52,60,85,63,124835
94,59,56,91,26715
125,94,58,38,49607
66,96,90,47,46518
39,35,44,77,51348
168,90,81,74,4767
5,69,74,44,276878
7,96,94,72,132104
178,90,97,59,3747
90,75,98,45,13053
158,67,55,95,7427
156,84,36,45,1642
9,58,57,79,365058
20,82,51,51,71104
83,90,92,88,48138
43,60,99,53,106716
93,91,67,89,31993
149,60,72,37,9292
43,99,62,48,188745
126,80,59,48,40946
173,43,85,40,4714
103,72,75,37,22238
44,62,91,90,77427
110,99,93,35,47849
63,48,62,41,177795
173,85,86,80,1682
116,67,65,72,21165
167,99,70,96,6835
151,58,87,70,1542
46,41,85,62,118672
24,43,71,71,118456
158,61,52,70,6265
70,72,81,99,31549
172,41,39,55,7960
167,76,65,58,3712
126,86,69,50,44270
125,76,87,80,5393
145,51,38,67,20394
155,84,84,48,2756
28,85,100,56,176514
147,89,78,100,9442
82,71,63,63,42680
139,79,85,45,4000
164,76,57,96,7644
118,67,43,69,18610
106,81,98,87,43023
24,73,42,88,85754
83,41,84,92,14651
28,98,76,35,88526
48,94,81,50,58032
175,67,77,37,5975
2,99,42,66,249746
19,96,53,94,174798
108,85,39,92,10568
178,54,64,94,1083
143,78,60,36,9509
27,88,80,56,195164
121,78,100,53,18643
115,100,62,75,38939
70,65,64,78,83202
35,51,93,88,126917
67,92,91,50,35984
56,81,96,77,28367
127,76,71,57,44767
178,98,63,87,284
178,69,71,54,6783
59,57,73,83,163294
142,59,93,67,5306
126,87,48,43,12368
63,87,65,64,150588
170,44,42,74,5859
173,90,39,71,5633
176,65,43,43,9618
167,98,92,37,1393
175,100,43,47,1748
127,56,96,55,22355
44,98,97,35,78808
117,80,45,48,30509
88,95,46,89,32877
108,51,76,72,28951
77,79,83,46,44044
151,79,96,61,3048
63,45,79,46,61366
69,35,43,55,142075
128,57,53,68,42501
81,98,42,77,43106
7,36,39,67,293359
142,40,46,95,3461
81,68,50,81,30481
128,71,65,39,35954
50,56,90,64,166578
102,80,69,67,29872
100,93,60,36,12963
132,59,52,90,15199
2,84,53,64,333192
180,36,80,41,9745
28,35,65,54,211080
76,39,76,89,48687
176,73,39,39,2411
40,86,39,40,53818
165,85,42,40,7828
91,63,61,40,26729
112,60,82,74,49171
175,85,48,83,5749
1,36,97,36,341952
91,55,56,93,19362
21,56,47,37,266001
14,55,71,51,213158
24,77,84,49,167570
29,91,41,85,136984
53,82,59,100,112865
30,54,92,65,142300
73,88,54,56,96426
118,94,64,37,15487
88,37,54,59,117876
16,82,61,59,112495
67,99,98,59,34209
40,75,36,39,177769
29,59,94,87,138663
157,85,100,93,4247
43,83,65,40,55660
131,48,50,56,26384
180,57,99,67,5628
151,61,54,86,8432
28,76,93,68,181311
79,85,59,57,28809
143,45,49,62,32894
138,74,86,57,2171
27,41,62,47,376285
126,89,67,75,6675
80,42,82,83,48658
161,58,50,89,6010
71,59,87,95,10980
151,58,95,76,7651
42,78,58,81,137353
102,77,45,95,30202
6,46,73,47,304057
49,96,61,61,77641
8,97,42,78,129637
120,36,78,49,19380
37,76,55,54,132280
71,77,90,68,48280
155,72,38,90,3395
50,89,85,99,14748
102,49,83,90,16644
91,78,53,79,12802
134,94,76,68,6184
46,37,68,80,51504
123,53,91,45,11960
105,49,43,40,39822
82,62,69,86,14864
169,53,39,93,7200
166,37,75,72,2380
153,68,55,67,3067
149,37,100,93,7557
97,85,37,53,27991
24,56,61,83,172834
140,77,99,99,6365
124,84,56,91,3345
149,44,54,45,44124
33,91,86,61,101654
53,51,83,55,98280
152,64,89,76,5525
143,49,39,81,11769
113,54,53,81,39259
22,89,89,91,68372
94,75,81,48,48605
116,95,66,79,49301
36,40,51,35,396130
55,53,69,91,87273
180,85,71,89,731
114,99,87,94,4361
165,75,47,41,5480
96,36,85,80,30889
166,59,44,72,1731
93,69,86,61,40643
72,94,55,82,10222
18,64,63,38,207496
18,36,52,100,116046
51,49,86,98,167244
46,35,39,69,95016
109,72,54,82,38354
44,84,63,92,185771
41,94,98,77,176120
119,96,72,84,2911
163,63,42,73,9519
81,50,74,48,101910
102,69,82,91,34645
170,87,78,45,8191
93,43,96,66,38382
41,90,69,55,153361
87,51,92,44,47708
57,86,60,71,132671
27,53,89,82,58103
106,81,91,89,38066
66,78,68,56,81704
113,58,77,41,48819
159,38,59,72,8957
98,80,35,62,41305
165,63,54,67,9908
144,50,41,74,43640
60,95,86,46,183425
141,78,61,83,6429
73,83,58,78,33347
70,42,78,59,87755
38,67,77,75,147118
112,89,42,97,44870
179,68,60,93,2519
31,65,58,56,106144
132,82,42,85,3598
160,65,51,48,5297
175,51,83,36,1889
23,37,38,63,242386
37,90,67,96,85545
97,96,44,95,36409
117,52,74,61,29586
131,82,37,75,47032
159,42,68,72,4089
0,91,50,36,367225
24,49,46,50,212538
66,90,94,39,45561
116,51,92,39,41998
16,70,100,83,102177
18,65,69,71,146237
128,58,71,58,15200
108,78,90,35,45309
172,37,93,90,7171
28,46,43,72,137135
73,84,48,51,159787
172,96,43,41,9133
132,63,38,46,29054
117,44,84,38,36095
47,72,55,59,193445
106,58,70,84,47978
35,45,63,44,179020
80,70,54,68,10503
163,78,93,81,4475
165,45,74,68,6454
124,91,100,64,2873
180,73,73,87,9520
55,58,82,87,102644
83,78,71,86,30989
10,88,89,77,118810
103,82,82,84,49281
24,94,53,50,170937
12,52,39,85,239238
177,68,48,66,5883
85,66,74,74,20658
11,70,47,83,331634
111,60,46,81,30778
113,68,65,57,43321
53,61,82,77,99613
147,88,37,54,2942
129,67,83,55,38645
24,92,50,63,138854
86,99,49,95,40496
20,50,52,45,397900
11,65,49,82,375072
50,49,40,51,150635
82,94,36,50,26839
16,42,51,38,335308
87,66,100,55,48626
135,58,72,50,46201
114,78,81,92,48328
71,98,38,96,36301
169,98,47,75,5252
101,92,77,100,27267
82,82,48,68,25044
172,38,69,82,6353
105,43,85,71,33577
134,69,55,69,11056
145,91,42,62,2360
27,85,50,96,187644
61,53,99,91,22715
111,48,57,86,38991
163,57,75,86,5984
142,92,71,42,4749
87,56,62,61,27325
127,37,78,44,14721
167,89,40,63,2945
165,97,61,75,8002
81,42,56,79,155494
162,67,95,51,8359
14,97,96,93,172608
28,57,78,88,73135
109,91,39,85,26339
67,71,86,48,172928
124,69,74,55,36887
113,78,53,67,39577
139,81,52,82,4601
152,61,80,66,4795
52,76,66,49,101286
145,79,58,75,2633
32,60,46,89,114219
70,58,45,50,168863
151,83,76,84,7737
128,64,48,56,43347
133,47,46,85,48375
180,73,35,62,9187
76,98,62,60,16859
118,72,58,88,18044
133,98,36,95,2183
85,71,90,68,18540
84,93,96,81,43845
118,56,73,66,35562
121,91,65,98,2030
61,47,50,97,192274
142,37,70,94,4836
20,60,100,90,138248
156,68,92,73,7274
169,70,69,64,8594
178,56,75,71,7734
8,72,63,74,337613
173,80,73,86,1673
16,96,57,90,166029
16,61,35,51,254836
61,53,70,60,195169
68,71,82,77,28875
19,56,98,82,139430
160,54,97,67,5071
79,76,98,41,45323
75,99,48,44,159248
78,57,47,44,62685
164,38,46,43,3316
170,97,68,61,1507
12,57,67,74,379840
33,78,57,79,168167
129,35,45,67,45766
104,48,81,42,45707
141,46,68,37,41761
23,43,55,80,156298
110,94,94,97,5159
113,79,75,51,26379
3,53,64,54,294766
44,54,45,98,148547
19,65,55,81,174723
43,42,44,89,91819
1,72,77,74,234970
98,78,41,62,18906
29,47,84,63,74941
85,48,98,98,22513
54,87,81,37,95297
111,99,50,44,30280
58,98,78,67,62425
179,44,51,87,2045
71,45,47,92,185155
44,79,77,98,182858
38,42,74,85,71853
112,54,100,92,43273
64,79,68,46,157030
110,87,87,74,34017
77,87,70,99,36765
111,68,60,89,43342
108,80,71,57,35452
15,66,41,78,318190
80,39,97,46,10583
8,78,56,80,225095
55,62,81,69,51044
32,82,88,36,148534
15,84,54,79,150642
119,63,79,49,39954
92,68,38,53,27812
14,51,88,71,79237
21,42,45,43,286765
78,36,66,85,28596
5,46,88,80,324320
145,72,93,41,8144
87,49,35,80,29037
94,44,51,54,40101
19,99,38,88,193451
64,85,45,61,169527
153,51,76,82,9992
118,95,63,97,1488
15,90,76,58,155866
129,69,96,88,5804
50,43,48,90,60216
122,68,35,72,29472
119,50,82,84,26454
168,78,49,95,8857
179,86,70,67,8545
69,81,98,52,49265
53,69,93,70,149225
44,64,67,57,96228
81,97,70,71,23056
25,76,74,87,140101
112,96,78,70,19876
113,51,50,75,44297
111,89,91,100,9741
81,71,84,89,15824
64,78,46,87,165388
12,76,80,76,197599
103,78,50,56,39140
34,83,98,65,198608
152,54,42,98,3657
15,89,60,99,53156
100,62,80,88,43589
176,80,35,78,6763
30,49,35,40,223290
26,60,100,47,67373
161,67,74,77,7742
88,41,73,100,45363
131,56,38,98,16677
98,74,54,43,20816
126,57,69,93,12061
43,56,62,93,137214
67,51,65,48,123318
20,47,84,46,315759
103,98,49,50,37503
102,84,75,38,30721
67,81,67,39,53035
96,75,95,58,14832
26,63,71,87,144327
129,71,99,82,6424
174,38,37,70,8585
51,65,68,76,74119
17,48,92,90,199172
118,94,66,81,48616
149,38,59,95,5510
123,35,95,40,47397
139,57,69,48,37119
29,56,50,49,169701
14,53,55,61,393049
176,92,59,56,5193
141,43,56,49,34768
180,65,44,68,9484
140,72,79,44,8662
21,95,72,92,168169
74,83,96,43,24139
29,55,84,63,80915
96,98,57,41,36263
134,42,37,38,34132
137,97,71,37,9142
32,94,76,96,52281
74,40,83,77,37912
122,85,48,58,30551
160,63,36,86,6483
172,72,79,50,2010
86,81,59,91,42146
82,72,100,41,22051
131,49,98,91,9208
104,50,37,79,12395
119,43,94,91,41586
98,95,98,51,31104
57,81,86,52,90689
144,37,67,41,13841
103,68,38,83,11936
70,46,78,83,111563
68,51,72,90,64836
108,66,90,57,11857
108,39,57,85,33192
23,64,85,64,95127
173,91,63,96,2622
28,71,74,89,187882
50,56,99,72,149034
0,49,45,90,354972
22,71,85,95,151969
78,56,100,89,15212
119,72,84,57,24900
38,57,100,62,109863
137,68,35,71,47625
70,92,50,98,10411
69,62,52,77,65637
141,53,53,73,3213
31,48,57,60,70426
49,89,54,90,130826
56,65,48,56,147020
46,76,95,39,198503
141,82,49,62,7524
160,81,85,90,4536
53,35,47,89,77236
43,88,83,43,124988
101,98,73,71,22569
161,70,80,98,9656
112,60,44,65,35913
27,69,91,54,86926
69,78,47,67,94658
177,79,89,84,951
51,81,77,44,103353
77,82,89,76,49131
30,64,41,66,156123
141,75,77,64,3056
77,54,59,37,87924
155,94,94,54,6885
68,42,66,58,119077
24,54,87,55,181356
61,68,81,76,78680
78,70,41,68,113733
98,90,71,89,31923
118,44,75,85,40776
28,90,65,86,194652
28,92,62,65,172542
29,88,98,46,63299
11,90,53,70,135964
141,38,39,76,39546
59,71,65,91,86081
42,89,43,86,199836
180,67,36,57,1783
175,38,59,73,2005
115,56,94,70,12736
88,67,53,40,11886
13,46,93,42,204685
9,82,88,84,84350
156,43,100,88,6519
135,56,49,62,49324
31,50,67,70,195841
98,48,73,54,48449
166,42,64,54,3885
147,57,73,68,4896
174,52,42,95,5217
176,97,83,77,192
144,77,89,96,3804
21,51,54,63,373741
141,65,65,37,13038
21,87,88,61,140089
159,65,73,96,8151
56,96,67,94,15516
147,42,55,47,15877
29,83,92,80,86865
146,61,41,84,6338
52,75,46,51,160156
119,55,48,56,20361
171,50,78,63,5628
65,70,37,91,86592
48,75,84,48,81553
167,55,77,80,5527
29,74,76,58,140304
53,93,94,72,74449
135,45,76,89,5520
130,45,94,44,18064
39,73,50,59,62539
170,41,63,97,2662
27,80,37,48,189800
162,64,74,45,2666
120,40,70,37,24292
86,54,91,86,40472
104,84,40,77,34842
153,52,64,98,6688
61,41,39,48,166691
82,80,46,84,31355
78,75,42,37,76445
138,82,46,85,2539
113,51,63,57,31565
127,46,82,67,36569
165,84,46,60,6850
112,99,37,42,49802
89,64,77,48,20950
167,100,42,40,3961
65,36,94,37,152620
112,41,81,64,40010
174,51,87,67,1636
169,82,96,41,3790
165,73,63,63,9300
102,89,94,100,30483
19,85,89,80,139134
85,48,39,66,140489
89,76,74,54,16956
139,75,44,36,10951
143,79,81,75,7443
125,92,89,59,2522
11,52,99,88,194703
14,40,63,60,290474
128,63,49,80,36815
164,89,90,51,6886
113,91,56,41,10584
2,88,90,98,136792
74,84,91,42,26362
162,83,58,41,1419
161,87,67,100,1617
53,99,74,98,22937
13,85,35,59,328121
21,70,61,55,66860
133,86,42,96,3953
114,74,69,60,21079
63,38,38,50,190139
12,84,66,37,205214
37,73,91,89,106218
15,38,84,80,199114
169,83,78,66,9263
45,71,36,97,76250
145,83,48,56,1985
116,59,50,73,23277
29,55,77,95,120888
103,53,54,81,31055
147,99,59,91,2256
72,95,78,95,37109
174,66,38,99,3556
157,36,82,40,3626
69,68,37,71,185349
85,56,36,40,99987
133,68,86,40,36938
39,50,100,44,184481
157,67,73,38,1319
99,59,49,40,10580
75,77,85,49,10461
130,44,58,76,34147
65,44,75,55,62179
111,56,84,42,38367
139,63,72,60,2417
110,91,85,59,28473
20,61,97,85,165359
11,58,77,76,74650
103,61,96,48,43750
55,36,52,99,159443
174,79,99,93,771
42,72,63,80,136400
94,40,70,98,22512
90,61,35,63,31073
31,36,58,50,380787
25,35,58,62,282149
41,84,45,96,152655
99,81,40,44,13401
48,42,63,79,76379
114,72,89,86,25951
83,52,100,98,22494
128,97,46,43,35743
40,56,48,83,142985
116,40,37,72,35368
133,68,71,94,8628
134,92,54,69,9466
72,45,86,91,30149
92,51,41,53,10487
103,64,74,36,29429
123,82,61,48,16404
20,82,66,35,85816
62,90,45,44,195950
131,62,60,88,2498
143,84,88,43,9783
43,48,87,82,78927
2,54,88,38,223167
94,77,52,100,17023
77,74,64,57,22695
160,82,52,89,8689
108,85,47,48,12926
31,60,85,70,166089
103,55,47,50,49476
157,98,60,65,4178
21,78,60,99,149553
177,83,42,80,4259
146,49,61,97,8286
166,52,88,82,4908
79,59,61,64,13868
168,45,78,68,2491
33,62,94,88,196970
173,42,63,53,2408
66,92,60,84,17001
146,92,61,71,1077
7,35,38,99,331999
105,57,52,40,45022
127,46,80,58,20790
93,36,45,89,29351
7,84,59,38,329090
6,78,56,92,168993
16,42,91,66,119033
39,55,69,79,135075
8,44,64,80,204669
1,87,83,35,355340
145,77,67,86,9964
121,36,69,43,22126
70,50,64,42,143966
12,49,69,77,291849
2,67,62,49,327623
134,64,53,48,38469
151,53,53,54,1651
45,91,84,73,168522
140,70,58,57,3546
104,73,71,54,44329
78,89,92,46,28854
34,90,97,49,158078
81,100,59,84,26004
127,95,60,85,4670
130,52,42,92,37819
49,100,83,53,190865
167,50,46,61,2412
174,43,57,97,1390
113,87,89,64,28797
178,43,65,39,8612
93,86,67,92,40306
168,51,86,45,5070
47,65,95,79,159875
92,96,54,94,13306
130,77,87,92,3440
96,60,93,55,49330
161,70,68,40,2838
130,37,70,86,10338
160,35,78,68,7820
118,45,85,45,47745
22,70,86,95,185918
72,86,45,70,177997
52,38,68,77,189065
180,96,98,87,493
64,96,48,37,126201
177,97,36,38,2829
135,91,86,96,3652
76,51,94,53,26946
26,49,38,53,263741
63,63,38,39,150100
159,72,47,61,4510
145,67,76,83,8997
108,52,66,72,22859
79,62,61,45,146455
5,37,78,41,328966
2,65,82,72,316480
32,75,71,90,96920
117,69,87,44,49580
117,82,50,53,23258
59,64,82,41,164485
78,98,69,91,27732
76,81,96,51,40916
0,41,46,59,215950
21,45,60,75,54503
62,40,59,49,63005
88,39,87,97,39344
148,45,67,57,4333
37,55,84,41,93141
3,65,99,93,69540
67,50,94,70,89451
79,66,86,51,10009
170,90,59,97,8834
42,42,79,41,102958
64,91,83,90,44541
59,37,39,55,107018
162,66,91,57,7204
86,68,35,65,42623
76,63,49,85,20337
131,77,41,79,41102
124,52,35,82,18249
38,45,89,69,63338
65,88,45,40,58808
57,66,75,71,163286
156,74,74,87,8834
42,54,78,60,110487
108,79,70,72,46086
133,92,64,66,1649
98,61,84,71,14027
46,70,79,83,67690
165,94,75,99,3219
18,65,63,58,208733
33,90,89,69,162742
158,91,72,50,2063
179,100,73,42,8479
127,95,60,38,34266
97,100,41,45,13035
63,40,70,87,63343
34,61,83,46,153366
70,48,52,71,193764
99,51,72,85,40463
12,92,42,41,271601
124,74,36,51,16556
20,45,66,81,93062
152,89,45,70,6642
29,42,41,72,120151
4,52,86,63,296068
43,83,79,89,142847
166,96,59,96,7390
45,43,68,91,130140
15,85,98,96,192090
12,83,66,94,105784
28,59,46,62,69627
93,87,63,54,14544
151,43,46,67,4792
65,81,37,81,53190
56,43,88,82,58724
91,69,73,74,18641
22,70,35,47,361891
22,40,48,94,56692
151,86,74,73,1545
84,63,68,75,48853
26,95,52,99,73629
163,50,93,72,3186
84,53,69,40,68005
118,98,63,62,17378
176,79,40,59,8940
39,96,85,37,107830
103,70,53,36,42148
92,53,41,57,25044
148,82,92,38,4339
87,73,77,35,43243
1,56,57,83,282348
166,95,85,58,9342
163,83,42,85,3348
0,37,84,83,348626
133,85,90,92,7123
84,35,36,100,34797
134,59,92,94,4762
11,38,99,60,354720
132,62,45,48,11692
68,57,99,37,184319
64,58,94,94,11096
157,42,94,60,6939
106,98,88,71,10067
31,45,42,64,92188
152,62,99,74,8024
153,53,55,97,8744
125,75,54,53,41906
105,68,76,80,31498
156,60,65,75,2091
165,93,72,68,6400
174,61,88,92,5443
149,70,51,62,3252
100,37,45,37,100359
30,81,94,83,161306
151,62,90,65,6962
91,100,39,43,44736
36,98,55,73,102054
100,37,57,70,13916
46,91,69,41,109821
129,62,64,41,12341
81,66,69,53,11419
170,100,76,43,9191
64,84,49,98,49121
46,52,87,99,101959
172,66,65,93,5924
26,47,73,72,50664
104,79,53,70,18701
22,56,67,63,197276
26,62,45,65,127570
86,55,56,45,131476
141,78,64,89,4046
24,44,97,56,180932
180,58,71,79,7925
166,39,58,74,1554
142,55,94,39,5827
113,44,84,100,37579
103,95,46,57,20521
57,62,54,89,135636
98,84,44,43,45712
32,93,50,100,125464
9,61,89,70,110342
53,65,76,60,166371
139,81,63,85,6775
153,52,87,65,1436
56,49,58,93,135824
20,48,92,63,190130
88,99,59,41,41884
119,54,43,39,39209
86,40,63,94,24056
9,95,48,55,353910
84,71,80,81,39709
117,98,73,91,2420
99,64,42,47,19788
104,60,43,75,29598
0,35,96,40,380480
117,53,100,36,48990
37,100,36,51,85799
51,81,67,85,50489
21,98,92,60,176795
1,72,78,84,301742
152,55,92,76,5011
146,47,50,58,35395
56,68,73,38,136804
31,86,36,68,164362
31,81,42,57,101500
175,49,38,54,8487
176,96,42,68,4654
61,43,99,45,188705
65,82,65,74,60587
83,40,36,96,29653
142,100,67,66,5733
16,86,73,41,89875
164,58,81,36,5278
91,77,93,71,28561
141,52,68,68,9099
114,89,86,70,33695
88,75,90,66,21997
41,56,71,42,142910
9,78,74,68,146174
65,75,54,54,60352
69,64,58,89,73727
77,83,97,63,22444
73,73,67,47,73543
27,45,50,67,67136
41,47,100,84,136297
59,46,37,52,173573
103,84,43,76,37711
176,36,65,90,1289
167,82,55,83,4954
105,36,54,53,16012
125,64,54,65,48800
112,37,45,37,46780
58,90,89,61,92182
132,84,38,75,43030
144,67,94,67,3157
155,51,82,46,2241
2,100,86,95,122845
72,39,97,93,19017
180,78,61,48,9454
116,98,66,66,27629
146,88,51,83,1778
90,56,59,79,28659
87,76,61,77,26115
65,67,36,44,56688
68,58,85,99,22318
25,95,81,77,100187
13,39,66,42,374064
108,56,81,72,38492
48,86,95,84,160641
57,82,36,80,79737
113,43,86,53,24501
59,96,70,96,28611
81,91,51,94,48727
18,68,46,84,150843
58,60,71,97,134538
43,37,95,61,73303
63,57,74,60,157828
114,86,71,96,31633
169,35,95,39,8382
89,71,86,43,12143
178,100,95,76,980
59,36,38,85,157516
27,47,86,53,69858
43,60,55,74,96350
71,43,90,92,44994
2,83,83,42,330478
149,95,37,83,4195
47,72,94,89,142956
80,46,52,99,35170
56,95,90,63,74801
121,91,50,94,22500
77,64,58,55,126676
81,96,69,99,27528
118,65,74,78,37213
4,83,82,55,339694
108,36,96,49,31963
68,35,45,68,184362
125,48,76,78,13444
145,71,88,63,7558
81,86,93,92,36079
144,35,79,64,8522
130,99,38,49,27733
34,61,75,56,154615
124,92,71,92,5524
139,93,84,60,8561
176,37,98,40,9886
54,36,65,77,132506
81,89,99,59,44984
110,84,91,96,8731
47,62,76,69,184784
162,43,40,75,2559
127,94,38,48,42530
24,62,98,58,72055
14,88,92,39,165750
108,97,35,54,15572
91,83,52,57,29561
145,94,77,88,5923
115,58,84,71,10696
157,82,55,49,2368
159,81,76,39,7612
113,55,59,72,49084
45,99,98,98,49791
33,85,51,49,50322
56,44,52,42,191583
71,38,54,64,136943
152,83,36,94,5861
30,82,100,82,178335
108,51,53,80,12085
59,90,62,41,194305
166,77,69,42,6492
67,51,55,57,188477
30,78,61,83,108944
99,94,76,65,44394
117,77,62,65,46150
12,43,77,82,366694
3,47,78,35,364907
52,50,44,100,151066
130,81,43,80,27531
50,97,93,72,72449
59,78,68,86,114558
59,50,68,62,80945
134,91,60,84,7300
141,48,95,72,5681
156,73,70,86,6365
176,94,52,65,5155
141,79,74,96,8137
68,35,66,89,120030
60,90,73,56,142849
17,95,79,45,187894
172,69,67,65,9649
17,99,83,49,112726
56,83,55,74,77403
149,43,65,37,23556
42,82,57,95,94629
14,80,90,48,61229
47,79,58,87,166242
134,96,81,84,4134
177,59,73,46,7895
84,89,57,93,38885
144,62,77,83,3030
171,91,48,61,4590
55,81,46,36,196030
85,90,50,59,21229
113,79,84,39,41571
32,99,66,63,95963
174,45,72,55,1005
86,70,49,43,58162
16,68,80,64,120283
99,41,100,55,37569
0,83,100,60,99870
156,86,98,62,8491
60,44,44,74,191106
170,73,47,76,2306
56,38,86,73,92511
44,68,56,37,126325
1,88,74,76,187769
154,54,55,40,7165
98,63,74,61,45426
177,46,88,75,5016
114,59,81,51,14861
108,46,40,43,39229
21,89,37,68,106065
57,47,71,43,120577
96,64,58,82,49669
115,50,87,72,22975
6,79,95,61,81774
78,91,47,90,42518
166,85,91,80,1013
55,52,88,87,95994
93,52,37,86,33711
129,45,36,63,41964
96,37,94,90,43529
11,39,86,77,339577
157,52,71,52,5937
55,94,81,55,102127
157,75,92,96,1401
165,81,91,56,4116
54,73,74,50,88241
61,42,69,66,99752
85,80,78,85,11018
147,90,42,85,6290
116,99,93,75,6080
137,71,51,48,33055
131,52,73,38,17385
140,88,55,47,6972
78,65,39,43,117579
44,43,43,92,183141
3,77,64,63,201167
14,42,49,94,254381
160,75,93,67,6801
14,53,80,63,376605
86,44,95,65,42650
167,73,84,40,1303
55,67,44,43,106293
149,83,95,65,1624
6,56,55,81,251502
65,99,95,51,29151
63,82,47,51,116495
73,85,59,54,116106
20,67,97,90,160469
11,91,91,84,108522
60,39,38,47,66898
70,49,53,65,109311
54,92,90,97,39858
107,65,53,92,32964
110,43,44,82,11630
99,57,59,91,47401
26,70,66,61,107101
173,83,68,64,1672
118,77,42,48,22512
60,55,63,43,191672
73,96,91,62,22316
176,85,93,75,630
22,62,68,52,142704
54,64,37,56,129345
143,43,73,97,1868
124,67,49,59,11054
59,78,84,50,63509
177,64,74,76,7650
76,35,98,76,49458
96,80,52,92,44917
109,42,65,48,32420
70,89,70,73,10206
163,94,60,67,9686
95,50,35,99,23164
127,96,49,62,26546
5,41,62,84,381713
36,65,41,87,111672
168,75,93,47,3059
153,88,80,68,1478
113,90,91,69,14624
160,89,52,68,8000
133,96,95,97,3965
147,44,89,90,4298
64,49,62,50,66824
74,49,84,55,117631
158,98,93,72,1722
164,48,96,81,3042
127,73,67,85,5132
116,37,44,55,49502
71,89,98,36,24912
59,51,92,65,63317
126,85,84,90,7577
33,41,36,69,57888
35,61,60,50,167383
122,35,66,62,14147
160,52,56,84,7390
141,76,76,63,6608
48,47,70,74,163426
65,78,90,57,58470
86,79,54,93,24688
140,37,82,91,5561
103,38,51,48,25380
126,88,86,42,13106
60,84,79,54,153566
179,77,64,50,6622
80,60,47,45,199613
178,88,58,56,9537
18,66,69,83,198594
122,77,88,94,9097
73,52,72,95,16100
178,60,100,55,2471
11,99,50,40,316535
165,78,79,73,5047
96,44,100,41,48999
43,79,42,39,181504
83,86,66,47,11450
77,56,43,62,175589
140,52,60,62,27994
140,84,52,69,9061
23,48,84,68,61896
125,59,79,35,34633
175,51,89,71,5837
147,68,37,90,5118
82,77,66,100,10476
115,73,91,51,45329
145,62,80,39,1097
18,62,68,39,301604
157,58,53,54,1752
31,47,95,74,85583
63,97,53,51,56359
107,51,37,52,46221
13,97,37,59,252075
6,59,51,68,339440
114,61,94,69,34559
121,42,48,69,16254
139,91,68,69,9348
158,100,61,47,5393
19,37,88,51,382799
37,53,98,70,115543
38,67,82,80,144624
15,71,84,39,233088
43,53,80,40,69375
64,93,66,45,195233
17,48,43,95,324662
129,63,51,93,49960
29,42,87,68,85295
59,82,62,89,139638
61,97,91,88,27226
97,66,76,44,19511
7,59,74,40,236453
168,65,56,86,2401
103,90,56,53,35602
108,40,89,63,33627
0,100,42,77,228611
76,63,75,70,43934
71,41,91,65,166187
19,51,46,36,237419
125,52,90,88,6511
91,69,48,68,15485
17,36,56,71,211775
61,37,92,95,191128
63,88,56,62,72474
76,51,62,66,178451
84,95,84,64,28984
115,40,87,92,27399
0,65,54,72,336877
94,44,72,48,35300
152,94,94,52,7802
73,59,88,57,45791
160,85,65,40,6992
140,40,85,81,1200
65,97,100,71,31669
22,95,59,37,125681
160,55,88,98,6980
19,65,77,84,126536
168,98,67,74,4530
36,87,70,86,137413
79,42,57,63,69044
80,35,50,87,168848
69,84,59,61,157396
65,96,74,87,26620
38,38,43,76,87363
132,65,96,75,3940
28,62,72,62,161178
8,65,47,56,353725
83,76,71,70,39287
10,50,55,88,323131
113,43,74,85,22997
81,56,63,58,141642
158,76,89,36,1711
177,63,57,74,5448
163,62,58,89,6132
171,93,56,41,4430
156,72,51,58,4718
64,86,39,45,146788
27,47,68,55,135049
134,64,76,60,3227
58,79,67,69,127129
46,61,73,62,106985
151,36,50,74,6327
124,66,53,52,30308
2,95,62,55,349507
17,71,64,86,63247
83,72,51,46,147118
23,60,88,49,113114
155,75,96,69,8464
118,67,88,50,43356
50,55,52,48,95330
71,46,98,85,33496
161,58,87,50,2729
89,74,86,83,17532
113,54,65,73,37400
140,53,76,49,30562
92,86,62,84,12545
77,49,53,69,72307
160,73,71,83,5020
83,58,73,59,27723
63,90,51,76,195269
104,81,75,65,10454
158,61,38,59,1413
174,73,90,93,8388
122,75,65,69,25985
79,85,67,92,12121
68,55,42,86,72188
53,66,67,71,171252
81,63,37,86,25263
75,80,35,81,32882
29,46,68,38,258789
167,64,86,35,1748
157,92,88,84,1900
97,48,41,73,34043
15,90,96,77,63602
96,60,40,52,20260
167,75,52,92,2555
34,98,73,87,118007
179,37,43,59,3579
136,43,49,64,17057
82,49,84,76,44590
140,39,59,54,39983
90,83,38,51,23506
131,83,98,77,4790
118,79,90,35,23751
74,78,58,91,32880
69,71,86,62,28274
98,80,57,79,40471
170,83,73,42,8885
75,56,84,62,33691
141,75,78,80,2590
172,51,64,78,7594
125,100,78,95,1664
116,83,69,69,37635
178,83,36,76,3581
53,79,96,98,27791
140,52,39,60,20492
134,41,43,54,45572
10,45,94,86,144274
44,86,87,81,103011
25,64,94,78,108616
141,44,86,43,31048
74,41,98,42,88230
91,63,89,46,12480
45,94,53,86,170494
122,60,81,41,19110
70,39,40,59,159366
31,99,94,41,72128
5,69,48,82,206798
117,94,98,71,2779
167,68,82,94,1737
170,82,79,86,8199
83,97,99,76,40032
99,90,45,77,17752
129,61,35,73,23265
59,85,53,35,115837
95,35,96,51,14104
42,73,43,45,173673
136,43,42,88,17364
14,68,35,52,222466
13,61,41,86,254398
15,76,66,36,295554
70,36,40,45,141473
146,81,84,48,7692
97,60,46,86,20282
26,35,54,52,216622
133,90,39,82,1836
116,92,42,99,47861
162,38,43,81,9791
150,45,64,83,8527
100,54,53,42,37556
126,89,43,59,29496
3,57,59,49,334182
20,57,82,72,199463
112,46,39,100,38078
105,80,68,40,30076
173,57,57,38,3945
40,60,87,63,54504
118,36,69,46,12522
83,86,97,58,42892
117,46,58,55,11665
107,62,86,99,30806
68,47,75,51,114012
121,57,56,43,30937
55,91,52,69,72261
53,70,39,75,60505
141,71,85,36,3350
84,54,54,76,45032
124,43,75,81,44508
179,100,44,73,5007
11,63,91,65,164707
138,70,56,80,9851
38,55,90,73,61753
157,45,63,46,1914
32,59,51,66,54453
128,95,96,71,7464
129,50,89,77,2107
109,83,52,67,29707
142,99,92,60,2315
129,81,58,91,5935
76,98,70,56,17720
40,93,47,70,91184
40,69,96,55,130067
177,52,36,94,6109
94,94,44,76,35993
5,78,80,39,266119
117,90,43,63,45058
147,86,93,68,3872
75,75,80,97,31207
178,84,48,70,8148
123,46,92,41,40681
157,52,87,66,6196
108,75,48,46,48038
178,36,50,57,9774
138,48,45,79,14640
104,54,71,96,46219
160,70,35,76,4768
134,61,94,72,3065
146,57,77,42,6070
59,62,80,47,95238
167,37,57,56,4114
96,82,60,92,33160
93,86,77,62,36927
179,71,53,57,9771
116,99,70,77,24901
84,41,36,64,192176
164,62,90,98,6961
78,87,46,92,32119
11,41,77,70,242938
104,66,81,41,37635
46,76,95,85,134407
35,77,57,47,137651
158,72,65,88,1519
11,93,89,66,82225
153,46,43,35,30622
34,42,40,56,321590
107,74,70,81,21340
74,79,89,72,23110
96,50,79,58,38083
24,56,78,83,124549
63,80,35,65,140829
108,86,37,96,28331
9,76,60,56,298334
159,70,63,96,6208
169,90,71,66,5258
138,41,44,93,10646
43,52,47,48,69321
143,52,96,82,5028
93,47,72,83,35597
150,53,70,42,3205
5,37,58,58,286482
47,71,73,98,179361
130,85,72,56,1724
14,97,68,89,128883
5,46,48,91,316629
78,97,77,50,32822
11,48,71,86,354801
93,91,60,71,41983
137,52,35,79,34025
149,100,45,51,5715
36,53,66,45,141469
138,64,36,69,40108
90,85,39,56,15403
152,38,80,67,4418
121,57,72,87,43027
164,35,38,52,2030
60,35,91,47,172614
89,58,62,86,27221
136,61,93,88,9606
171,58,47,70,4372
137,55,87,90,8245
17,99,67,66,95157
118,38,84,48,33303
109,73,82,93,15998
0,65,82,64,318374
15,75,58,99,187571
113,45,53,53,23982
11,67,76,85,99972
41,91,70,51,185313
3,85,54,91,328397
111,78,59,98,35470
129,72,40,82,18791
80,62,100,73,21944
130,35,83,69,16064
143,99,36,36,46905
159,50,83,87,9628
178,100,36,36,5508
65,49,79,63,108322
160,85,39,71,5234
10,41,53,68,282569
129,69,66,49,31694
110,77,61,89,49120
122,66,44,69,32902
91,38,73,77,17185
31,62,73,61,164740
8,85,46,46,220066
119,64,61,77,35913
180,40,35,77,4787
11,80,72,85,107803
172,48,43,36,5252
60,69,39,78,72065
54,78,96,41,176592
166,43,86,70,8321
110,45,77,62,28983
118,45,46,76,37979
32,39,55,64,162156
70,85,99,82,26130
145,52,46,61,45302
68,69,60,44,145027
2,55,68,88,329396
25,44,54,89,121632
87,81,83,96,24471
142,47,59,79,8728
41,62,95,73,193859
165,44,86,93,4084
152,89,51,40,1276
155,97,54,39,5758
106,43,43,86,43692
164,64,51,84,6507
122,80,53,35,41815
65,86,37,78,172470
30,44,88,86,74889
30,70,48,75,93223
69,66,77,64,74825
130,44,51,94,19106
136,98,80,93,7853
119,82,39,97,31275
42,42,68,75,165789
179,51,39,63,9338
118,60,78,59,21484
145,73,75,64,1341
34,85,88,81,65701
110,87,100,98,6873
175,73,99,71,8952
10,45,88,100,151005
45,50,67,40,195521
18,97,37,65,120574
12,77,53,61,250593
18,52,99,82,110741
146,60,72,59,4280
11,97,74,62,50645
111,86,57,36,43945
144,64,82,94,8119
114,55,52,61,12131
4,47,96,92,97015
164,82,75,79,5151
89,49,94,57,39176
20,85,70,68,188177
154,35,87,72,6286
27,63,67,68,190167
34,53,92,76,96908
157,99,77,81,7409
75,97,96,67,20169
56,91,88,47,149626
15,74,59,47,382440
180,84,85,37,2637
104,99,70,58,32034
114,42,36,64,29229
43,99,72,35,179310
35,43,37,89,134630
54,42,48,47,174043
139,96,73,43,1124
22,54,82,69,67377
99,88,36,80,19962
14,55,91,47,336382
97,59,74,56,36997
91,75,63,55,18076
154,43,89,89,2459
174,66,42,76,3704
74,75,67,70,35968
90,79,43,53,10600
82,72,77,72,43863
103,94,35,55,38605
3,79,54,82,311395
1,82,52,64,396962
124,42,59,72,36119
59,56,72,94,181551
7,83,88,55,61830
12,40,56,66,224189
144,48,74,74,8028
106,78,90,51,43296
15,62,80,95,72670
120,56,92,55,25690
35,54,35,51,83813
5,74,97,98,115820
175,81,78,94,6646
29,55,54,53,133287
10,60,74,94,165244
101,49,47,76,30890
77,100,41,35,148900
119,87,75,73,30215
63,62,45,69,198940
154,35,89,83,9200
107,45,73,40,46603
111,62,98,42,22974
142,91,86,62,7071
32,59,65,47,132073
34,41,36,89,114392
16,85,89,63,127791
38,50,70,42,56356
105,47,55,39,42388
168,62,93,77,3871
83,71,74,43,16439
159,67,84,94,3400
87,76,51,88,46721
10,52,53,86,245350
59,95,74,60,186487
90,37,52,78,37226
73,37,54,64,61489
97,87,41,67,49739
175,47,77,61,7043
49,58,43,97,87803
50,84,98,38,153912
72,43,85,85,27350
119,72,95,36,40039
38,46,77,70,75730
143,76,35,64,6855
157,62,75,54,1102
159,69,54,70,1027
141,62,59,41,48935
54,98,44,46,90663
156,92,63,84,9958
175,71,53,59,5637
116,84,65,57,48818
137,91,92,42,6039
51,40,100,90,107315
14,71,59,88,191006
7,41,50,37,243265
29,63,91,98,177915
136,69,58,94,1530
10,50,66,92,317336
180,85,92,52,2287
171,66,38,84,4333
84,65,78,92,35280
18,36,89,70,143372
11,94,64,83,102921
6,56,60,69,295633
81,98,60,85,36797
98,43,84,50,23235
60,35,86,75,72638
67,44,63,36,170519
58,67,83,38,111555
88,86,89,82,37630
172,62,95,80,4879
145,50,87,52,9632
33,97,82,87,171880
73,97,43,57,182933
164,56,42,43,5505
46,83,64,78,93938
90,96,72,42,13639
37,52,35,42,229168
11,99,94,51,56725
120,56,81,55,13869
117,79,75,63,11504
168,88,44,81,3920
47,97,50,78,101162
113,82,81,73,43268
69,65,66,85,45541
10,38,87,38,343343
111,57,90,51,38137
139,73,76,83,1361
4,49,97,60,214743
42,70,60,98,81860
147,86,67,40,7766
111,53,64,59,27906
141,50,42,49,21865
141,82,76,49,7420
17,91,35,98,74123
126,66,39,78,44857
178,55,78,78,6941
121,93,78,93,2006
14,83,60,36,374792
99,58,37,79,42660
126,86,45,99,3157
135,57,87,96,7962
119,48,89,67,32125
132,40,79,49,12158
60,87,87,91,26733
79,48,55,100,15680
19,52,86,51,122013
12,61,40,69,295458
145,68,70,56,6483
67,97,75,90,11311
143,99,50,79,9178
47,77,54,66,77846
18,42,83,53,325448
33,68,100,51,83914
137,98,57,42,7310
145,51,72,42,20418
139,49,38,78,27424
26,81,69,63,146140
23,52,96,48,123742
63,59,43,63,184373
12,50,61,40,276362
137,69,60,58,29323
50,95,44,82,78438
91,77,73,43,39393
80,60,56,38,170491
46,51,53,69,68884
61,79,51,78,61227
79,98,99,50,24741
155,66,91,46,5378
47,53,80,79,71035
131,36,52,60,47474
106,85,37,41,43584
42,38,52,57,102830
156,100,71,55,6214
101,81,53,85,36057
88,51,93,45,27668
152,82,44,44,6787
120,68,85,84,14640
27,63,93,75,118236
116,64,60,39,46577
69,71,84,76,17868
17,35,81,82,67417
65,87,99,99,34198
62,97,100,38,15181
38,97,63,71,133082
104,66,72,79,42644
66,74,57,67,132285
76,80,43,39,109252
103,78,97,38,17280
153,83,42,62,1795
52,96,88,60,88060
6,44,42,50,319558
124,49,74,93,23257
65,96,82,75,31227
130,79,52,83,4904
169,40,86,44,8755
16,91,69,60,73432
131,51,42,69,16584
151,73,76,92,7155
156,66,83,43,8938
9,78,50,85,277490
14,44,72,82,295126
164,67,69,52,6256
111,48,75,96,37198
108,40,63,93,39990
45,92,99,60,69347
60,86,83,62,111655
101,78,79,93,38861
39,67,92,79,198388
79,57,53,67,185246
94,51,57,79,35892
31,40,92,98,64610
60,86,87,68,40455
23,39,97,59,196933
61,97,54,82,121635
28,60,51,80,188925
41,81,56,82,108143
117,88,93,51,15572
165,40,43,100,3023
147,37,95,60,4179
0,64,53,92,366587
89,57,87,53,48822
155,37,53,58,9887
90,42,85,94,45526
154,71,85,69,8426
2,71,45,35,260155
146,86,62,71,3194
77,94,35,46,100986
42,64,42,46,192783
88,66,51,74,19131
3,91,72,100,51840
8,58,41,90,232695
19,70,79,74,86502
8,76,68,93,146576
117,43,62,45,20255
22,69,58,69,139076
20,61,79,35,252762
44,71,60,84,91848
165,45,39,48,7903
160,86,58,39,4625
45,65,85,69,76256
60,70,73,48,166815
158,85,97,60,8156
122,48,75,47,25689
135,65,99,69,1631
171,91,65,63,6946
11,39,60,50,364294
18,39,56,59,200001
47,48,100,86,181082
39,49,71,89,183475
145,52,63,76,4656
47,79,73,65,163677
9,47,97,96,133629
126,37,87,88,37816
76,97,59,43,48667
7,88,54,94,157075
99,84,92,62,45281
0,86,47,91,309103
101,53,68,97,31988
40,75,92,80,169047
114,42,68,98,26651
172,70,66,92,3461
148,62,44,37,22436
30,95,71,37,163248
2,39,73,80,374161
20,66,37,46,320239
47,58,83,41,191523
29,83,83,35,56508
134,51,76,65,43764
140,45,62,42,47774
81,88,41,98,21453
151,94,77,36,2023
160,76,93,94,6326
128,67,75,39,22504
87,93,71,94,16464
113,64,62,43,13011
17,74,92,82,181727
69,87,37,98,37820
126,90,100,41,8725
60,42,99,95,103886
60,39,65,95,72703
10,45,42,40,269044
56,63,90,98,73911
63,53,99,85,20320
180,100,89,84,531
105,91,92,75,25169
95,49,55,87,37468
21,88,90,65,101020
149,42,94,65,7234
88,71,52,66,46843
164,53,40,39,4225
18,41,40,38,377022
61,59,99,55,58841
16,35,64,35,364336
133,77,97,89,4039
178,68,97,39,9361
93,41,61,59,39858
33,98,92,39,173533
131,76,56,55,12980
134,41,79,71,24789
158,79,61,100,2506
28,95,68,52,73963
29,56,37,70,61236
24,57,99,71,82045
95,81,82,71,47850
101,69,50,64,36385
133,80,75,82,6518
6,71,60,99,93245
153,84,64,68,6871
45,53,92,65,170562
108,47,63,87,36000
30,86,75,91,172759
93,88,90,61,21995
54,78,79,76,180140
25,55,59,93,73206
169,56,36,93,1219
131,61,80,100,6098
165,39,62,43,8885
84,92,87,85,45758
168,49,81,61,4128
112,83,84,47,31187
47,94,40,76,132045
133,59,83,69,4795
106,45,94,41,32223
24,38,85,77,128892
42,42,84,94,94319
36,72,61,85,95246
135,87,41,81,6679
7,65,82,60,320143
42,84,89,55,68060
53,85,39,86,188505
167,57,61,100,3904
28,36,91,43,137009
177,69,67,68,1598
112,61,88,72,43846
87,90,81,91,24498
59,40,37,79,97682
144,72,81,99,6569
128,45,96,43,37268
39,91,67,72,153863
126,64,67,74,30931
149,57,56,95,9227
128,59,97,85,3325
135,77,90,55,1646
104,54,98,47,11251
141,50,81,50,8310
4,39,79,48,210560
171,70,52,84,3091
83,78,35,36,154711
137,43,41,83,13234
163,89,36,57,4411
84,60,76,57,13565
77,71,64,97,14894
72,76,89,81,49223
10,59,77,60,340807
113,93,77,85,15034
13,42,76,37,358166
41,69,86,79,154818
98,36,82,99,44502
136,82,72,84,6102
68,59,67,80,50651
9,52,98,80,81762
127,62,58,98,40543
176,93,63,37,2339
52,57,86,54,59505
159,61,44,68,8541
159,76,47,62,9350
135,46,90,64,5707
142,82,50,48,3763
32,80,67,72,58253
155,76,55,95,3126
57,59,41,66,76647
22,73,39,94,122906
111,96,66,77,40024
46,87,43,67,66672
54,61,66,67,89520
87,40,99,42,39596
17,68,91,44,165234
79,42,45,39,115815
35,64,72,60,130487
164,48,93,57,3371
158,75,68,100,2361
81,100,35,63,40392
175,70,37,83,4769
101,70,79,68,33872
61,86,60,40,89572
42,69,48,59,186656
166,87,46,91,4006
165,65,51,68,3222
51,77,63,56,117042
165,96,69,89,8595
5,53,46,61,258784
36,92,65,81,116806
123,54,63,59,39130
11,42,97,95,138906
155,49,90,39,4469
0,65,46,42,353277
150,99,99,92,4629
95,96,70,37,13859
98,71,96,48,40969
127,75,100,38,34390
26,68,74,74,62776
25,85,69,40,83724
107,95,53,69,45430
153,69,85,94,6618
66,39,79,94,183563
28,78,54,88,76080
167,56,81,94,8587
85,68,68,61,43052
31,91,47,70,151132
45,39,87,51,50481
79,59,41,68,98981
153,92,95,54,2513
64,56,51,97,113604
143,89,90,77,3505
137,87,94,49,8378
131,81,56,70,24357
146,45,99,100,7670
28,49,89,93,198412
73,91,56,64,24872
66,43,68,98,167398
137,80,85,96,1320
71,87,77,52,31768
121,36,49,43,38298
148,99,54,85,7617
124,42,81,49,13313
146,58,47,78,8750
47,49,46,62,80265
30,38,92,92,88631
77,75,56,83,30843
19,70,99,77,145458
168,82,95,48,2346
172,78,99,99,450
74,64,58,72,105194
86,68,88,41,10236
59,43,40,36,158680
48,35,44,87,192866
74,83,42,89,20642
127,67,58,83,21586
130,87,35,61,10252
102,85,65,62,45299
15,43,66,99,159156
93,91,52,62,15582
34,100,36,45,157858
27,61,46,73,121376
50,89,80,48,61101
89,66,41,77,35408
148,64,60,77,7460
51,91,64,72,136833
11,64,88,72,117052
66,37,80,84,105542
71,96,69,86,48212
0,64,88,53,244100
140,74,84,38,8406
13,50,99,44,271536
102,52,94,50,12239
84,93,50,96,10259
165,58,41,70,5749
163,98,78,64,4292
156,60,99,73,1864
90,43,76,84,25533
153,49,94,36,1939
164,40,83,91,5863
146,54,66,97,2645
127,92,69,85,6507
12,71,85,97,109449
10,50,61,53,242393
34,99,90,37,196255
155,63,86,43,3863
27,53,96,46,148251
54,88,99,96,19075
155,53,65,44,7016
111,82,66,93,11983
12,64,79,76,67968
69,97,87,66,27256
164,83,39,95,1401
56,100,69,62,122523
129,41,54,100,34143
47,50,42,79,167273
11,36,73,73,252806
79,47,63,56,141685
99,100,90,62,14492
79,36,78,83,21757
147,52,42,57,30853
108,81,85,59,29816
99,37,63,58,49772
75,67,47,48,155121
25,89,88,42,114859
101,41,86,96,11002
108,66,88,77,49785
107,75,72,52,17646
68,94,76,70,14941
73,82,62,85,24375
9,55,37,46,308996
25,61,44,72,105668
63,81,42,98,84933
55,99,36,74,134747
171,71,46,46,2094
101,72,51,81,39525
172,100,73,74,6229
22,72,37,75,154613
81,84,97,97,48010
101,52,79,87,47413
116,88,48,44,30000
119,91,64,76,27682
111,53,74,39,12968
160,90,65,86,7093
115,65,50,74,26984
117,59,44,96,39145
121,41,37,60,48453
65,66,73,47,59546
164,92,49,93,8261
72,81,80,92,18243
44,74,46,87,186858
173,64,100,59,7992
50,65,46,46,83072
76,72,38,45,187275
67,94,95,77,42578
170,70,45,39,1229
53,47,46,50,107930
151,58,72,69,4604
117,51,98,61,17500
66,62,87,96,29349
17,68,44,72,285460
160,58,47,73,4312
106,65,44,94,16080
1,36,59,50,250302
83,40,62,35,184103
105,48,61,73,21391
8,56,39,69,330459
93,43,81,68,17378
108,98,45,71,28107
58,74,78,96,38784
73,70,95,49,19809
5,76,97,65,96370
26,68,59,40,194037
153,62,35,75,8343
104,35,51,61,15082
43,75,38,67,85594
135,98,92,94,4044
51,74,37,65,186255
104,70,36,37,27838
127,93,44,60,49286
1,48,36,96,264570
17,43,94,87,104623
138,96,55,52,7551
139,96,40,41,17289
17,97,71,85,125452
163,63,77,55,6697
107,63,53,68,10204
145,38,52,82,7919
18,58,83,50,196148
53,99,79,49,134488
169,38,76,88,9440
127,41,84,100,2986
128,52,41,90,11157
161,77,55,35,6306
162,95,53,88,1697
62,76,40,88,55035
13,50,94,63,144054
105,95,48,65,18153
17,38,70,87,121652
9,92,94,38,112827
167,62,100,40,4531
104,99,80,62,19705
58,82,60,92,122024
97,91,62,63,18116
147,56,47,91,6074
68,83,45,41,67937
114,99,84,42,15188
54,77,55,81,66574
170,71,96,93,9076
173,66,57,60,2801
132,84,59,73,8589
121,49,66,95,48451
98,58,74,91,28600
113,75,57,53,33725
138,85,81,52,2115
167,66,96,77,2714
143,81,39,90,2395
138,74,44,42,47843
124,63,67,80,47702
22,84,39,76,167642
72,35,96,78,30676
79,74,98,51,36952
114,66,76,41,23222
142,38,46,94,3484
165,93,75,37,9359
138,94,77,75,5408
54,76,35,43,136779
94,61,56,81,17844
169,59,37,37,2731
44,71,68,94,95001
110,36,63,48,35343
135,73,77,71,8706
180,97,75,54,8234
128,90,49,99,6385
71,41,92,46,165222
89,98,74,67,35522
107,37,69,52,20552
18,68,38,58,371078
80,81,58,50,36706
153,67,53,64,3645
154,100,75,61,8992
115,73,50,87,40442
34,80,49,61,55088
88,67,44,76,25883
70,54,68,40,64572
41,38,50,66,156395
175,93,85,75,9028
12,79,98,86,122010
135,71,63,44,45830
46,73,36,45,158145
151,63,87,39,3047
23,73,78,99,78299
180,70,37,86,6927
122,66,51,53,11079
47,75,50,37,81385
26,71,91,94,52754
163,90,67,67,9196
4,37,65,81,286171
132,64,51,87,26060
71,66,89,49,145261
36,67,59,37,81669
134,80,60,55,18201
174,73,54,48,8273
103,38,68,60,16538
157,52,64,52,4090
20,51,68,73,96675
131,51,59,42,10885
104,61,90,65,43048
59,76,78,35,154669
111,88,89,48,42568
41,82,60,48,110204
35,81,37,92,87843
121,55,45,89,14493
174,78,75,98,4327
118,84,88,83,3762
78,89,67,74,14355
139,80,60,54,9821
41,95,45,46,142285
63,56,49,77,86090
78,65,82,66,26856
116,92,75,65,24767
41,48,96,95,131360
131,62,40,90,31988
57,47,63,69,177489
65,60,35,71,90045
23,83,94,72,57969
130,63,65,65,21095
104,57,82,72,28100
176,68,59,36,1680
95,50,44,38,141031
102,42,40,71,31502
96,89,41,85,32009
27,72,88,73,108676
163,51,96,50,6665
106,41,41,83,39023
79,60,99,64,26554
78,88,54,61,42000
172,86,47,97,1160
62,77,58,96,111939
82,95,99,49,28307
45,42,79,60,58209
27,85,62,91,188524
127,87,37,53,31302
25,73,50,74,53692
90,43,79,38,44493
100,36,90,89,23210
125,54,91,51,43449
170,85,47,58,6317
89,66,89,100,41876
4,40,68,51,338422
32,43,42,59,268952
116,43,93,49,43296
37,37,53,95,132580
53,35,52,66,195372
63,94,41,56,146933
71,55,71,79,174891
57,76,81,67,111243
131,87,89,42,8092
91,99,87,60,39279
67,58,81,58,131072
57,85,49,63,87705
77,75,93,64,25862
103,42,96,49,37965
49,73,35,37,139872
125,46,36,69,36314
154,92,53,54,4146
155,51,46,73,2782
153,100,46,58,4007
44,62,71,99,89621
127,38,92,76,45645
12,53,95,40,251729
130,74,68,68,21820
65,77,86,36,158508
7,38,99,93,187792
127,63,78,72,19361
138,39,95,41,10292
162,67,51,94,5334
174,51,37,71,1173
161,73,46,62,3470
166,72,90,68,8423
155,96,80,61,7963
102,36,70,57,36944
66,62,66,57,169670
121,76,72,68,21440
155,42,83,39,8838
52,69,92,39,159566
160,47,59,58,5598
10,45,64,48,359808
94,59,59,85,18437
17,78,92,88,118897
141,78,61,98,5318
42,36,88,66,184436
97,68,67,58,41484
40,75,93,40,158344
144,50,78,58,5095
87,54,85,88,24235
110,66,55,95,27611
162,56,91,53,1273
55,52,98,78,190092
46,83,93,90,182690
176,43,67,90,6964
29,80,43,57,125351
95,38,78,75,15421
26,45,54,65,143043
40,82,53,86,87007
151,73,49,38,6633
77,56,100,54,35843
81,82,89,88,40546
23,45,50,99,119091
12,40,86,92,97716
33,84,62,94,73353
19,74,96,39,97397
9,100,99,40,147296
25,41,82,99,133550
163,53,40,64,8330
16,96,44,52,264073
100,38,58,98,15217
75,76,61,91,24501
51,50,81,75,62386
176,60,88,40,6996
109,35,53,68,20918
30,73,41,39,125866
69,74,52,51,91334
0,53,39,94,349121
138,38,57,69,35034
166,65,36,44,8428
75,62,42,43,110941
39,43,43,86,95608
10,56,79,61,396960
21,60,99,49,119718
75,50,90,82,40206
91,43,91,60,26924
92,99,78,51,10991
16,71,45,62,259604
65,91,54,54,168768
80,87,51,48,36509
166,38,44,85,8703
157,65,80,58,8898
159,42,54,49,6434
136,62,84,78,5166
150,58,50,90,2045
122,57,53,67,38339
16,93,45,39,230632
71,98,75,91,18858
54,64,68,76,64615
139,63,94,90,9904
141,53,75,91,8165
157,56,71,39,2298
173,57,67,78,8620
99,51,81,73,30368
69,100,100,97,31250
4,44,47,39,297387
76,45,68,68,130625
72,61,64,69,173883
151,74,63,71,9211
1,50,61,67,205719
41,46,36,48,70138
153,56,99,86,8666
165,78,65,91,8573
129,40,49,88,25869
135,62,61,87,1619
97,46,61,65,46480
140,92,56,49,3305
65,41,98,90,23443
167,99,50,58,1087
1,100,85,70,111296
96,100,61,89,14544
116,94,49,41,28220
64,35,96,51,162562
38,77,38,78,154505
104,99,81,44,22780
20,90,45,54,170951
112,62,43,80,16010
53,54,40,85,175703
163,41,90,71,7451
64,71,40,77,70743
55,90,71,60,93332
110,54,53,71,19792
137,42,84,90,2412
53,58,84,40,106618
35,89,42,43,72647
171,49,48,56,6487
100,82,46,56,21566
134,87,38,91,8730
157,35,66,90,2774
43,71,62,37,185237
1,69,55,81,336222
141,42,76,66,1015
164,72,45,35,6440
52,88,61,51,50078
142,36,48,72,33807
164,96,56,46,1714
112,37,53,69,41627
73,44,44,49,185182
135,59,99,94,5157
40,63,37,62,114846
49,66,59,54,82777
45,61,65,52,82018
65,49,79,97,160187
160,69,72,45,5608
55,55,61,35,97628
106,88,83,73,47990
86,100,62,84,40438
159,82,83,59,5475
52,49,64,38,142867
71,48,51,40,124462
11,72,39,47,228411
56,90,63,79,143508
77,85,51,80,15876
172,46,57,73,3647
165,92,77,72,7265
77,99,43,58,46944
63,93,55,59,96176
130,38,88,63,29314
163,40,99,98,5062
175,72,75,96,5060
126,56,49,96,28035
117,65,45,64,24243
150,49,84,72,6607
37,95,57,55,101894
58,39,59,44,104127
95,56,92,65,10417
157,69,99,92,9097
132,41,81,59,49936
20,66,85,42,124661
131,35,95,91,3686
63,81,39,39,103695
35,69,36,49,96558
110,43,56,72,28172
151,50,51,62,1899
84,80,55,39,38396
75,47,91,92,28812
93,49,48,62,23373
18,82,89,91,114731
42,76,55,99,111256
158,68,61,65,8969
44,77,86,38,151506
32,93,42,72,87054
141,80,77,35,4915
100,94,64,51,18118
76,82,72,82,22619
163,46,99,53,1047
27,65,83,45,106571
85,54,53,36,116028
26,59,80,43,132937
89,83,90,46,14028
42,44,60,43,111720
112,95,48,61,32544
11,48,44,77,393229
85,42,70,68,49172
76,60,80,76,22449
94,85,72,56,14507
54,46,95,78,75963
41,79,49,46,121255
35,62,37,88,71156
51,83,77,39,178914
160,80,39,36,3757
121,38,54,35,14454
123,79,86,64,28739
10,71,94,59,90323
150,40,62,98,9407
57,67,60,59,92131
180,66,76,99,179
141,96,70,53,9551
81,93,95,51,40652
84,50,60,35,101612
149,66,41,95,1435
71,47,48,74,170384
19,98,41,57,90048
38,41,52,79,53821
34,94,87,57,199339
98,42,74,100,14171
28,86,53,83,155812
153,93,48,99,3770
35,40,53,77,132115
177,66,86,56,8757
76,61,40,46,174489
11,87,45,83,69759
113,46,37,93,21926
67,43,52,51,103584
146,55,93,88,1276
170,73,37,81,7115
81,64,82,75,22308
157,44,59,76,8186
115,71,59,38,47393
75,51,49,51,143999
156,67,98,69,8758
139,83,87,77,7532
78,92,79,84,25852
98,68,100,60,26512
4,66,36,60,307785
172,93,92,95,568
4,85,77,75,157967
14,75,99,69,149598
81,70,72,54,12890
148,50,37,58,28148
163,99,58,83,9305
77,68,97,92,44170
169,45,37,78,4505
171,63,57,55,7676
151,46,82,73,8011
4,86,76,35,389217
108,90,87,93,11660
73,89,64,55,35884
89,98,57,59,28529
136,42,98,67,3771
49,51,92,50,111902
140,48,52,68,38874
33,74,58,52,99518
144,35,58,61,26205
1,45,39,72,346694
98,59,48,91,29384
21,95,67,87,116717
43,94,42,35,102274
175,97,90,66,3136
167,85,95,77,8405
133,50,76,60,16715
124,77,87,50,35928
75,87,53,59,34339
179,44,55,41,6709
72,67,35,88,55839
122,77,58,60,41485
15,76,35,90,177615
125,52,52,53,33496
141,92,73,51,9579
67,88,73,47,70530
127,72,98,88,4482
53,62,65,95,180773
55,43,71,90,68244
45,53,85,99,118741
43,57,94,53,135694
141,48,85,74,2552
166,36,79,96,3428
122,47,75,90,20644
26,64,65,58,53822
178,68,53,51,2421
155,45,72,83,2845
134,52,67,96,9714
176,92,89,52,7505
49,93,49,38,122895
173,77,97,72,4799
133,64,45,47,17355
144,89,42,36,42146
50,93,56,45,160607
97,69,42,39,33183
70,91,73,67,15341
118,72,96,70,37118
99,74,95,97,24914
108,80,82,46,49951
159,54,64,94,6671
160,60,81,82,3109
143,63,65,96,9155
89,60,52,79,23188
4,41,43,97,226040
58,70,97,47,175130
157,70,38,64,7303
73,79,65,90,19962
41,47,87,88,155323
150,53,73,55,1137
58,75,97,69,82610
33,68,78,40,107108
81,90,59,86,25922
87,82,63,86,41860
67,78,77,75,45841
110,88,50,72,16917
125,51,86,40,23123
124,87,85,70,5482
55,46,57,93,162759
143,84,70,100,9696
92,92,86,68,13114
126,41,57,94,10100
107,52,98,62,32144
161,86,66,77,1531
8,92,75,55,72631
64,78,70,52,80507
103,43,43,92,22876
162,70,96,83,4633
94,87,55,57,26522
119,74,41,86,48063
50,55,41,55,191232
14,73,91,79,134663
28,50,41,94,160555
148,64,36,48,22835
67,71,86,100,16995
5,73,52,65,375549
132,86,96,99,2231
12,70,44,44,208877
26,86,49,69,130225
110,46,75,57,44525
105,62,51,88,34288
70,53,81,64,149432
165,85,66,84,4857
50,99,47,70,189603
111,92,92,35,28892
138,83,61,90,2269
166,95,78,66,1651
47,100,53,88,66931
69,49,40,77,192392
39,47,94,90,142457
53,48,80,37,173497
56,61,87,61,180724
119,40,100,74,42078
73,85,70,64,18033
27,94,85,55,69564
80,75,94,88,12731
95,77,83,37,20720
115,78,73,98,11251
77,78,76,62,45918
49,61,37,95,118821
16,91,79,70,168807
1,82,41,97,268563
53,87,100,72,137197
3,54,92,71,339613
98,47,38,56,35194
74,71,48,44,104814
121,63,91,93,6656
149,35,42,75,39926
65,43,87,62,56022
109,66,35,57,31479
10,89,58,91,91812
93,92,46,39,38097
4,78,39,53,283713
109,68,39,96,32368
137,36,84,40,35119
3,57,39,44,352260
168,92,88,80,1585
52,68,69,62,153827
55,90,69,42,150580
113,67,64,67,42255
61,94,57,90,16570
138,54,95,67,3567
107,95,56,90,11365
47,55,55,95,195783
58,40,59,66,70598
60,69,96,59,146998
88,83,42,77,48182
161,63,77,94,7061
45,100,89,97,20966
30,78,61,55,69186
43,75,80,83,52440
165,36,53,48,6695
53,57,39,62,111559
9,45,58,79,285078
86,42,68,68,31861
49,80,36,76,198654
99,95,42,86,43607
97,55,77,49,17807
115,47,50,72,22930
64,93,81,73,31298
49,35,58,47,75757
85,86,35,63,18537
71,68,96,100,47092
145,96,95,53,3861
65,42,44,58,143594
147,53,93,53,4641
64,71,73,71,86460
151,57,60,35,5998
140,87,95,70,1019
147,98,35,78,1318
32,53,75,87,165510
75,87,72,71,41746
174,40,79,73,7371
82,43,66,57,186102
79,100,41,86,19241
131,86,72,81,7630
121,97,35,93,45737
63,62,78,79,64476
107,36,43,100,23819
23,66,51,87,69411
100,44,61,44,18708
137,44,80,93,4891
7,49,66,77,220793
38,96,81,69,173097
177,47,75,75,9968
38,93,57,59,179178
7,73,67,90,84326
34,47,51,74,199323
141,72,99,69,3100
118,44,35,77,43809
122,74,96,49,31956
59,68,69,95,88550
148,39,52,68,4171
109,61,85,62,44814
82,51,35,61,64394
38,88,88,70,53601
4,80,66,62,222236
121,51,88,48,28087
90,48,36,41,196581
145,42,77,72,1950
177,83,70,64,9591
101,58,87,90,18623
126,55,43,90,39679
42,46,58,78,145464
19,69,69,83,88830
81,89,35,56,48819
116,97,39,81,32967
108,70,49,83,32182
113,50,88,64,36085
110,75,52,97,44204
116,37,44,91,37877
146,48,84,67,9147
39,99,66,66,134499
35,68,67,56,178987
29,97,81,42,143467
84,79,90,89,19536
100,39,89,46,39321
44,100,72,67,95784
46,41,45,46,70165
102,82,59,73,48222
151,55,54,78,7063
5,65,70,71,201313
113,40,94,65,48930
149,63,53,82,2315
18,38,49,97,288965
125,99,38,60,35597
127,99,38,70,25315
81,38,60,86,31434
72,55,96,50,50037
157,60,57,64,6994
66,65,56,56,192199
58,43,54,61,195468
28,86,49,41,118691
111,100,58,100,30472
75,56,77,42,193922
83,65,82,81,49991
133,98,50,63,5819
15,44,57,67,360499
93,43,67,38,32884
167,41,73,96,5074
6,40,36,77,324229
50,86,100,88,37638
6,67,92,68,130970
150,89,59,76,6880
121,43,75,48,36202
136,100,74,58,7522
57,86,90,88,44325
4,98,63,91,192953
15,74,74,63,52278
104,71,70,68,40884
176,63,87,80,4436
169,70,49,61,8941
2,84,91,66,177597
58,50,85,82,54431
39,70,88,62,123601
156,94,92,39,4570
135,36,44,38,10802
176,53,41,64,4350
154,56,47,55,3079
121,81,40,96,27542
138,62,63,74,6402
31,54,78,91,143697
63,78,85,93,32689
146,37,91,82,7131
18,90,99,89,192157
32,63,98,55,100047
69,53,48,83,147254
17,93,92,36,78033
49,37,73,55,165711
136,37,54,78,43392
164,94,39,72,9188
119,90,96,91,6924
16,77,46,38,277554
4,41,89,84,386021
128,86,55,38,20139
94,43,87,82,42217
44,58,90,86,169160
3,67,39,96,388889
130,87,82,55,6940
0,60,61,81,353632
43,91,50,71,83948
147,42,81,75,6691
40,51,71,96,172093
35,98,76,64,161590
5,58,63,50,234888
77,51,90,45,174443
6,63,63,95,353665
157,53,78,90,3155
64,84,84,90,16799
68,99,50,96,24014
107,43,73,86,13019
45,42,64,37,159044
113,64,54,73,31215
110,83,87,47,13147
96,75,75,76,10868
3,79,84,50,350008
55,81,95,80,38369
155,39,72,84,2898
80,53,98,60,42014
60,67,97,44,151672
126,43,64,72,40549
66,91,66,82,10055
175,62,40,81,9128
142,83,95,43,7093
59,72,71,62,99953
68,87,49,71,51699
94,54,54,41,25389
10,68,99,67,171903
147,45,100,56,8992
43,66,56,39,197012
155,48,92,81,6856
18,41,46,45,238478
100,56,65,37,44628
160,54,65,85,7212
81,47,47,45,126740
128,69,39,97,49370
85,40,35,80,55205
28,37,41,40,326633
61,44,65,42,100245
134,53,61,100,5466
176,80,73,70,2081
96,63,43,75,48742
25,97,62,87,147351
74,65,77,50,105781
47,67,52,65,138307
158,45,64,53,5944
25,54,37,56,274593
53,90,97,38,197842
129,82,53,87,6589
5,66,72,39,305714
101,86,69,88,22371
143,48,42,77,36738
34,100,99,63,72635
54,68,90,60,185485
145,42,85,43,7950
169,70,94,58,5653
7,60,69,78,326384
23,91,50,75,67963
133,74,47,86,5853
121,56,41,52,49892
7,84,66,39,349424
1,73,58,47,256405
138,53,78,38,39298
180,62,76,83,4395
15,60,65,89,154838
143,82,92,72,7255
12,88,88,71,131087
150,86,40,46,8469
139,45,44,63,19038
124,99,73,40,31036
179,68,80,91,3671
140,73,52,48,42542
35,58,63,44,98066
87,93,56,36,49959
145,52,87,97,8133
54,36,70,47,75870
51,58,67,74,80436
8,49,97,83,185334
167,65,51,72,2246
174,79,49,79,9255
73,39,87,43,58879
30,77,79,35,177729
153,61,63,80,4295
113,64,60,60,11990
172,99,74,100,397
117,45,88,48,13006
128,61,95,48,20865
28,54,71,75,105249
149,64,89,92,5875
25,52,95,95,95530
164,73,56,44,2343
81,77,89,45,20392
54,100,61,80,170475
171,89,51,74,8984
74,71,87,99,27318
29,77,57,65,169766
108,86,89,40,32544
46,90,81,71,197162
73,62,75,90,27146
70,42,70,67,122000
30,87,85,45,72434
152,86,73,89,6748
3,42,81,94,308983
136,70,72,54,2630
177,36,45,40,5837
89,49,39,80,20052
121,73,90,42,34072
155,89,95,74,8571
75,86,89,61,40105
54,65,98,51,144847
118,63,52,43,22602
4,42,84,96,283848
90,47,75,56,46234
146,86,59,63,5365
58,58,50,84,110903
106,49,70,47,48660
162,77,42,41,3554
75,83,49,96,41378
166,35,51,58,5380
168,96,45,39,6549
18,89,79,94,123819
134,83,75,70,4738
85,81,88,74,16039
164,47,54,60,5567
92,90,74,90,17911
114,95,51,92,10959
126,67,90,76,6294
147,77,50,46,6478
127,51,99,96,6063
58,37,68,49,88976
63,43,86,82,183872
18,90,56,40,342553
1,69,38,93,253773
55,80,65,99,116788
172,77,50,87,2977
36,55,70,90,187762
170,35,81,49,4020
8,43,41,76,374788
5,74,61,72,398471
128,35,48,55,11714
113,89,94,52,17514
75,72,70,42,62134
2,42,64,74,303978
91,37,53,55,133396
107,59,51,55,14545
43,46,88,37,188595
63,87,46,50,52660
58,52,51,37,143860
40,55,95,41,113382
131,57,64,88,6962
24,45,40,66,352187
3,43,77,44,223579
176,81,47,66,8031
52,72,78,88,135456
118,52,48,93,41155
40,40,99,67,106713
177,76,97,74,9330
43,35,58,81,97774
122,97,47,72,30803
152,98,76,80,3565
35,91,52,95,129742
50,76,63,36,166355
7,62,89,38,214487
135,99,65,58,5924
25,97,86,79,105569
121,90,70,72,49753
151,55,79,40,6486
173,88,67,55,7079
148,84,43,95,7775
115,64,84,62,34440
150,89,59,49,1602
2,52,50,58,349069
30,78,55,56,132720
99,95,50,45,43080
163,71,71,46,1555
67,71,57,53,138561
31,74,40,66,175832
43,83,60,86,72871
34,54,77,87,86075
79,53,82,45,160839
105,61,79,95,32145
137,54,93,52,3628
37,53,43,52,92660
124,98,89,37,47963
109,39,85,53,20184
26,59,88,79,154950
11,43,61,88,397733
153,67,62,51,8661
18,74,76,85,92611
45,57,53,91,147466
79,59,65,53,183195
154,68,72,56,1070
165,65,71,93,3335
89,97,51,91,49313
62,82,72,39,109832
100,89,74,37,46544
80,49,72,37,106889
107,51,39,83,12269
44,82,94,44,109896
69,75,57,51,113918
133,35,71,46,12948
2,38,39,57,335203
103,43,54,66,45697
175,71,52,98,9078
20,82,46,48,355160
32,70,99,86,187747
90,45,54,65,38216
92,86,68,78,31358
127,57,59,100,44127
127,56,75,100,9729
107,94,65,67,40065
120,48,58,77,26743
54,91,100,46,150024
98,77,95,63,26181
120,64,72,100,34496
52,99,52,61,77792
126,44,89,45,49227
118,66,60,39,27047
82,36,80,60,39587
26,96,53,62,140986
55,80,48,41,163554
162,65,72,80,4152
54,72,54,71,150991
27,36,90,58,144958
58,65,36,71,157679
70,97,44,85,32905
3,70,65,96,399695
55,43,84,35,146846
134,80,61,52,19879
25,42,74,68,186541
142,46,40,75,15019
152,39,58,63,4228
125,46,42,85,32061
129,82,84,65,3352
84,75,46,37,172946
24,58,74,65,169561
91,98,56,51,14264
51,38,86,52,171045
50,39,89,76,108913
40,37,66,78,121867
64,36,79,42,146313
50,90,58,57,86117
65,47,43,57,132200
104,81,93,86,45112
144,74,62,75,7477
72,40,56,35,52533
88,61,49,78,39598
68,94,78,75,11486
156,48,41,37,40537
180,59,66,89,5367
18,76,36,40,284579
116,60,76,84,19336
62,38,67,92,96133
24,60,67,100,107810
115,57,38,77,31384
97,67,47,41,35524
80,72,69,79,45663
58,84,98,54,56407
38,48,55,71,147992
153,66,37,90,5171
59,50,59,98,160412
175,82,39,95,4251
83,89,38,99,47332
167,45,54,54,4695
161,41,81,82,9220
46,36,38,89,121746
40,84,60,55,142723
46,57,51,65,96919
168,42,57,62,9774
178,87,75,61,6201
174,49,38,70,8173
149,94,60,45,1980
90,84,42,79,38026
70,79,99,50,28861
130,94,77,67,6361
107,49,59,35,14287
15,90,46,42,330119
89,100,75,94,49909
116,92,86,84,9859
97,100,71,98,43231
156,90,41,78,1364
41,52,79,92,167529
120,47,70,100,32510
32,62,80,57,159924
171,73,87,57,5560
150,83,75,85,9603
14,55,40,42,341344
148,43,62,72,9544
152,55,54,50,8425
46,70,71,45,97216
134,75,41,87,3037
74,97,94,75,32874
32,42,35,95,54895
130,78,48,84,14119
180,58,43,78,8719
142,64,76,47,9123
107,55,35,92,48391
143,63,69,91,3415
26,94,92,41,190875
175,74,44,56,1587
62,55,72,83,173982
31,67,64,61,158825
55,97,93,62,155475
148,46,35,87,2750
69,88,62,90,41317
41,95,58,60,112127
167,46,98,43,5317
164,52,74,69,9692
147,95,46,95,8149
119,78,71,73,39366
157,87,76,62,9384
80,49,46,95,21514
165,79,46,84,5319
85,48,57,68,10938
120,69,87,48,23927
66,100,89,76,48997
88,60,61,72,34924
104,53,92,40,35088
107,64,85,97,35956
28,50,80,58,83515
42,70,49,80,99812
128,59,85,52,32678
152,64,80,62,3085
33,92,78,70,80970
66,91,43,36,104925
173,58,75,63,4158
47,60,57,64,195084
55,39,40,99,94826
32,99,48,37,147294
156,88,82,99,9922
130,44,77,90,4900
116,75,47,91,43027
161,52,56,75,9785
149,75,44,96,6910
2,95,78,99,120553
162,62,46,77,2944
28,88,86,35,141442
152,51,41,92,9925
69,63,78,86,33538
179,80,63,94,8121
2,86,71,52,219546
70,81,63,52,184972
125,39,75,59,45648
74,75,85,83,46863
46,39,58,94,94154
74,64,46,49,79325
135,82,47,62,36602
83,83,60,90,40567
167,57,95,49,4579
48,100,84,48,108568
25,37,52,65,260631
33,76,97,66,164558
26,37,35,92,117802
86,54,46,98,30040
161,74,80,64,1942
122,80,56,41,40450
35,43,77,38,123695
81,36,45,64,70651
90,49,74,88,34448
179,62,56,94,7394
8,42,77,87,214846
56,36,45,89,140281
151,44,79,52,7764
82,59,74,97,33742
136,69,62,47,36216
86,55,90,43,30085
45,55,75,97,82796
64,43,43,58,194875
25,50,51,68,111360
150,50,92,48,3641
112,95,89,78,38082
24,59,94,59,88078
51,40,72,48,66731
5,71,41,46,253166
132,60,81,74,2351
0,76,66,92,244831
45,55,48,75,114760
56,82,84,58,93610
155,55,71,50,5732
1,50,49,50,371743
67,92,61,58,162549
170,55,64,75,2015
5,96,71,49,221001
66,96,45,98,10384
71,69,49,43,169499
13,90,40,53,220422
143,94,63,83,7752
95,35,36,80,15372
103,72,61,74,24588
118,98,74,66,43822
78,77,58,37,156465
65,61,45,71,195244
138,69,84,65,9539
76,67,48,70,92988
94,100,37,77,47470
55,62,68,66,174987
143,97,98,62,9642
32,90,87,69,111784
153,72,61,96,4097
61,41,85,51,127321
9,70,71,59,329249
24,35,89,88,61698
174,69,71,45,1384
57,91,63,43,187458
82,56,50,86,18851
19,50,72,70,147762
168,67,79,95,4314
134,92,38,91,2812
53,85,89,73,164968
59,68,80,57,81260
152,59,47,41,1787
133,41,95,76,5740
50,69,91,92,160394
48,72,55,70,109923
172,80,48,53,4397
121,85,37,37,21698
33,92,37,55,68004
2,71,51,56,387657
43,85,42,76,76571
13,51,51,78,304965
25,64,84,57,156180
111,45,51,54,34093
82,65,46,50,119624
59,43,84,43,117404
173,99,69,58,9026
26,71,61,98,107505
20,98,69,51,69960
86,65,78,46,13293
23,46,56,90,56504
82,64,67,82,36731
120,73,75,80,45768
50,41,81,71,176680
174,62,78,76,6166
83,78,38,51,199513
157,85,54,57,1314
67,45,100,54,106096
1,73,47,47,380484
161,72,86,94,1970
54,92,74,52,133150
55,69,44,41,109303
55,35,51,56,153806
117,57,78,55,30860
82,89,84,52,29704
98,61,69,67,11048
83,94,54,55,31285
55,88,68,44,182752
82,94,68,81,27134
57,36,90,70,147621
133,61,63,97,2064
169,97,96,68,9856
91,72,80,47,26806
98,88,87,85,48428
85,96,39,85,12364
37,44,99,42,134821
114,92,64,52,24405
117,46,100,90,47763
142,71,67,64,7951
141,77,71,62,4600
17,60,74,96,196942
14,83,74,92,154621
44,77,60,60,152492
43,97,38,40,165887
4,89,63,53,339719
134,47,92,76,2889
146,39,39,47,12552
167,92,86,72,3238
165,95,46,76,4540
3,35,76,58,323379
20,71,52,78,105298
156,36,83,75,9759
173,57,82,73,7186
101,76,66,54,36247
87,41,96,97,34081
168,89,84,58,5103
136,43,53,88,30594
61,50,99,81,197795
177,62,62,46,7885
136,38,82,80,9867
91,76,50,48,31891
163,73,98,94,7697
7,75,61,79,363735
21,58,45,87,69483
10,86,67,41,392777
124,79,82,37,32757
0,70,46,65,224025
108,73,39,99,15481
148,42,54,69,8473
44,79,81,62,198762
93,88,71,69,22434
180,75,96,38,5470
74,79,62,84,10166
130,68,59,79,16210
80,51,52,88,38310
16,84,93,49,160378
180,91,53,59,6065
60,89,100,83,11133
17,86,68,55,149090
137,68,86,98,7560
97,50,98,61,17590
160,38,45,56,1589
166,36,45,90,1236
50,90,80,62,174119
92,58,73,37,18293
25,49,52,37,326462
144,88,38,90,9732
122,84,97,46,17341
143,64,79,77,4525
120,79,91,63,44950
28,93,43,84,93028
20,80,51,53,95400
96,63,87,82,19053
6,68,63,75,273976
136,83,84,39,1164
78,67,49,56,63888
51,83,68,71,195097
16,86,94,91,85027
52,80,91,88,147638
10,58,43,44,261974
61,36,60,87,97358
39,88,78,49,115425
70,52,63,73,116613
56,47,57,40,94621
141,49,98,55,3163
14,52,87,93,199351
28,88,96,87,185003
49,35,50,39,180191
5,63,76,54,312564
132,75,88,37,22773
152,51,69,59,9180
51,53,46,61,109724
119,53,44,52,23823
7,87,82,70,147659
106,91,81,60,19741
135,81,67,43,26037
47,40,52,97,180551
37,59,45,63,194282
132,97,43,57,45043
123,74,78,43,36554
129,99,66,55,9213
121,100,92,77,7826
43,89,44,42,165830
161,90,60,63,1638
126,53,42,46,31585
140,100,53,48,3271
151,68,48,35,8270
144,58,51,72,7026
153,47,77,91,5020
146,53,71,47,3308
80,88,69,98,23062
149,39,42,63,49003
85,58,58,36,90231
147,85,54,53,6466
80,57,45,70,71076
123,95,93,80,4967
111,65,96,35,32503
161,87,60,79,3290
36,82,41,44,112219
93,44,99,55,28560
115,50,51,47,16168
56,64,40,51,160933
87,78,90,69,22128
63,52,57,57,131196
73,50,44,52,159310
23,56,74,44,177196
152,98,38,52,6325
17,53,43,68,246473
36,46,66,63,154005
0,53,44,35,330141
107,70,99,91,19334
141,68,87,39,3669
157,75,52,78,2418
88,71,44,50,13871
131,35,86,85,32343
31,89,86,82,66180
158,71,80,76,9639
47,67,82,36,152788
141,69,48,53,21636
81,36,46,86,105421
162,90,66,67,3191
86,64,80,99,37080
96,38,41,88,33238
89,58,68,96,35543
56,65,45,64,106797
138,86,96,62,7857
14,66,51,81,292616
120,92,59,47,49268
11,79,69,41,363301
118,79,96,83,1753
126,39,81,55,26974
154,39,57,80,6416
54,82,73,51,138589
14,76,76,53,168449
107,72,57,44,43325
103,48,43,56,44648
110,51,84,68,38327
80,48,43,59,196933
64,38,52,50,134932
3,96,57,85,82619
102,61,46,54,40380
44,71,74,53,122309
145,40,49,84,2471
97,67,61,93,20128
116,74,50,55,48954
166,88,80,80,9663
9,88,68,66,174998
27,59,68,61,95372
56,42,77,48,146513
167,58,35,62,6530
9,93,93,74,180681
108,45,35,100,37278
12,60,68,35,287556
168,75,87,53,5555
56,36,44,61,181900
36,77,95,40,138406
35,94,95,45,169822
21,37,87,72,192766
127,85,85,43,45309
127,87,49,56,21939
96,82,41,36,27221
89,83,92,91,47635
45,96,47,53,179697
44,83,78,42,50786
74,43,93,78,34915
110,72,95,35,13100
30,54,94,51,64714
124,58,92,89,4602
120,75,80,85,16137
2,97,72,51,333497
67,97,43,64,162579
23,90,89,54,143745
94,66,41,70,15380
126,100,43,60,39136
29,39,77,54,84545
111,42,94,54,42679
103,50,55,92,27493
84,55,78,39,42412
120,73,40,40,49066
14,43,53,76,208536
33,63,93,57,116287
14,84,88,47,107125
68,79,62,97,19928
138,59,71,52,39622
139,36,35,51,16308
35,63,78,85,145149
109,82,56,59,49752
80,51,58,37,75852
172,36,44,47,3238
12,61,35,77,203965
96,81,52,50,20188
128,95,85,93,1933
7,82,53,89,198180
101,53,49,65,34418
98,94,76,85,19809
30,80,59,50,151435
113,49,66,52,23780
105,82,95,85,47756
174,91,64,82,1676
82,40,60,63,102839
17,100,64,46,75796
38,100,42,83,71936
5,93,44,95,114623
21,67,97,43,119844
66,45,79,95,85280
61,79,96,73,19418
75,38,55,72,110801
162,69,48,88,9488
86,59,55,84,18255
116,46,65,65,33170
33,81,55,55,149072
28,64,86,36,118153
129,67,73,54,23735
40,54,48,95,120186
121,98,44,37,25227
119,67,67,86,39327
83,78,94,94,27305
166,86,93,73,4785
101,62,75,74,34067
142,55,85,94,4529
10,68,79,55,329410
41,84,46,92,78869
112,66,35,77,24563
4,69,90,54,268253
128,85,96,88,3041
49,92,49,100,54360
167,66,39,69,9750
135,53,82,77,4150
131,56,41,46,16652
130,47,43,64,36794
69,46,91,81,38367
143,92,48,40,6575
83,60,42,40,92600
154,86,63,83,1148
100,97,35,43,31150
108,41,65,43,13071
177,39,73,67,4230
130,37,35,47,33624
132,41,81,41,31953
58,35,100,64,185416
167,59,71,39,4067
4,73,93,74,85920
125,88,97,79,4268
118,61,73,80,24840
65,95,77,39,103628
0,67,52,68,204847
150,92,45,75,8921
161,89,94,49,8963
27,49,44,62,341963
63,79,50,64,186866
66,52,45,70,181625
66,42,100,99,29785
80,37,90,98,14163
18,49,64,69,217966
86,84,91,58,47878
63,59,93,52,196929
157,94,62,55,2877
50,94,75,52,132864
29,43,81,97,199695
57,71,89,68,135480
98,99,67,71,13355
13,67,54,46,374631
132,73,98,43,5765
133,94,37,47,37197
8,40,66,65,393778
50,69,55,83,127633
85,64,50,89,48460
42,53,46,80,186161
146,61,57,100,5928
175,63,35,36,7672
139,76,88,90,2720
44,44,86,65,170049
48,73,90,42,161724
179,94,76,49,2511
50,70,69,73,119293
151,50,100,67,1147
56,76,56,90,101186
25,60,49,41,284478
157,54,41,71,2217
4,43,75,85,268282
3,72,40,56,396849
58,58,68,61,75652
153,70,39,90,8656
106,72,58,64,14170
93,68,77,97,41872
104,80,77,92,40497
176,81,91,92,372
18,74,62,70,126129
150,54,36,49,45083
92,81,70,62,42521
136,50,50,63,35924
150,87,62,97,4299
72,82,51,37,146705
80,88,55,88,31359
165,38,37,75,5440
67,51,37,51,138579
69,63,70,95,29443
174,39,99,56,9152
23,92,79,95,99011
66,56,45,69,96523
75,98,95,43,33259
79,66,73,45,45084
35,94,43,78,57045
82,58,69,71,20669
169,64,57,46,7980
102,58,41,84,18964
38,92,86,35,97878
161,35,75,64,8852
130,91,49,76,4451
2,37,62,63,306873
84,65,65,80,36567
108,37,97,86,24638
150,73,46,75,8501
171,52,97,99,1223
61,70,63,86,60554
169,58,57,73,8151
159,49,44,67,2558
115,46,64,45,20025
48,54,97,49,155104
19,41,73,71,138770
117,81,87,37,18456
153,81,48,84,3758
76,71,63,67,31268
111,84,80,74,29110
151,84,81,81,4041
147,84,51,47,2280
7,52,35,54,348836
166,39,60,95,5021
85,95,40,91,37719
175,41,60,75,2963
17,58,35,39,274272
119,83,67,57,14061
66,92,53,64,110071
173,76,51,72,8597
109,78,99,50,35930
130,66,37,79,12321
165,97,90,43,3325
105,96,54,98,17556
130,54,39,85,26845
109,77,55,69,44035
90,84,88,54,33764
173,53,37,82,3273
2,92,71,87,128435
16,95,52,59,80061
32,65,42,88,70399
19,78,77,93,64873
111,63,58,94,40346
70,40,83,58,76225
102,44,63,85,10109
99,45,50,73,38776
160,86,48,49,6048
42,56,85,36,62523
27,80,77,74,194801
64,77,61,87,164043
144,98,94,50,7732
171,98,64,90,6023
97,46,58,67,45137
163,87,40,75,4993
96,100,48,71,49760
122,92,53,53,16253
170,41,47,73,7432
65,53,76,96,81271
67,50,61,83,189025
64,91,99,78,29466
150,93,90,41,4747
58,82,87,83,45755
128,86,56,97,9286
77,79,67,75,10961
14,42,75,47,289946
155,37,78,61,3739
124,90,41,64,47793
121,77,80,38,29577
87,80,63,52,44982
144,73,87,37,7862
113,60,70,46,28075
81,37,60,61,131598
143,91,80,53,9166
114,93,67,99,5668
65,81,91,66,37480
78,90,83,85,39737
166,43,81,65,8414
143,92,52,44,9072
125,83,55,53,46554
134,38,80,51,21291
27,38,38,45,339968
48,70,92,48,143262
2,65,84,89,176522
26,59,40,44,291902
25,40,55,56,214254
72,74,81,72,35804
51,46,58,58,138004
124,43,69,53,36075
128,83,92,74,5325
124,96,55,41,49155
20,41,50,88,388362
51,48,36,54,61843
101,76,62,55,42124
139,89,37,53,31632
96,35,38,38,137951
80,75,68,35,55063
13,73,81,74,140019
168,93,50,69,2948
59,65,51,60,146884
144,94,52,87,2211
173,88,97,60,2826
162,39,85,66,4700
37,59,59,74,129301
29,85,58,42,147799
158,79,97,36,4861
162,73,91,99,9665
86,51,93,63,18618
98,43,44,92,28895
78,54,88,53,46586
35,87,92,71,90221
81,63,94,70,46066
53,67,84,59,58600
165,59,83,97,1568
73,37,61,64,119346
127,52,92,61,19276
62,92,51,38,166537
10,52,51,48,294525
141,68,94,100,4042
15,70,62,46,310492
72,86,38,86,47655
94,40,69,47,31544
92,64,56,62,33886
5,74,98,76,158143
13,93,88,64,71959
22,71,79,58,86053
0,38,51,77,352785
98,54,67,91,34600
51,92,91,100,19541
34,100,42,80,97846
105,98,64,63,26301
178,71,53,38,4893
51,72,35,68,91506
108,45,52,78,10728
42,69,48,83,126610
86,44,94,66,17393
56,63,58,61,194591
14,62,35,35,349861
147,62,36,83,4396
115,96,41,42,13760
111,74,59,98,19069
150,93,59,35,2184
96,48,35,87,22027
54,58,46,47,150118
161,61,93,99,9134
178,85,80,84,539
62,78,43,71,102437
49,71,61,63,161198
60,91,52,46,135954
31,100,44,91,197042
138,85,75,71,6726
26,66,66,37,124495
76,37,39,39,136694
46,87,85,66,129183
25,93,66,62,165411
15,43,83,65,289539
20,77,100,72,91438
72,63,73,42,93390
87,86,73,91,16914
145,70,56,100,8213
134,80,55,74,7235
161,90,91,66,2619
115,81,63,66,12500
132,70,89,81,5926
51,58,64,72,142236
51,72,73,86,108978
19,85,99,80,152417
51,63,65,35,87509
16,43,99,49,226000
55,84,99,61,57474
69,54,95,65,43017
145,52,69,72,3690
28,73,86,73,119945
121,90,92,38,23368
122,94,99,49,9201
19,74,85,47,126920
9,62,63,99,157222
163,59,93,85,9571
80,37,97,59,20779
44,70,70,51,172563
26,54,97,50,135855
16,68,52,83,110746
11,71,51,78,245793
57,37,35,81,188232
120,78,91,47,25335
3,44,100,43,218137
61,41,50,96,178293
153,45,67,85,6101
69,87,53,58,191975
162,41,35,86,5549
11,62,72,60,225458
145,91,91,84,4081
46,50,94,77,123414
76,88,93,78,28991
52,69,63,86,163273
33,51,83,47,175399
47,55,58,72,165203
5,68,80,57,333040
145,72,66,97,6781
124,69,96,45,20779
59,81,73,95,38998
130,58,41,85,25892
16,90,38,97,122857
0,69,43,73,303363
60,42,66,80,129241
18,87,52,96,119373
89,64,78,81,17062
61,95,88,43,161710
95,75,50,44,35797
100,69,76,36,23822
18,60,69,92,115725
129,52,64,55,30983
140,61,100,63,2749
57,65,82,35,132667
2,37,87,74,306135
177,68,37,68,2562
25,76,77,96,91331
76,76,90,60,49042
107,65,50,54,14139
15,93,66,77,51394
22,79,92,38,76484
166,37,98,57,9190
12,84,90,97,51456
40,93,50,63,175416
19,89,52,40,229544
91,92,80,50,38427
18,42,94,98,96568
144,98,50,84,1382
59,52,53,98,184841
99,43,81,90,13717
119,46,80,64,28800
43,43,74,56,169038
173,61,44,98,4916
75,90,81,46,45611
58,96,70,49,198232
125,58,68,81,18565
8,63,82,62,334370
48,57,63,45,128526
37,55,65,89,145159
45,40,60,70,54158
67,36,89,47,122821
71,74,90,97,15272
7,66,79,60,381388
127,77,48,91,36507
164,67,53,54,7450
178,60,96,67,8942
179,39,86,70,2587
144,36,93,52,8184
62,98,41,73,56692
37,82,49,51,164327
121,74,67,92,38708
152,48,79,62,2061
157,58,36,50,6088
54,79,93,72,159003
138,48,66,35,18734
50,71,83,98,184805
143,46,48,59,23769
54,80,75,71,135574
71,81,46,66,134626
157,60,58,84,8965
73,71,65,59,131286
140,45,55,78,30355
128,87,78,54,9911
32,35,47,50,300051
48,96,38,56,151302
77,62,41,65,192667
17,62,79,68,160777
93,91,73,74,23862
100,50,69,74,33940
139,82,99,86,3613
47,72,90,68,161446
100,44,88,95,46437
135,80,44,64,36381
123,95,44,39,35509
93,45,94,79,11262
176,78,86,71,2721
76,78,97,72,23857
132,40,83,100,7948
149,38,49,80,5094
95,65,83,58,26688
57,63,74,75,170655
28,57,99,83,112406
124,51,41,54,30110
129,82,89,84,8930
67,61,83,37,135760
180,41,74,68,4385
146,82,92,40,8032
96,85,70,54,43129
165,59,63,81,8737
2,65,46,82,305549
13,53,51,71,385199
148,65,46,93,4766
41,44,57,72,59609
17,38,63,58,307517
119,71,86,53,46420
131,64,61,68,20926
142,55,64,39,16925
151,70,49,83,5086
120,58,41,93,47408
72,83,92,98,27052
106,38,83,77,46854
18,88,77,41,133689
11,49,79,77,267416
72,35,94,47,151972
89,50,35,83,27889
142,37,48,54,41218
97,70,92,91,14165
32,98,63,55,112254
24,86,49,42,115997
19,67,70,72,191873
105,41,58,91,26207
168,69,57,56,4918
120,59,54,39,16236
3,59,71,59,326663
97,53,81,81,27503
163,69,66,88,7108
69,84,90,59,37925
57,50,41,95,150400
104,68,62,48,41631
138,41,36,78,24408
34,43,69,82,173788
99,37,81,52,21904
0,68,77,80,373283
127,65,74,87,2256
16,58,66,57,279567
155,90,49,38,7298
167,82,59,76,8612
128,62,46,37,33787
20,61,59,63,78634
173,77,90,35,8025
14,88,81,89,133261
171,96,73,71,5507
169,87,71,98,2773
85,45,97,55,44986
156,79,41,82,6835
170,75,79,60,2174
39,56,88,80,127913
44,39,64,36,119412
150,53,40,66,5097
122,45,55,64,10825
171,46,84,58,1702
62,53,43,91,196038
5,96,75,83,169623
83,56,81,63,46951
118,50,67,51,38896
122,77,59,61,49760
55,65,92,88,142973
117,56,100,99,7104
49,44,100,57,192384
5,55,41,60,378043
164,94,38,57,9646
167,90,38,71,2589
163,39,89,88,9117
92,45,47,63,27581
125,61,73,85,29858
4,100,57,72,92586
25,42,74,59,51735
148,64,52,96,7362
8,92,75,74,168217
61,79,48,52,160922
168,63,92,53,2852
77,71,90,58,30881
104,99,58,54,31452
13,86,48,98,116009
25,78,87,39,58964
17,96,85,59,197836
57,92,83,76,32319
56,64,52,93,138719
10,83,97,43,133515
72,82,84,97,27440
112,37,99,70,42791
92,68,39,94,41457
170,46,96,74,8869
144,69,74,61,1266
113,98,49,99,32766
27,76,52,46,130611
162,46,99,89,4774
111,59,61,47,39543
20,41,39,43,296513
16,75,37,60,374920
37,52,72,54,124971
155,84,59,57,3336
178,58,74,38,9556
78,80,82,40,14068
53,49,49,61,170647
109,73,76,90,10367
22,39,79,92,148422
177,51,63,67,1280
143,95,64,79,7308
64,49,81,37,62797
53,65,83,43,189418
175,65,98,99,577
173,76,94,67,9730
68,84,70,100,36089
178,53,83,93,4670
65,80,38,35,139132
18,91,91,97,89944
88,89,71,48,17243
175,44,62,44,3796
58,95,74,41,130788
134,94,35,98,7560
24,78,58,42,192109
77,43,35,54,55179
127,90,37,77,23792
88,74,90,61,30369
32,83,63,95,157849
39,92,54,88,59738
162,94,69,61,1781
148,90,75,61,2793
169,87,54,83,5857
151,48,85,61,4243
86,56,79,81,34971
103,38,55,78,32613
164,76,72,50,1213
126,44,68,76,19890
96,39,72,45,25673
124,87,65,71,16538
176,75,50,41,7304
44,73,69,80,53266
159,65,75,76,8641
92,79,97,67,40543
136,49,98,43,21185
149,86,35,74,6574
87,69,73,43,17970
35,75,56,56,96537
7,60,87,92,185821
173,97,43,71,7726
178,53,51,79,1948
168,82,91,84,8493
155,93,40,90,8921
104,56,42,36,47950
19,44,64,66,274179
158,89,56,74,7472
174,94,59,53,2122
18,72,69,37,357847
88,95,37,40,39503
32,76,61,65,181722
46,44,100,96,78134
52,38,56,52,141339
34,65,87,37,100531
42,68,59,41,93852
62,67,56,69,186146
116,35,94,98,36349
175,83,93,41,9411
50,81,77,69,76046
34,37,81,93,152102
37,60,58,75,87714
112,87,99,45,41475
97,70,40,41,24428
39,46,64,99,134366
128,87,89,56,6743
88,90,40,37,20925
173,40,43,82,9587
67,35,75,61,125691
111,55,74,66,35848
76,85,35,88,27303
76,82,99,38,49013
97,84,68,80,32472
103,37,64,98,15947
20,90,74,94,68219
149,48,36,77,7566
68,52,36,66,136943
64,94,79,50,114855
159,99,91,69,7248
64,82,73,38,178795
128,96,72,85,7449
19,50,55,87,198665
113,96,51,70,15680
65,39,93,75,115337
161,55,93,60,9763
88,95,60,75,43751
58,61,82,85,106148
36,51,74,84,65007
142,63,41,97,2497
98,60,100,96,40768
155,98,89,68,7398
55,56,58,38,101552
95,50,60,96,39686
139,93,48,53,9751
145,68,66,91,2760
71,59,80,67,167443
45,97,88,45,181760
148,55,85,92,1096
144,78,51,55,8887
17,92,75,45,101179
75,95,67,45,26704
150,36,62,97,6909
92,86,39,73,33202
51,48,93,48,134890
145,74,37,85,2595
134,58,99,38,20991
126,84,94,67,5501
111,98,99,63,27932
77,94,45,49,198825
42,80,52,99,142545
122,37,73,98,32991
115,68,63,54,24174
121,50,68,57,29944
170,70,45,36,9155
85,81,47,76,20426
173,36,49,100,7861
93,56,47,71,20264
168,98,49,58,8922
128,72,40,44,15320
54,80,36,60,87798
177,77,36,60,7674
133,77,75,77,8843
126,70,48,89,22228
63,66,84,75,86410
54,65,61,46,57444
110,84,42,72,12834
162,66,76,95,1319
71,99,73,62,31390
44,86,81,70,79594
11,89,45,73,210240
50,44,79,84,180339
117,64,72,60,12163
75,61,75,51,135192
119,92,67,45,21257
164,84,93,82,4200
42,43,81,64,169411
159,79,90,66,2286
137,60,75,89,6118
77,58,43,73,157993
76,97,42,84,25014
26,78,76,37,183491
40,87,60,61,161605
132,67,87,59,4881
178,82,81,82,8653
66,83,56,100,25183
51,99,42,98,70463
155,42,82,79,1598
10,45,74,67,354791
4,65,98,80,176789
155,52,56,85,1131
78,58,50,76,116926
151,94,85,90,4919
157,35,37,40,31307
156,84,94,37,9318
116,35,69,97,35846
40,98,64,77,129040
73,36,66,92,167968
39,85,91,70,135859
101,41,82,91,48148
83,53,85,76,21696
29,98,91,62,68550
115,84,45,53,19990
16,46,54,95,109142
113,62,84,89,33747
165,43,70,97,6856
125,77,70,62,42119
80,40,77,44,78818
103,100,91,77,25445
126,78,55,65,29761
14,48,54,80,226197
48,77,99,84,120849
51,43,92,56,79694
17,74,88,51,191415
4,36,48,48,307829
24,44,69,100,58630
140,61,50,85,6333
133,59,87,93,2218
98,74,70,100,26517
57,90,72,89,24513
128,54,82,91,5259
169,68,86,80,8565
80,80,59,83,36949
107,95,49,97,35204
87,79,87,81,15598
161,74,93,75,6640
94,94,69,45,45744
14,98,82,83,67319
138,95,53,65,1925
146,92,55,78,1746
4,88,65,82,171369
70,71,57,86,33639
51,62,100,70,166837
81,88,43,59,48241
35,48,44,43,306344
120,37,37,44,12995
152,57,45,56,8476
26,81,47,64,182794
0,70,46,54,250551
129,95,66,65,3019
147,90,58,76,3434
67,45,55,73,109069
21,52,50,66,235892
48,85,46,89,129366
133,60,62,43,20728
149,91,80,37,5369
68,72,56,68,174301
155,74,85,100,2119
78,83,82,55,43891
120,75,97,35,45990
24,56,73,99,147938
7,44,47,53,330048
164,87,84,73,5137
103,83,60,70,11050
91,86,83,57,17157
168,88,77,84,2395
72,52,61,81,159534
26,49,88,52,162128
123,46,61,80,45014
145,68,51,70,5708
53,36,72,77,77042
138,61,76,87,8566
